station_id,departures,arrivals,total_activity,net_arrivals,absolute_net_flow,departure_share,station_name,address,latitude,longitude
43,5836,5941,11777,105,105,0.49554215844442556,39 - Plaza de la Cebada,'Plaza de la Cebada nº 16 ',40.4112744,-3.7088337
57,5534,5492,11026,-42,42,0.5019045891529113,53 - Plaza de Lavapiés,'Calle Valencia nº 1',40.4083061,-3.7007111
220,4155,4451,8606,296,296,0.48280269579363233,212 - Marqués de Vadillo,'Glorieta Marqués de Vadillo nº 9',40.398247,-3.716591
175,4198,4316,8514,118,118,0.4930702372562838,167 - Segovia 45,'Calle Segovia nº 45',40.413736,-3.717487
49,4010,4061,8071,51,51,0.49684054020567464,45 - Puerta de Toledo,'Glorieta de la Puerta de Toledo nº 1',40.4070358,-3.7110513
45,3668,3747,7415,79,79,0.49467296021577883,41 - Antón Martín,'Calle Atocha nº 54',40.4122047,-3.6991147
41,3588,3683,7271,95,95,0.49346719845963416,37 - Plaza de San Francisco,'Plaza de San Francisco nº 5',40.4108,-3.714113
208,3573,3644,7217,71,71,0.49508105861161145,200 - Quevedo,'Glorieta de Quevedo nº 5',40.4336944,-3.7046666
59,3425,3417,6842,-8,8,0.5005846243788366,55 - Plaza de San Ildefonso,'Plaza de San Ildefonso',40.4239757,-3.7020842
62,3397,3437,6834,40,40,0.4970734562481709,58 - Augusto Figueroa,'Calle Augusto Figueroa nº 33',40.4222862,-3.697895
254,3407,3356,6763,-51,51,0.5037705160431761,246 - Santa Engracia 87,'Calle Santa Engracia nº 87',40.43604,-3.69928
129,3266,3380,6646,114,114,0.4914234125789949,121 - Santa María de la Cabeza,'Paseo de Santa María de la Cabeza nº 58',40.4017926,-3.6987665
244,3225,3346,6571,121,121,0.49079287779637804,236 - Paseo Imperial,'Paseo Imperial nº 20',40.40765396169372,-3.7172213778842007
64,3260,3275,6535,15,15,0.49885233358837033,60 - Plaza de la Independencia,'Plaza de la Independencia nº 6',40.419752,-3.688398
149,3336,3122,6458,-214,214,0.516568597088882,132 - Glorieta de los Cuatro Caminos,'Calle Santa Engracia nº 168',40.4463667,-3.7036675
90,3235,3155,6390,-80,80,0.5062597809076682,85 - Puerta de Madrid,'Avenida de Menéndez Pelayo esquina calle O'Donnell',40.421501,-3.680008
13,3131,3105,6236,-26,26,0.5020846696600385,12 - San Hermenegildo,'Calle San Bernardo nº 85',40.4284246,-3.7061931
79,2981,3143,6124,162,162,0.48677335075114303,75 - Menéndez Pelayo,'Avenida de Menéndez Pelayo con calle Poeta Esteban Villegas',40.4082805,-3.6784838
132,2757,3313,6070,556,556,0.45420098846787477,161 - Paseo de la Florida,'Paseo de la Florida nº 8',40.4219665,-3.7224983
42,2981,3052,6033,71,71,0.49411569699983426,38 - Plaza de los Carros,'Carrera de San Francisco nº 1',40.4114041,-3.7114762
30,3000,3016,6016,16,16,0.49867021276595747,26 - Plaza de las Salesas,'Plaza de las Salesas 7',40.423855,-3.694475
58,3014,2965,5979,-49,49,0.5040976751965212,54 - Barceló,'Calle Barceló nº 7',40.4266828,-3.700423
224,2778,3191,5969,413,413,0.46540459038364884,216 - Puerta del Ángel,'Plaza Puerta del Ángel nº 4',40.413764,-3.728318
163,2977,2987,5964,10,10,0.49916163648558015,126 - General Álvarez de Castro,'Calle del General Álvarez de Castro nº 1',40.4344731,-3.7015686
157,2986,2971,5957,-15,15,0.5012590229981534,130 - Santa Engracia 127,'Calle Santa Engracia nº 127',40.44156,-3.70164
204,2983,2969,5952,-14,14,0.5011760752688172,196 - Prosperidad,'Calle Suero de Quiñones nº 2',40.4441388,-3.6751388
9,2958,2920,5878,-38,38,0.5032323919700579,8 - Alonso Martínez,'Plaza de Alonso Martínez nº 5',40.4278682,-3.6954403
189,2987,2883,5870,-104,104,0.5088586030664395,181 - Retiro-Ibiza,'Calle Ibiza nº 18',40.41825,-3.6766111
168,2898,2962,5860,64,64,0.4945392491467577,127 - Fernando el Católico,'Calle Fernando el Católico nº 19',40.4338516,-3.708439
124,2882,2925,5807,43,43,0.4962975718959876,116b - Plaza de España B,'Calle Princesa nº 5',40.423681,-3.710537
170,2893,2905,5798,12,12,0.498965160400138,144 - Juan Bravo 50,'Calle Juan Bravo nº 50',40.4323655,-3.6758555
253,2892,2850,5742,-42,42,0.5036572622779519,245 - Galileo,'Calle Galileo nº 63',40.4364,-3.71019
135,2812,2898,5710,86,86,0.4924693520140105,165 - Entrada Matadero,'Paseo de la Chopera nº 14',40.3928821,-3.6975708
235,2806,2861,5667,55,55,0.49514734427386625,228 - San Delfín,'Calle San Delfín nº 9',40.39440607959559,-3.708042972844556
46,2806,2858,5664,52,52,0.495409604519774,42 - Santa Isabel,'Calle Atocha nº 95',40.4107085,-3.6982318
19,2798,2851,5649,53,53,0.49530890423083734,18 - Plaza de Pedro Zerolo,'Plaza de Pedro Zerolo nº 1',40.4207773,-3.6996502
48,2746,2786,5532,40,40,0.49638467100506145,44 - Plaza de Nelson Mandela,'Calle Mesón de Paredes nº 35',40.4097617,-3.7040666
78,2755,2745,5500,-10,10,0.5009090909090909,74 - Puerta del Pacífico,'Avenida de Menéndez Pelayo nº 73',40.4117627,-3.6766813
83,2682,2761,5443,79,79,0.4927429726253904,79 - Puerta de Granada,'Avenida de Menéndez Pelayo nº 38',40.4051451,-3.6803874
164,2712,2650,5362,-62,62,0.505781424841477,125 - General Martínez Campos,'Calle Fernández de la Hoz nº 29',40.435285,-3.6948626
169,2682,2657,5339,-25,25,0.5023412624086908,124 - Manuel Silvela,'Calle Manuel Silvela nº 20',40.4309524,-3.6993465
52,2645,2659,5304,14,14,0.49868024132730016,48 - Embajadores 2,'Glorieta de Embajadores nº 2',40.4056107,-3.7022591
51,2573,2607,5180,34,34,0.49671814671814674,47 - Embajadores 1,'Glorieta de Embajadores nº 6',40.4047851,-3.7028265
56,2565,2584,5149,19,19,0.4981549815498155,52 - Plaza de Santa Ana,'Plaza de Santa Ana nº 10',40.4144226,-3.7007164
80,2532,2611,5143,79,79,0.4923196577872837,76 - Puerta de Mariano de Cavia,'Avenida del Mediterráneo nº 19',40.4071304,-3.6751352
38,2532,2591,5123,59,59,0.4942416552801093,34 - Jacinto Benavente,'Plaza de Jacinto Benavente',40.4146755,-3.7036825
145,2572,2545,5117,-27,27,0.5026382646081688,151 - Orense 12,'Calle Orense nº 12',40.4489101,-3.6952943
183,2524,2557,5081,33,33,0.49675260775437907,175 - Jaime el Conquistador,'Calle Jaime el Conquistador nº 30',40.3962222,-3.6983055
232,2402,2563,4965,161,161,0.4837865055387714,224 - Caramuel,'Calle Caramuel nº 51',40.40913630273305,-3.728533714316331
133,2409,2542,4951,133,133,0.4865683700262573,162 - Metro Pirámides,'Paseo de los Olmos nº 28',40.4034076,-3.7108108
123,2426,2516,4942,90,90,0.490894374747066,116a - Plaza de España A,'Calle Princesa nº 5',40.423668,-3.713053
231,2392,2542,4934,150,150,0.4847993514389947,223 - Ermita Santo,'Paseo de la Ermita del Santo nº 48',40.406837862773465,-3.7244893989507686
84,2394,2502,4896,108,108,0.4889705882352941,80a - Atocha A,'Paseo de la Infanta Isabel nº 3',40.4075685,-3.6902255
210,2362,2524,4886,162,162,0.4834220221039705,202 - Parque Santander,'Calle Santander esquina con Avenida de Filipinas',40.4411388,-3.7080833
207,2443,2442,4885,-1,1,0.5001023541453429,199 - Fernando el Católico,'Calle Fernando el Católico nº 61',40.4343611,-3.7149166
131,2421,2429,4850,8,8,0.49917525773195875,123 - Guzmán el Bueno,'Calle Guzmán el Bueno nº 1',40.4306458,-3.7133412
181,2420,2428,4848,8,8,0.4991749174917492,173 - Puente Praga,'Paseo de la Esperanza nº 59',40.3981798,-3.7023918
186,2361,2465,4826,104,104,0.4892250310816411,178 - Junta Municipal Retiro,'Calle León Gil de Palacio nº 3',40.4029202,-3.6788343
230,2359,2467,4826,108,108,0.4888106092001658,222 - Antonio López,'Calle Eugenio Caxes frente al nº 12',40.3917871,-3.7026789
179,2315,2369,4684,54,54,0.4942356959863365,171 - Embajadores-Cáceres,'Calle Embajadores nº 101',40.39975,-3.6983888
213,2276,2320,4596,44,44,0.49521322889469105,205 - Estrecho,'Calle Navarra nº 1',40.4535,-3.7032777
65,2304,2287,4591,-17,17,0.5018514484861686,61 - Narváez,'Calle O'Donnell nº 28',40.4213983,-3.6752045
103,2302,2259,4561,-43,43,0.5047138785354089,98 - Plaza de Felipe II,'Plaza de Felipe II',40.4239447,-3.6758383
53,2232,2308,4540,76,76,0.49162995594713654,49 - Casa Encendida,'Ronda de Atocha nº 34',40.4060941,-3.6992759
128,2239,2259,4498,20,20,0.4977767896843041,120 - Palos de la Frontera,'Calle Palos de la Frontera nº 27',40.4032208,-3.6944768
33,2220,2253,4473,33,33,0.49631120053655264,29 - Marqués de Cubas,'Calle del Marqués de Cubas nº 25',40.4162619,-3.6957355
178,2204,2241,4445,37,37,0.4958380202474691,170 - Paseo de la Esperanza,'Paseo de la Esperanza nº 21',40.401,-3.7043611
95,2267,2171,4438,-96,96,0.5108156827399729,90 - General Pardiñas,'Calle Goya nº 18',40.4250361,-3.6837876
50,2179,2237,4416,58,58,0.49343297101449274,46 - Ribera de Curtidores,'Calle Ribera de Curtidores nº 28',40.4053153,-3.7071259
134,2139,2184,4323,45,45,0.49479528105482307,163 - Paseo de la Esperanza,'Paseo de la Esperanza nº 2',40.4035988,-3.7064516
212,2161,2150,4311,-11,11,0.5012758060774762,204 - Cuatro Caminos 2,'Calle Doctor Santero nº 1',40.4476666,-3.7041666
161,2225,2079,4304,-146,146,0.5169609665427509,129 - José Abascal,'Calle José Abascal nº 33',40.4383865,-3.6982353
177,2111,2185,4296,74,74,0.49138733705772814,169 - Pirámides,'Calle Toledo nº 181',40.4016111,-3.7138055
206,2181,2103,4284,-78,78,0.5091036414565826,198 - Rubén Darío,'Glorieta Rubén Darío 2',40.4331111,-3.6915555
55,2163,2085,4248,-78,78,0.509180790960452,51 - Ronda de Atocha,'Ronda de Atocha nº 2',40.4075606,-3.6935205
77,2120,2117,4237,-3,3,0.500354024073637,73 - Plaza de los Astros,'Avenida de Nazaret nº 7',40.4114475,-3.6689089
187,2017,2187,4204,170,170,0.4797811607992388,179 - Puente de Vallecas,'Avenida de la Albufera nº 6',40.3979722,-3.66925
7,2088,2095,4183,7,7,0.49916327994262494,6 - Colegio Arquitectos,'Calle Hortaleza nº 63',40.424148,-3.698447
63,2104,2071,4175,-33,33,0.5039520958083832,59 - Plaza de Juan Pujol,'Calle Espíritu Santo nº 30',40.4255495,-3.7043418
160,2094,2080,4174,-14,14,0.5016770483948251,128 - Cea Bermúdez,'Calle Cea Bermúdez nº 59',40.438994,-3.7154329
75,2057,2092,4149,35,35,0.49578211617257173,71 - Doce de Octubre,'Calle Doce de Octubre nº 28',40.4159569,-3.6738865
241,2045,2069,4114,24,24,0.49708313077297034,233 - Marqués de Corbera 12,'Avenida Marqués de Corbera nº 12',40.422962108947424,-3.6555552857442697
236,2012,2100,4112,88,88,0.4892996108949416,227 - Concordia,'Calle Arroyo del Olivar nº 6',40.39382977920336,-3.665936242935637
221,1951,2132,4083,181,181,0.47783492530002447,213 - Glorieta de Cádiz,'Calle Antonio López nº 129',40.38895,-3.70017
26,2010,2057,4067,47,47,0.494221785099582,23 - Santo Domingo,'Plaza de Santo Domingo nº 1',40.4202834,-3.7081246
136,2027,2029,4056,2,2,0.4997534516765286,164 - Paseo de las Delicias,'Paseo de las Delicias nº 92',40.3972616,-3.6945025
6,2055,1992,4047,-63,63,0.507783543365456,5 - Fuencarral,'Calle Fuencarral nº 108',40.42852,-3.70205
247,2055,1940,3995,-115,115,0.5143929912390488,239 - Francos Rodríguez,'Calle Francos Rodríguez nº 62',40.45673408797698,-3.708002730875242
74,2022,1950,3972,-72,72,0.5090634441087614,70 - Puerta del Doce de Octubre,'Avenida de Menéndez Pelayo nº 63',40.4153053,-3.6779232
182,1945,2026,3971,81,81,0.4898010576680937,174 - Madrid Río-Yeserías,'Paseo de Yeserías nº 45',40.3974444,-3.7065277
180,1965,1974,3939,9,9,0.49885757806549885,172 - Delicias,'Calle Bustamante nº 1',40.4008888,-3.6935833
17,1961,1970,3931,9,9,0.4988552531162554,16 - San Bernardo,'Calle San Bernardo nº 22',40.4230721,-3.7075065
44,1929,1988,3917,59,59,0.4924687260658667,40 - Conde de Romanones,'Plaza del Conde de Romanones nº 9',40.4138846,-3.7049407
108,1911,2006,3917,95,95,0.48787337247893797,103 - Ortega y Gasset,'Calle José Ortega y Gasset nº 4',40.43037,-3.68653
184,1952,1962,3914,10,10,0.4987225344915687,176 - Beata,'Calle Alicante nº 3',40.39425,-3.6937222
8,1940,1945,3885,5,5,0.49935649935649934,7 - Hortaleza,'Calle Hortaleza nº 75',40.4251906,-3.6977715
73,1884,1988,3872,104,104,0.4865702479338843,69 - Puerta del Ángel Caído,'Avenida de Alfonso XII nº 54',40.409808,-3.688822
12,1943,1919,3862,-24,24,0.5031071983428276,11 - San Andrés,'Calle San Andrés nº 18',40.4269483,-3.7035918
76,1888,1933,3821,45,45,0.49411148913896885,72 - Sainz de Baranda,'Calle Doctor Esquerdo nº 99',40.4157413,-3.6691838
18,1891,1923,3814,32,32,0.49580492920818037,17 - Carlos Cambronero,'Plaza de Carlos Cambronero nº 2',40.4232649,-3.7038312
14,1903,1904,3807,1,1,0.4998686629892304,13 - Conde Duque,'Calle Conde Duque nº 22',40.4273264,-3.7104417
130,1898,1901,3799,3,3,0.49960515925243487,122 - Santa Engracia 14,'Calle Santa Engracia nº 14',40.4291992,-3.6967169
270,1908,1886,3794,-22,22,0.5028993147074328,247 - Zurbano,'Calle Zurbano nº 90',40.43837,-3.69281
66,1928,1862,3790,-66,66,0.5087071240105541,62 - O'Donnell,'Calle O'Donnell nº 50',40.4213148,-3.6724968
126,1874,1883,3757,9,9,0.4988022358264573,118 - Juan Martín,'Calle Juan Martín el Empecinado nº 16',40.400781,-3.6882407
125,1855,1867,3722,12,12,0.4983879634605051,117 - Altamirano,'Calle Altamirano nº 24',40.4309797,-3.7188898
71,1853,1866,3719,13,13,0.498252218338263,67 - Almadén,'Calle Almadén nº 28',40.4108472,-3.693225
47,1848,1861,3709,13,13,0.4982475060663252,43 - Jesús y María,'Calle Lavapiés nº 34',40.4101564,-3.7025024
67,1872,1834,3706,-38,38,0.5051268213707502,63 - Ibiza,'Calle Ibiza nº 62',40.4179237,-3.6708959
219,1821,1863,3684,42,42,0.494299674267101,211 - Desengaño,'Calle Desengaño nº 1',40.42059,-3.70239
139,1874,1788,3662,-86,86,0.5117422173675588,155 - San Germán 57,'Calle San Germán nº 57',40.4572824,-3.7009675
153,1886,1745,3631,-141,141,0.519416138804737,134 - Agustín de Betancourt,'Calle María de Guzmán nº 58',40.4440297,-3.6956047
54,1811,1786,3597,-25,25,0.5034751181540172,50 - Museo Reina Sofía,'Calle Santa Isabel nº 57',40.4083684,-3.6933463
197,1779,1808,3587,29,29,0.4959576247560636,189 - Avenida Donostiarra,'Calle Virgen de la Alegría nº 18',40.4351256,-3.6554918
172,1789,1781,3570,-8,8,0.5011204481792717,160 - Colombia,'Calle Colombia nº 7',40.4572466,-3.6763439
3,1763,1803,3566,40,40,0.49439147504206393,2 - Miguel Moya,'Calle Miguel Moya nº 1',40.4205886,-3.7058415
202,1788,1746,3534,-42,42,0.5059422750424448,194 - Avenida de América 2,'Calle Francisco Silvela nº 86',40.43725,-3.6772222
115,1741,1763,3504,22,22,0.4968607305936073,109 - Marqués de Salamanca,'Calle José Ortega y Gasset nº 30',40.4300481,-3.6816402
82,1668,1830,3498,162,162,0.47684391080617494,78 - Pedro Bosch,'Calle Cerro de la Plata nº 2',40.400789,-3.6744
116,1722,1770,3492,48,48,0.49312714776632305,110 - Moncloa,'Paseo de Moret nº 2',40.4347895,-3.7200845
91,1792,1698,3490,-94,94,0.5134670487106017,86 - Cibeles,'Plaza Cibeles',40.4186516,-3.6933498
32,1771,1713,3484,-58,58,0.5083237657864523,28 - Sevilla,'Calle Alcalá nº 27',40.4181518,-3.6984368
192,1737,1724,3461,-13,13,0.5018780699219879,184 - Marqués de Zafra,'Paseo Marqués de Zafra nº 24',40.426,-3.6653055
156,1812,1642,3454,-170,170,0.5246091488129705,131 - Bravo Murillo 44,'Calle Bravo Murillo nº 44',40.4418402,-3.7040344
92,1737,1717,3454,-20,20,0.5028951939779965,87 - Ayala,'Calle Ayala nº 44',40.427736,-3.6832566
10,1734,1676,3410,-58,58,0.5085043988269795,9 - Plaza de San Miguel,'Plaza de San Miguel nº 9',40.4156057,-3.7095084
102,1771,1637,3408,-134,134,0.5196596244131455,97 - Alcalá,'Avenida de Menéndez Pelayo nº 3',40.4222969,-3.6805189
176,1673,1714,3387,41,41,0.4939474461175081,168 - Batalla del Salado,'Paseo Santa María de la Cabeza nº 29',40.4044722,-3.6959166
86,1696,1691,3387,-5,5,0.5007381163271332,81 - Cuesta de Moyano,'Cuesta de Claudio Moyano',40.409297,-3.691987
34,1725,1648,3373,-77,77,0.5114141713608064,30 - San Quintín,'Calle Pavía nº 6',40.4192095,-3.711504
200,1756,1611,3367,-145,145,0.5215325215325215,192 - Avenida de los Toreros,'Avenida de los Toreros nº 3',40.4318611,-3.6714166
162,1731,1623,3354,-108,108,0.5161001788908766,140 - Velázquez 130,'Calle Velázquez nº 130',40.4385127,-3.6831578
104,1685,1653,3338,-32,32,0.5047932893948472,99 - Alcántara,'Calle Alcántara nº 2',40.4261851,-3.6738714
141,1752,1573,3325,-179,179,0.5269172932330827,154 - Orense 36,'Calle Orense nº 36',40.4548456,-3.6946218
99,1694,1629,3323,-65,65,0.5097803189888654,94 - Biblioteca Nacional,'Paseo de Recoletos nº 20',40.4232153,-3.690756
243,1576,1708,3284,132,132,0.47990255785627284,235 - Embajadores 191,'Calle Sodio nº 1B',40.38925864357911,-3.690358964335348
190,1648,1623,3271,-25,25,0.5038214613268114,182 - Parque Roma,'Calle Alcalde Sáinz de Baranda frente al nº 107',40.4186666,-3.6657777
251,1665,1595,3260,-70,70,0.5107361963190185,243 - Cartagena,'Calle Cartagena nº 34',40.43503,-3.67012
4,1636,1624,3260,-12,12,0.501840490797546,3 - Plaza Conde Suchil,'Plaza del Conde del Valle de Súchil nº 3',40.4302937,-3.7069171
154,1649,1599,3248,-50,50,0.5076970443349754,138 - Paseo de la Castellana con Raimundo Fernández,'Paseo de la Castellana esquina calle Raimundo Fernández Villaverde',40.4457414,-3.6917932
259,1611,1617,3228,6,6,0.49907063197026025,251 - Corazón de María,'Calle Santa Hortensia nº 31',40.44421,-3.66683
113,1603,1572,3175,-31,31,0.5048818897637796,107 - Columela,'Calle Serrano nº 8',40.4215246,-3.6884369
21,1606,1560,3166,-46,46,0.50726468730259,20a - Banco de España A,'Calle Alcalá nº 49',40.4192342,-3.6954615
171,1604,1553,3157,-51,51,0.5080772885650935,145 - Ortega y Gasset 87,'Calle Ortega y Gasset nº 87',40.429887,-3.6712823
199,1570,1584,3154,14,14,0.49778059606848446,191 - Diego de león,'Calle Alonso Heredia nº 1',40.4346388,-3.674
27,1634,1519,3153,-115,115,0.5182366000634316,24 - Palacio de Oriente,'Calle Carlos III nº 1',40.417908,-3.710692
81,1530,1613,3143,83,83,0.4867960547247852,77 - Conde de Casal,'Plaza del Conde de Casal nº 8',40.40635,-3.670422
5,1558,1560,3118,2,2,0.4996792815907633,4 - Malasaña,'Calle Manuela Malasaña nº 5',40.4285524,-3.7025875
87,1535,1579,3114,44,44,0.4929351316634554,82 - Niño Jesús,'Calle Doctor Esquerdo nº 161',40.4084556,-3.6697526
39,1550,1557,3107,7,7,0.49887351142581265,35 - Plaza del Cordón,'Plaza del Cordón',40.4141931,-3.7103285
114,1559,1530,3089,-29,29,0.5046940757526708,108 - Mártires Concepcionistas,'Calle Mártires Concepcionistas nº 2',40.4273005,-3.6706024
166,1543,1539,3082,-4,4,0.5006489292667099,143 - Diego de León 52,'Calle Diego de León nº 52',40.4345973,-3.678492
94,1553,1520,3073,-33,33,0.505369345916043,89 - Conde Peñalver,'Calle Ayala nº 102',40.4272582,-3.6752024
69,1521,1514,3035,-7,7,0.5011532125205931,65 - Antonio Maura,'Calle Antonio Maura nº 15',40.4166834,-3.6894193
185,1474,1558,3032,84,84,0.4861477572559367,177 - Legazpi,'Calle Bolívar nº 3',40.3914722,-3.6941944
214,1542,1489,3031,-53,53,0.5087429891125042,206 - Metro Tetuán,'Calle Marqués de Viana nº 3',40.4607502,-3.6989925
106,1490,1539,3029,49,49,0.49191152195444043,101 - Jorge Juan,'Calle Jorge Juan nº 131',40.4231526,-3.6691524
31,1511,1515,3026,4,4,0.4993390614672835,27 - Huertas,'Calle Jesús nº 1',40.4132798,-3.6956178
226,1432,1572,3004,140,140,0.4766977363515313,218 - Camino Vinateros,'Calle Camino de los Vinateros nº 28',40.41053,-3.65779
198,1550,1451,3001,-99,99,0.5164945018327224,190 - Velázquez-Diego de León,'Calle Velázquez nº 91',40.4343333,-3.6835833
121,1468,1512,2980,44,44,0.49261744966442955,114 - Quintana,'Calle Quintana nº 11',40.4277456,-3.7174158
25,1467,1507,2974,40,40,0.4932750504371217,22 - Jacometrezo,'Calle Jacometrezo nº 3',40.4200783,-3.7065376
240,1498,1471,2969,-27,27,0.504546985517009,232 - José María Pereda,'Calle José María de Pereda nº 1',40.43272086245887,-3.6485306152875143
252,1450,1499,2949,49,49,0.4916920990166158,244 - Hospital Clínico,'Calle Isaac Peral nº 44',40.44003,-3.71757
209,1480,1435,2915,-45,45,0.5077186963979416,201 - Canal,'Calle José Abascal frente al nº 2',40.4386944,-3.7038333
110,1517,1382,2899,-135,135,0.5232838909968954,105 - Serrano,'Calle Serrano nº 54',40.42699,-3.68745
40,1452,1433,2885,-19,19,0.5032928942807625,36 - Plaza Ramales,'Plaza de Ramales',40.4168,-3.71183
194,1437,1435,2872,-2,2,0.5003481894150418,186 - General Pardiñas,'Calle General Pardiñas nº 56',40.4290555,-3.6782777
155,1447,1421,2868,-26,26,0.5045327754532776,146 - María Francisca 1,'Calle María Francisca nº 1',40.4442258,-3.6787169
264,1406,1421,2827,15,15,0.497347010965688,256 - Reina Victoria,'Calle Beatriz de Bobadilla frente al nº 2',40.44635,-3.71383
148,1416,1340,2756,-76,76,0.5137880986937591,147 - Doctor Arce 45,'Avenida del Doctor Arce nº 45',40.4483269,-3.6797296
227,1310,1420,2730,110,110,0.47985347985347987,219 - Marroquina,'Calle Camino de los Vinateros nº 108',40.408264,-3.646697
246,1404,1289,2693,-115,115,0.5213516524322317,238 - San Germán 5,'Calle San Germán nº 5',40.45619382579544,-3.69293767517953
1,1325,1265,2590,-60,60,0.5115830115830116,1a - Puerta del Sol A,'Puerta del Sol nº 1',40.4172137,-3.7018341
127,1262,1259,2521,-3,3,0.50059500198334,119 - Méndez Álvaro,'Calle Méndez Álvaro nº 11',40.4013216,-3.6863218
249,1282,1239,2521,-43,43,0.5085283617612059,241 - Camilo José Cela,'Avenida de Camilo José Cela nº 23',40.4378,-3.66779
167,1299,1218,2517,-81,81,0.5160905840286055,142 - Castellana 42,'Paseo de la Castellana nº 42',40.4334087,-3.6879154
215,1264,1245,2509,-19,19,0.5037863690713431,207 - Remonta,'Calle Azucenas nº 1',40.4630277,-3.6973333
201,1331,1158,2489,-173,173,0.5347529128163921,193 - Ventas,'Avenida de los Toreros nº 49',40.4324722,-3.6655555
138,1253,1226,2479,-27,27,0.5054457442517144,158 - Alberto Alcocer,'Avenida de Alberto Alcocer nº 22',40.4585318,-3.684715
15,1219,1159,2378,-60,60,0.5126156433978133,14 - Ventura Rodríguez,'Calle Duque de Liria',40.4260957,-3.713479
11,1205,1145,2350,-60,60,0.5127659574468085,10 - Marqués de la Ensenada,'Calle Marqués de la Ensenada nº 16',40.42533,-3.69214
36,1121,1228,2349,107,107,0.4772243507875692,32 - Plaza de la Provincia,'Plaza de la Provincia nº 1',40.4150099,-3.7061032
140,1231,1110,2341,-121,121,0.5258436565570269,156 - Sor Ángela de la Cruz,'Calle Sor Ángela de la Cruz nº 2',40.4592351,-3.691533
242,1135,1198,2333,63,63,0.48649807115302185,234 - Marqués de Corbera 52,'Avenida Marqués de Corbera nº 52',40.42620714320088,-3.651034981803642
109,1200,1125,2325,-75,75,0.5161290322580645,104 - Castellana,'Paseo de la Castellana nº 4',40.42677,-3.68958
223,1131,1181,2312,50,50,0.48918685121107264,215 - Gutierre de Cetina,'Calle Gutierre de Cetina nº 77',40.429706,-3.640994
72,1118,1155,2273,37,37,0.49186097668279805,68 - Espalter,'Calle Espalter nº 1',40.4128372,-3.6912023
216,1192,1062,2254,-130,130,0.5288376220053239,208 - Plaza de Castilla,'Paseo de la Castellana nº 216',40.4663611,-3.6886388
146,1146,1106,2252,-40,40,0.5088809946714032,149 - Paseo de la Habana 42,'Paseo de la Habana nº 42',40.4498613,-3.6881689
158,1156,1085,2241,-71,71,0.5158411423471665,135 - Plaza de San Juan de la Cruz,'Plaza de San Juan de la Cruz nº 11',40.4415974,-3.6927821
234,1099,1140,2239,41,41,0.49084412684234036,226 - Sierra Toledana,'Camino de Valderribas nº 94',40.39901531507069,-3.6607768678037744
93,1135,1075,2210,-60,60,0.5135746606334841,88 - Embajada de Italia,'Calle Velázquez nº 75',40.4313576,-3.6838303
122,1105,1099,2204,-6,6,0.5013611615245009,115 - Ferraz,'Calle Evaristo San Miguel nº 2',40.4253944,-3.7170448
265,1072,1120,2192,48,48,0.48905109489051096,257 - INEF,'Avenida Juan de Herrera frente a la calle Paul Guinard',40.43896,-3.72997
35,1110,1080,2190,-30,30,0.5068493150684932,31 - Calle Mayor,'Calle Mayor nº 20',40.4163638,-3.7068969
205,1118,1072,2190,-46,46,0.5105022831050229,197 - Parque Berlín,'Avenida de Concha Espina nº 34',40.4515833,-3.6780555
96,1079,1073,2152,-6,6,0.5013940520446096,91 - Príncipe de Vergara,'Calle Hermosilla nº 70',40.426134,-3.6787441
147,1064,1081,2145,17,17,0.496037296037296,150 - Castellana frente a Hermanos Pinzón,'Paseo de la Castellana nº 122',40.4488924,-3.6905604
203,1097,1038,2135,-59,59,0.5138173302107728,195 - Avenida de América 1,'Calle Padre Indalecio Hernández nº 1',40.4392222,-3.6754444
196,1084,1049,2133,-35,35,0.5082044069385842,188 - Puente de Ventas,'Avenida de Daroca nº 2',40.4311944,-3.6590555
16,1091,1039,2130,-52,52,0.5122065727699531,15 - San Vicente Ferrer,'Calle San Vicente Ferrer nº 64',40.4262383,-3.7074453
100,1083,1042,2125,-41,41,0.5096470588235295,95 - Villanueva,'Calle Claudio Coello nº 109',40.4226584,-3.6870548
151,1079,1016,2095,-63,63,0.515035799522673,136 - Castellana 106,'Paseo de la Castellana nº 106',40.4453307,-3.690861
256,1069,992,2061,-77,77,0.5186802523047065,248 - Torre Cepsa,'Calle Sinesio Delgado nº 2',40.47435,-3.68797
188,979,1051,2030,72,72,0.48226600985221674,180 - Méndez Álvaro,'Calle Retama nº 5',40.3941388,-3.6758888
150,1070,957,2027,-113,113,0.5278737049827331,133 - Raimundo Fernández,'Calle Raimundo Fernández Villaverde nº 33',40.447125,-3.7001669
97,1023,993,2016,-30,30,0.5074404761904762,92 - Claudio Coello,'Calle Claudio Coello nº 45',40.4262945,-3.6865463
193,1071,945,2016,-126,126,0.53125,185 - Quinta Fuente del Berro,'Calle Sancho Dávila esquina Paseo Marqués de Zafra',40.4250833,-3.6615277
85,944,1053,1997,109,109,0.4727090635953931,80b - Atocha B,'Paseo de la Infanta Isabel nº 3',40.4074902,-3.6901234
195,1006,989,1995,-17,17,0.5042606516290726,187 - Alcalá-Ventas,'Calle Alejandro González nº 1',40.4301666,-3.6638888
119,985,984,1969,-1,1,0.500253936008126,112 - Paseo de Moret,'Paseo de Moret nº 11',40.4325991,-3.7246532
159,1014,943,1957,-71,71,0.5181400102197241,139 - José Gutiérrez Abascal,'Calle José Gutiérrez Abascal nº 2',40.4396792,-3.6907784
105,1000,955,1955,-45,45,0.5115089514066496,100 - Palacio de Deportes,'Calle Goya nº 99',40.42478,-3.67384
37,983,962,1945,-21,21,0.5053984575835475,33 - Carretas,'Calle Carretas nº 8',40.4165039,-3.7030833
237,961,976,1937,15,15,0.49612803304078473,229 - C.D. Concepción,'Calle Jose del Hierro nº 5',40.43715089959262,-3.64835857929032
218,984,951,1935,-33,33,0.5085271317829457,210 - Tres Cruces,'Calle Tres Cruces nº 7',40.419674,-3.7026735
174,965,929,1894,-36,36,0.5095036958817318,166 - Segovia 26,'Calle Segovia nº 26',40.4138333,-3.7135833
217,910,944,1854,34,34,0.49083063646170444,209 - Plaza de Castilla 2,'Paseo Castellana (Fundación Canal)',40.4656779,-3.6887722
222,957,891,1848,-66,66,0.5178571428571429,214 - Condesa de Venadito,'Calle Condesa de Venadito nº 2',40.44315,-3.65741
88,958,884,1842,-74,74,0.5200868621064061,83 - Pío Baroja,'Calle Pío Baroja nº 10',40.4132995,-3.6745323
120,955,883,1838,-72,72,0.5195865070729053,113 - Pintor Rosales,'Paseo del Pintor Rosales frente al nº 38',40.427657,-3.7205129
101,978,858,1836,-120,120,0.5326797385620915,96 - Castelló,'Calle Alcalá nº 111',40.422064,-3.6821793
2,941,890,1831,-51,51,0.5139268159475696,1b - Puerta del Sol B,'Puerta del Sol nº 1',40.41731271011562,-3.701602938060457
107,907,886,1793,-21,21,0.5058561070831009,102 - Velázquez,'Calle Alcalá nº 95',40.4211802,-3.6840229
211,854,911,1765,57,57,0.4838526912181303,203 - San Francisco de Sales,'Calle General Ampudia nº 2',40.44175,-3.7144722
165,888,856,1744,-32,32,0.5091743119266054,141 - Paseo de la Castellana - Glorieta de Emilio Castelar,'Paseo de la Castellana nº 43',40.4355143,-3.6892368
112,926,800,1726,-126,126,0.5365005793742758,106b - Colón B,'Calle Serrano nº 34',40.424963,-3.687745
118,833,859,1692,26,26,0.4923167848699764,111b - Arcipreste de Hita B,'Calle Arcipreste de Hita nº 12',40.4341006,-3.7179687
262,838,833,1671,-5,5,0.5014961101137043,254 - Pío XII,'Avenida Pío XII nº 3',40.46041,-3.67712
260,863,793,1656,-70,70,0.5211352657004831,252 - Chamartín,'Calle Rodríguez Jaén nº 40',40.4716,-3.68391
233,786,851,1637,65,65,0.48014660965180206,225 - Doctor Lozano,'Calle Sierra Toledana nº 33',40.40248333540473,-3.660188083470652
111,858,774,1632,-84,84,0.5257352941176471,106a - Colón A,'Calle Serrano nº 34',40.4251002,-3.6877227
228,810,809,1619,-1,1,0.5003088326127239,220 - Plaza del Encuentro,'Calle Arroyo de las Pilillas nº 6',40.40617,-3.65122
152,806,714,1520,-92,92,0.5302631578947369,137 - Plaza de la República Argentina,'Plaza de la República Argentina nº 6',40.445411,-3.6853312
191,752,746,1498,-6,6,0.5020026702269693,183 - Doctor Esquerdo-Hermosilla,'Calle Hermosilla nº 135',40.425635,-3.669339
98,770,719,1489,-51,51,0.5171255876427132,93 - Plaza de Colón,'Calle Goya nº 1',40.4257046,-3.6893698
269,726,756,1482,30,30,0.4898785425101215,261 - Facultad Derecho,'Avenida Complutense nº 23',40.45109,-3.72937
261,775,693,1468,-82,82,0.5279291553133515,253 - Doctor Fleming,'Calle Doctor Fleming nº 7',40.45546,-3.68844
61,740,699,1439,-41,41,0.5142460041695622,57 - Santa Cruz del Marcenado,'Calle Santa Cruz del Marcenado nº 24',40.4295658,-3.7126299
60,717,709,1426,-8,8,0.5028050490883591,56 - Plaza del Carmen,'Plaza del Carmen nº 1',40.4184192,-3.7032414
238,688,701,1389,13,13,0.4953203743700504,230 - Carlota O’Neill,'Calle Carlota O'Neill nº 32',40.44370542379883,-3.648958444298144
250,705,679,1384,-26,26,0.509393063583815,242 - Avenida Bruselas,'Avenida Bruselas nº 56',40.43865,-3.66301
268,664,667,1331,3,3,0.4988730277986476,260 - Facultad Biología,'Calle José Antonio Novais frente al nº 12',40.4483322,-3.7272945
239,630,631,1261,1,1,0.49960348929421095,231 - Derechos Humanos,'Calle Derechos Humanos nº 12',40.43965673033275,-3.6557656204708775
173,578,565,1143,-13,13,0.5056867891513561,159 - Paseo de la Habana 63,'Paseo de la Habana nº 63',40.4543852,-3.6835926
263,589,545,1134,-44,44,0.5194003527336861,255 - López Pozas,'Calle General López Pozas nº 2',40.46361,-3.68514
89,515,566,1081,51,51,0.47641073080481033,84 - Valderribas,'Calle Doctor Esquerdo nº 191',40.4032501,-3.6726019
258,554,485,1039,-69,69,0.5332050048123196,250 - Serrano 113,'Calle Serrano nº 113B',40.44106,-3.68609
29,548,486,1034,-62,62,0.5299806576402321,25b - Plaza de Celenque B,'Plaza de Celenque nº 1',40.4172781,-3.7063837
144,545,483,1028,-62,62,0.5301556420233463,148 - Serrano 210,'Calle Serrano nº 210',40.4510188,-3.6817962
117,504,514,1018,10,10,0.4950884086444008,111a - Arcipreste de Hita A,'Calle Arcipreste de Hita nº 12',40.4337322,-3.7175435
248,490,498,988,8,8,0.4959514170040486,240 - Avenida Brasilia,'Avenida de Brasilia frente al nº 9',40.43666,-3.66096
257,445,432,877,-13,13,0.507411630558723,249 - Manuel Caldeiro,'Paseo de la Castellana nº 298',40.47938,-3.68532
267,448,413,861,-35,35,0.5203252032520326,259 - Ciudad Universitaria 2,'Avenida de la Complutense (Metro Ciudad Universitaria)',40.44342,-3.72693
225,437,413,850,-24,24,0.5141176470588236,217 - Pedro Rico,'Calle Pedro Rico nº 4',40.481086,-3.688463
266,412,376,788,-36,36,0.5228426395939086,258 - Ciudad Universitaria 1,'Avenida de la Complutense (Metro Ciudad Universitaria)',40.44375,-3.72699
137,377,359,736,-18,18,0.5122282608695652,157 - Castellana 164,'Paseo de la Castellana nº 164',40.4591366,-3.6894151
28,358,309,667,-49,49,0.5367316341829086,25a - Plaza de Celenque A,'Plaza de Celenque nº 1',40.4173703,-3.7057791
229,313,307,620,-6,6,0.5048387096774194,221 - Pavones,'Calle Hacienda de Pavones nº 342',40.400368,-3.634587
889,3,4,7,1,1,0.42857142857142855,889 - 889 - Virtual PBSC pruebas - Cerro de la Plata,,40.399978,-3.67531
