station_id,rows,errors,support_empty,false_negatives_empty,support_full,false_negatives_full,false_positives_empty,false_positives_full,error_rate,recall_empty,recall_full,critical_support,critical_false_negatives,critical_false_negative_rate,station_number,station_name,address,latitude,longitude,capacity,enough_support_empty,enough_support_full
58,1436,183,275,79,22,15,68,21,0.12743732590529247,0.7127272727272727,0.31818181818181823,297,94,0.3164983164983165,54,Barceló,Calle Barceló nº 7,40.4266828,-3.700423,21,True,True
254,1436,181,211,93,1,1,85,2,0.12604456824512536,0.5592417061611374,0.0,212,94,0.44339622641509435,246,Santa Engracia 87,Calle Santa Engracia nº 87,40.43604,-3.69928,24,True,False
49,1436,167,123,76,40,17,51,23,0.11629526462395544,0.38211382113821135,0.575,163,93,0.5705521472392638,45,Puerta de Toledo,Glorieta de la Puerta de Toledo nº 1,40.4070358,-3.7110513,21,True,True
165,1436,197,465,65,82,27,82,23,0.1371866295264624,0.8602150537634409,0.6707317073170731,547,92,0.16819012797074953,141,Paseo de la Castellana - Glorieta de Emilio Castelar,Paseo de la Castellana nº 43,40.4355143,-3.6892368,12,True,True
57,1436,159,126,69,26,15,60,15,0.1107242339832869,0.45238095238095233,0.42307692307692313,152,84,0.5526315789473685,53,Plaza de Lavapiés,Calle Valencia nº 1,40.4083061,-3.7007111,24,True,True
63,1436,193,252,80,6,2,104,7,0.13440111420612813,0.6825396825396826,0.6666666666666667,258,82,0.3178294573643411,59,Plaza de Juan Pujol,Calle Espíritu Santo nº 30,40.4255495,-3.7043418,21,True,False
99,1436,161,346,73,14,8,72,8,0.11211699164345404,0.7890173410404624,0.4285714285714286,360,81,0.225,94,Biblioteca Nacional,Paseo de Recoletos nº 20,40.4232153,-3.690756,21,True,False
164,1436,167,346,76,4,3,83,5,0.11629526462395544,0.7803468208092486,0.25,350,79,0.2257142857142857,125,General Martínez Campos ,Calle Fernández de la Hoz nº 29,40.435285,-3.6948626,24,True,False
7,1436,156,318,79,0,0,77,0,0.10863509749303621,0.7515723270440251,,318,79,0.24842767295597484,6,Colegio Arquitectos,Calle Hortaleza nº 63,40.424148,-3.698447,24,True,False
157,1436,152,171,74,8,5,68,5,0.10584958217270195,0.5672514619883041,0.375,179,79,0.441340782122905,130,Santa Engracia 127,Calle Santa Engracia nº 127,40.44156,-3.70164,20,True,False
27,1436,161,233,78,0,0,83,0,0.11211699164345404,0.6652360515021459,,233,78,0.33476394849785407,24,Palacio de Oriente,Calle Carlos III nº 1,40.417908,-3.710692,24,True,False
6,1436,157,242,77,1,1,78,1,0.10933147632311978,0.6818181818181819,0.0,243,78,0.32098765432098764,5,Fuencarral,Calle Fuencarral nº 108,40.42852,-3.70205,27,True,False
64,1436,156,199,57,42,20,51,28,0.10863509749303621,0.7135678391959799,0.5238095238095238,241,77,0.31950207468879666,60,Plaza de la Independencia,Plaza de la Independencia nº 6,40.419752,-3.688398,24,True,True
145,1436,156,186,62,22,15,65,14,0.10863509749303621,0.6666666666666667,0.31818181818181823,208,77,0.3701923076923077,151,Orense 12,Calle Orense nº 12,40.4489101,-3.6952943,24,True,True
161,1436,152,240,77,0,0,75,0,0.10584958217270195,0.6791666666666667,,240,77,0.32083333333333336,129,José Abascal,Calle José Abascal nº 33,40.4383865,-3.6982353,24,True,False
163,1436,152,176,75,3,1,75,1,0.10584958217270195,0.5738636363636364,0.6666666666666667,179,76,0.4245810055865922,126,General Álvarez de Castro,Calle del General Álvarez de Castro nº 1,40.4344731,-3.7015686,24,True,False
13,1436,133,147,73,4,3,54,3,0.09261838440111421,0.5034013605442177,0.25,151,76,0.5033112582781457,12,San Hermenegildo,Calle San Bernardo nº 85,40.4284246,-3.7061931,24,True,False
5,1436,153,286,74,1,1,77,1,0.10654596100278552,0.7412587412587412,0.0,287,75,0.2613240418118467,4,Malasaña,Calle Manuela Malasaña nº 5,40.4285524,-3.7025875,24,True,False
17,1436,154,225,70,6,4,74,6,0.10724233983286909,0.6888888888888889,0.33333333333333337,231,74,0.3203463203463203,16,San Bernardo,Calle San Bernardo nº 22,40.4230721,-3.7075065,21,True,False
202,1436,150,246,72,2,2,74,2,0.10445682451253482,0.7073170731707317,0.0,248,74,0.29838709677419356,194,Avenida de América 2,Calle Francisco Silvela nº 86,40.43725,-3.6772222,24,True,False
270,1436,167,306,72,0,0,94,1,0.11629526462395544,0.7647058823529411,,306,72,0.23529411764705882,247,Zurbano,Calle Zurbano nº 90,40.43837,-3.69281,24,True,False
19,1436,146,236,68,7,4,68,6,0.10167130919220056,0.711864406779661,0.4285714285714286,243,72,0.2962962962962963,18,Plaza de Pedro Zerolo,Plaza de Pedro Zerolo nº 1,40.4207773,-3.6996502,24,True,False
232,1436,141,71,48,137,24,27,42,0.09818941504178273,0.323943661971831,0.8248175182481752,208,72,0.34615384615384615,224,Caramuel,Calle Caramuel nº 51,40.40913630273305,-3.728533714316331,24,True,True
169,1436,135,169,68,6,4,59,4,0.09401114206128133,0.5976331360946745,0.33333333333333337,175,72,0.4114285714285714,124,Manuel Silvela,Calle Manuel Silvela nº 20,40.4309524,-3.6993465,24,True,False
212,1436,162,262,71,4,0,90,1,0.11281337047353761,0.7290076335877862,1.0,266,71,0.2669172932330827,204,Cuatro Caminos 2,Calle Doctor Santero nº 1,40.4476666,-3.7041666,24,True,False
108,1436,155,267,55,52,16,55,29,0.10793871866295264,0.7940074906367041,0.6923076923076923,319,71,0.2225705329153605,103,Ortega y Gasset,Calle José Ortega y Gasset nº 4,40.43037,-3.68653,24,True,True
220,1436,121,62,44,112,27,18,32,0.08426183844011143,0.29032258064516125,0.7589285714285714,174,71,0.40804597701149425,212,Marqués de Vadillo,Glorieta Marqués de Vadillo nº 9,40.398247,-3.716591,24,True,True
9,1436,152,274,60,32,10,66,16,0.10584958217270195,0.781021897810219,0.6875,306,70,0.22875816993464052,8,Alonso Martínez,Plaza de Alonso Martínez nº 5,40.4278682,-3.6954403,24,True,True
41,1436,145,97,46,85,24,36,40,0.100974930362117,0.5257731958762887,0.7176470588235294,182,70,0.38461538461538464,37,Plaza de San Francisco,Plaza de San Francisco nº 5,40.4108,-3.714113,24,True,True
46,1436,155,144,52,60,17,55,31,0.10793871866295264,0.6388888888888888,0.7166666666666667,204,69,0.3382352941176471,42,Santa Isabel,Calle Atocha nº 95,40.4107085,-3.6982318,24,True,True
12,1436,150,295,69,0,0,81,0,0.10445682451253482,0.7661016949152543,,295,69,0.23389830508474577,11,San Andrés,Calle San Andrés nº 18,40.4269483,-3.7035918,24,True,False
47,1436,147,281,66,7,2,73,6,0.10236768802228412,0.7651245551601423,0.7142857142857143,288,68,0.2361111111111111,43,Jesús y María,Calle Lavapiés nº 34,40.4101564,-3.7025024,24,True,False
59,1436,133,163,59,17,9,52,13,0.09261838440111421,0.6380368098159509,0.47058823529411764,180,68,0.37777777777777777,55,Plaza de San Ildefonso,Plaza de San Ildefonso,40.4239757,-3.7020842,24,True,False
8,1436,138,344,65,3,2,69,2,0.09610027855153204,0.811046511627907,0.33333333333333337,347,67,0.1930835734870317,7,Hortaleza,Calle Hortaleza nº 75,40.4251906,-3.6977715,21,True,False
149,1436,129,123,63,10,3,58,5,0.08983286908077995,0.4878048780487805,0.7,133,66,0.49624060150375937,132,Glorieta de los Cuatro Caminos,Calle Santa Engracia nº 168,40.4463667,-3.7036675,24,True,False
204,1436,120,119,66,3,0,53,1,0.08356545961002786,0.4453781512605042,1.0,122,66,0.5409836065573771,196,Prosperidad,Calle Suero de Quiñones nº 2,40.4441388,-3.6751388,24,True,False
78,1436,107,99,61,8,5,36,5,0.0745125348189415,0.38383838383838387,0.375,107,66,0.616822429906542,74,Puerta del Pacífico ,Avenida de Menéndez Pelayo nº 73,40.4117627,-3.6766813,24,True,False
150,1436,132,209,65,0,0,67,0,0.09192200557103064,0.6889952153110048,,209,65,0.31100478468899523,133,Raimundo Fernández,Calle Raimundo Fernández Villaverde nº 33,40.447125,-3.7001669,24,True,False
235,1436,132,49,38,149,27,24,43,0.09192200557103064,0.22448979591836737,0.8187919463087249,198,65,0.3282828282828283,228,San Delfín,Calle San Delfín nº 9,40.39440607959559,-3.708042972844556,24,True,True
43,1436,119,51,27,70,37,17,38,0.08286908077994429,0.47058823529411764,0.4714285714285714,121,64,0.5289256198347108,39,Plaza de la Cebada,Plaza de la Cebada nº 16 ,40.4112744,-3.7088337,27,True,True
11,1436,120,369,59,5,4,52,5,0.08356545961002786,0.8401084010840109,0.19999999999999996,374,63,0.16844919786096257,10,Marqués de la Ensenada,Calle Marqués de la Ensenada nº 16,40.42533,-3.69214,24,True,False
253,1436,134,130,50,43,12,51,21,0.09331476323119778,0.6153846153846154,0.7209302325581395,173,62,0.3583815028901734,245,Galileo,Calle Galileo nº 63,40.4364,-3.71019,24,True,True
170,1436,110,106,55,8,6,42,7,0.0766016713091922,0.4811320754716981,0.25,114,61,0.5350877192982456,144,Juan Bravo 50,Calle Juan Bravo nº 50,40.4323655,-3.6758555,24,True,False
96,1436,121,352,60,0,0,61,0,0.08426183844011143,0.8295454545454546,,352,60,0.17045454545454544,91,Príncipe de Vergara,Calle Hermosilla nº 70,40.426134,-3.6787441,24,True,False
251,1436,120,144,60,0,0,60,0,0.08356545961002786,0.5833333333333333,,144,60,0.4166666666666667,243,Cartagena,Calle Cartagena nº 34,40.43503,-3.67012,24,True,False
206,1436,119,242,56,14,4,55,4,0.08286908077994429,0.768595041322314,0.7142857142857143,256,60,0.234375,198,Rubén Darío,Glorieta Rubén Darío 2,40.4331111,-3.6915555,24,True,False
3,1436,122,224,58,0,0,63,1,0.08495821727019498,0.7410714285714286,,224,58,0.25892857142857145,2,Miguel Moya,Calle Miguel Moya nº 1,40.4205886,-3.7058415,24,True,False
91,1436,121,210,50,22,8,47,16,0.08426183844011143,0.7619047619047619,0.6363636363636364,232,58,0.25,86,Cibeles,Plaza Cibeles,40.4186516,-3.6933498,21,True,True
18,1436,120,193,58,0,0,62,0,0.08356545961002786,0.6994818652849741,,193,58,0.3005181347150259,17,Carlos Cambronero,Plaza de Carlos Cambronero nº 2,40.4232649,-3.7038312,24,True,False
130,1436,113,245,54,3,3,52,4,0.0786908077994429,0.7795918367346939,0.0,248,57,0.22983870967741934,122,Santa Engracia 14,Calle Santa Engracia nº 14,40.4291992,-3.6967169,24,True,False
183,1436,100,112,57,0,0,43,0,0.06963788300835655,0.4910714285714286,,112,57,0.5089285714285714,175,Jaime el Conquistador,Calle Jaime el Conquistador nº 30,40.3962222,-3.6983055,21,True,False
208,1436,98,84,51,10,6,32,9,0.06824512534818941,0.3928571428571429,0.4,94,57,0.6063829787234043,200,Quevedo,Glorieta de Quevedo nº 5,40.4336944,-3.7046666,24,True,False
203,1436,123,442,56,0,0,67,0,0.08565459610027855,0.8733031674208145,,442,56,0.12669683257918551,195,Avenida de América 1,Calle Padre Indalecio Hernández nº 1,40.4392222,-3.6754444,24,True,False
40,1436,109,214,54,9,2,50,3,0.07590529247910864,0.7476635514018692,0.7777777777777778,223,56,0.25112107623318386,36,Plaza Ramales,Plaza de Ramales,40.4168,-3.71183,24,True,False
42,1436,129,57,23,121,32,19,55,0.08983286908077995,0.5964912280701755,0.7355371900826446,178,55,0.3089887640449438,38,Plaza de los Carros,Carrera de San Francisco nº 1,40.4114041,-3.7114762,24,True,True
154,1436,123,144,48,12,7,58,10,0.08565459610027855,0.6666666666666667,0.41666666666666663,156,55,0.3525641025641026,138,Paseo de la Castellana con Raimundo Fernández,Paseo de la Castellana esquina calle Raimundo Fernández Villaverde,40.4457414,-3.6917932,24,True,False
25,1436,118,218,54,3,1,61,2,0.08217270194986072,0.7522935779816513,0.6666666666666667,221,55,0.248868778280543,22,Jacometrezo,Calle Jacometrezo nº 3,40.4200783,-3.7065376,24,True,False
52,1436,109,96,49,14,6,44,10,0.07590529247910864,0.48958333333333337,0.5714285714285714,110,55,0.5,48,Embajadores 2,Glorieta de Embajadores nº 2,40.4056107,-3.7022591,24,True,False
249,1436,109,229,55,0,0,54,0,0.07590529247910864,0.759825327510917,,229,55,0.24017467248908297,241,Camilo José Cela,Avenida de Camilo José Cela nº 23,40.4378,-3.66779,24,True,False
45,1436,98,69,39,25,16,27,16,0.06824512534818941,0.4347826086956522,0.36,94,55,0.5851063829787234,41,Antón Martín,Calle Atocha nº 54,40.4122047,-3.6991147,18,True,True
21,1436,122,515,54,0,0,68,0,0.08495821727019498,0.8951456310679612,,515,54,0.10485436893203884,20a,Banco de España A,Calle Alcalá nº 49,40.4192342,-3.6954615,30,True,False
95,1436,115,188,40,34,14,46,15,0.08008356545961003,0.7872340425531915,0.5882352941176471,222,54,0.24324324324324326,90,General Pardiñas,Calle Goya nº 18,40.4250361,-3.6837876,30,True,True
48,1436,110,121,41,58,13,38,18,0.0766016713091922,0.6611570247933884,0.7758620689655172,179,54,0.3016759776536313,44,Plaza de Nelson Mandela,Calle Mesón de Paredes nº 35,40.4097617,-3.7040666,21,True,True
124,1436,106,144,52,4,2,50,2,0.07381615598885793,0.6388888888888888,0.5,148,54,0.36486486486486486,116b,Plaza de España B,Calle Princesa nº 5,40.423681,-3.710537,24,True,False
213,1436,112,125,47,22,6,46,13,0.07799442896935933,0.624,0.7272727272727273,147,53,0.36054421768707484,205,Estrecho,Calle Navarra nº 1,40.4535,-3.7032777,24,True,True
32,1436,111,217,51,6,2,49,9,0.07729805013927576,0.7649769585253456,0.6666666666666667,223,53,0.23766816143497757,28,Sevilla,Calle Alcalá nº 27,40.4181518,-3.6984368,24,True,False
109,1436,118,238,41,30,11,48,18,0.08217270194986072,0.8277310924369747,0.6333333333333333,268,52,0.19402985074626866,104,Castellana,Paseo de la Castellana nº 4,40.42677,-3.68958,21,True,True
153,1436,105,115,50,3,2,51,2,0.07311977715877438,0.5652173913043479,0.33333333333333337,118,52,0.4406779661016949,134,Agustín de Betancourt,Calle María de Guzmán nº 58,40.4440297,-3.6956047,24,True,False
218,1436,103,663,52,0,0,51,0,0.07172701949860724,0.9215686274509804,,663,52,0.0784313725490196,210,Tres Cruces,Calle Tres Cruces nº 7,40.419674,-3.7026735,27,True,False
198,1436,102,215,50,10,2,47,3,0.07103064066852367,0.7674418604651163,0.8,225,52,0.2311111111111111,190,Velázquez-Diego de León,Calle Velázquez nº 91,40.4343333,-3.6835833,24,True,False
113,1436,115,258,44,23,7,51,13,0.08008356545961003,0.8294573643410853,0.6956521739130435,281,51,0.18149466192170818,107,Columela,Calle Serrano nº 8,40.4215246,-3.6884369,24,True,True
110,1436,111,262,47,20,4,49,11,0.07729805013927576,0.8206106870229007,0.8,282,51,0.18085106382978725,105,Serrano,Calle Serrano nº 54,40.42699,-3.68745,24,True,True
187,1436,111,14,10,136,41,4,56,0.07729805013927576,0.2857142857142857,0.6985294117647058,150,51,0.34,179,Puente de Vallecas,Avenida de la Albufera nº 6,40.3979722,-3.66925,24,False,True
162,1436,109,222,40,20,11,46,12,0.07590529247910864,0.8198198198198199,0.44999999999999996,242,51,0.21074380165289255,140,Velázquez 130,Calle Velázquez nº 130,40.4385127,-3.6831578,27,True,True
167,1436,106,224,46,11,5,47,8,0.07381615598885793,0.7946428571428572,0.5454545454545454,235,51,0.2170212765957447,142,Castellana 42,Paseo de la Castellana nº 42,40.4334087,-3.6879154,24,True,False
194,1436,102,158,51,0,0,51,0,0.07103064066852367,0.6772151898734178,,158,51,0.3227848101265823,186,General Pardiñas,Calle General Pardiñas nº 56,40.4290555,-3.6782777,24,True,False
98,1436,107,283,49,0,0,58,0,0.0745125348189415,0.8268551236749117,,283,49,0.17314487632508835,93,Plaza de Colón,Calle Goya nº 1,40.4257046,-3.6893698,24,True,False
114,1436,97,124,49,0,0,48,0,0.06754874651810584,0.6048387096774194,,124,49,0.3951612903225806,108,Mártires Concepcionistas,Calle Mártires Concepcionistas nº 2,40.4273005,-3.6706024,27,True,False
10,1436,95,165,46,7,3,43,3,0.06615598885793872,0.7212121212121212,0.5714285714285714,172,49,0.28488372093023256,9,Plaza de San Miguel,Plaza de San Miguel nº 9,40.4156057,-3.7095084,24,True,False
74,1436,94,91,47,7,2,42,3,0.06545961002785515,0.48351648351648346,0.7142857142857143,98,49,0.5,70,Puerta del Doce de Octubre,Avenida de Menéndez Pelayo nº 63,40.4153053,-3.6779232,24,True,False
175,1436,93,67,38,31,10,24,21,0.06476323119777158,0.4328358208955224,0.6774193548387097,98,48,0.4897959183673469,167,Segovia 45,Calle Segovia nº 45,40.413736,-3.717487,24,True,True
62,1436,88,83,39,17,9,31,9,0.06128133704735376,0.5301204819277108,0.47058823529411764,100,48,0.48,58,Augusto Figueroa,Calle Augusto Figueroa nº 33,40.4222862,-3.697895,24,True,False
139,1436,85,74,45,5,3,34,3,0.059192200557103065,0.3918918918918919,0.4,79,48,0.6075949367088608,155,San Germán 57,Calle San Germán nº 57,40.4572824,-3.7009675,24,True,False
158,1436,96,201,47,0,0,49,0,0.06685236768802229,0.7661691542288558,,201,47,0.23383084577114427,135,Plaza de San Juan de la Cruz,Plaza de San Juan de la Cruz nº 11,40.4415974,-3.6927821,24,True,False
247,1436,95,93,44,11,3,35,13,0.06615598885793872,0.5268817204301075,0.7272727272727273,104,47,0.4519230769230769,239,Francos Rodríguez,Calle Francos Rodríguez nº 62,40.45673408797698,-3.708002730875242,24,True,False
30,1436,94,201,45,5,2,44,3,0.06545961002785515,0.7761194029850746,0.6,206,47,0.22815533980582525,26,Plaza de las Salesas,Plaza de las Salesas 7,40.423855,-3.694475,24,True,False
26,1436,93,113,44,8,3,41,5,0.06476323119777158,0.6106194690265487,0.625,121,47,0.3884297520661157,23,Santo Domingo,Plaza de Santo Domingo nº 1,40.4202834,-3.7081246,24,True,False
236,1436,103,41,19,109,27,13,44,0.07172701949860724,0.5365853658536586,0.7522935779816513,150,46,0.30666666666666664,227,Concordia,Calle Arroyo del Olivar nº 6,40.39382977920336,-3.665936242935637,24,True,True
200,1436,101,159,46,0,0,55,0,0.07033426183844012,0.7106918238993711,,159,46,0.2893081761006289,192,Avenida de los Toreros,Avenida de los Toreros nº 3,40.4318611,-3.6714166,27,True,False
38,1436,100,540,41,10,5,49,5,0.06963788300835655,0.924074074074074,0.5,550,46,0.08363636363636363,34,Jacinto Benavente,Plaza de Jacinto Benavente,40.4146755,-3.7036825,24,True,False
112,1436,90,197,41,12,5,38,6,0.06267409470752089,0.7918781725888324,0.5833333333333333,209,46,0.22009569377990432,106b,Colón B,Calle Serrano nº 34,40.424963,-3.687745,18,True,False
244,1436,87,31,24,45,22,21,20,0.060584958217270196,0.22580645161290325,0.5111111111111111,76,46,0.6052631578947368,236,Paseo Imperial,Paseo Imperial nº 20,40.40765396169372,-3.7172213778842007,24,True,True
226,1436,102,47,19,82,26,12,45,0.07103064066852367,0.5957446808510638,0.6829268292682926,129,45,0.3488372093023256,218,Camino Vinateros,Calle Camino de los Vinateros nº 28,40.41053,-3.65779,24,True,True
252,1436,101,235,36,17,9,33,23,0.07033426183844012,0.8468085106382979,0.47058823529411764,252,45,0.17857142857142858,244,Hospital Clínico,Calle Isaac Peral nº 44,40.44003,-3.71757,24,True,False
199,1436,92,119,45,0,0,47,0,0.06406685236768803,0.6218487394957983,,119,45,0.37815126050420167,191,Diego de león,Calle Alonso Heredia nº 1,40.4346388,-3.674,18,True,False
224,1436,92,17,12,89,33,8,39,0.06406685236768803,0.2941176470588235,0.6292134831460674,106,45,0.42452830188679247,216,Puerta del Ángel,Plaza Puerta del Ángel nº 4,40.413764,-3.728318,24,False,True
189,1436,83,66,39,15,6,30,8,0.057799442896935935,0.40909090909090906,0.6,81,45,0.5555555555555556,181,Retiro-Ibiza,Calle Ibiza nº 18,40.41825,-3.6766111,27,True,False
37,1436,95,675,42,8,2,48,3,0.06615598885793872,0.9377777777777778,0.75,683,44,0.06442166910688141,33,Carretas,Calle Carretas nº 8,40.4165039,-3.7030833,21,True,False
39,1436,91,77,38,14,6,38,9,0.06337047353760446,0.5064935064935066,0.5714285714285714,91,44,0.4835164835164835,35,Plaza del Cordón,Plaza del Cordón,40.4141931,-3.7103285,24,True,False
36,1436,87,29,9,71,35,5,38,0.060584958217270196,0.6896551724137931,0.5070422535211268,100,44,0.44,32,Plaza de la Provincia,Plaza de la Provincia nº 1,40.4150099,-3.7061032,18,True,True
54,1436,86,96,44,0,0,42,0,0.05988857938718663,0.5416666666666667,,96,44,0.4583333333333333,50,Museo Reina Sofía,Calle Santa Isabel nº 57,40.4083684,-3.6933463,24,True,False
201,1436,84,115,44,1,0,39,1,0.0584958217270195,0.6173913043478261,1.0,116,44,0.3793103448275862,193,Ventas,Avenida de los Toreros nº 49,40.4324722,-3.6655555,27,True,False
209,1436,84,94,44,0,0,40,0,0.0584958217270195,0.5319148936170213,,94,44,0.46808510638297873,201,Canal,Calle José Abascal frente al nº 2,40.4386944,-3.7038333,24,True,False
181,1436,102,16,12,172,31,13,46,0.07103064066852367,0.25,0.8197674418604651,188,43,0.22872340425531915,173,Puente Praga,Paseo de la Esperanza nº 59,40.3981798,-3.7023918,24,False,True
192,1436,91,89,39,8,4,44,4,0.06337047353760446,0.5617977528089888,0.5,97,43,0.44329896907216493,184,Marqués de Zafra,Paseo Marqués de Zafra nº 24,40.426,-3.6653055,24,True,False
166,1436,84,123,39,5,4,40,2,0.0584958217270195,0.6829268292682926,0.19999999999999996,128,43,0.3359375,143,Diego de León 52,Calle Diego de León nº 52,40.4345973,-3.678492,24,True,False
178,1436,77,37,28,61,15,15,19,0.05362116991643454,0.2432432432432432,0.7540983606557377,98,43,0.4387755102040816,170,Paseo de la Esperanza,Paseo de la Esperanza nº 21,40.401,-3.7043611,24,True,True
240,1436,88,78,40,12,2,41,5,0.06128133704735376,0.4871794871794872,0.8333333333333334,90,42,0.4666666666666667,232,José María Pereda,Calle José María de Pereda nº 1,40.43272086245887,-3.6485306152875134,24,True,False
103,1436,87,113,35,10,7,33,12,0.060584958217270196,0.6902654867256637,0.30000000000000004,123,42,0.34146341463414637,98,Plaza de Felipe II,Plaza de Felipe II,40.4239447,-3.6758383,24,True,False
66,1436,81,156,38,6,4,33,6,0.056406685236768804,0.7564102564102564,0.33333333333333337,162,42,0.25925925925925924,62,O'Donnell,Calle O'Donnell nº 50,40.4213148,-3.6724968,24,True,False
168,1436,84,60,34,21,7,31,12,0.0584958217270195,0.43333333333333335,0.6666666666666667,81,41,0.5061728395061729,127,Fernando el Católico,Calle Fernando el Católico nº 19,40.4338516,-3.708439,24,True,True
94,1436,82,112,40,2,1,41,1,0.057103064066852366,0.6428571428571428,0.5,114,41,0.35964912280701755,89,Conde Peñalver,Calle Ayala nº 102,40.4272582,-3.6752024,24,True,False
77,1436,77,39,24,35,17,21,15,0.05362116991643454,0.3846153846153846,0.5142857142857142,74,41,0.5540540540540541,73,Plaza de los Astros,Avenida de Nazaret nº 7,40.4114475,-3.6689089,24,True,True
131,1436,75,76,38,4,3,31,3,0.05222841225626741,0.5,0.25,80,41,0.5125,123,Guzmán el Bueno,Calle Guzmán el Bueno nº 1,40.4306458,-3.7133412,24,True,False
90,1436,71,64,38,3,3,29,1,0.04944289693593315,0.40625,0.0,67,41,0.6119402985074627,85,Puerta de Madrid,Avenida de Menéndez Pelayo esquina calle O'Donnell,40.421501,-3.680008,27,True,False
221,1436,93,9,6,152,34,4,49,0.06476323119777158,0.33333333333333337,0.7763157894736842,161,40,0.2484472049689441,213,Glorieta de Cádiz,Calle Antonio López nº 129,40.38895,-3.70017,24,False,True
171,1436,82,84,39,1,1,41,1,0.057103064066852366,0.5357142857142857,0.0,85,40,0.47058823529411764,145,Ortega y Gasset 87,Calle Ortega y Gasset nº 87,40.429887,-3.6712823,24,True,False
215,1436,77,95,39,6,1,36,1,0.05362116991643454,0.5894736842105264,0.8333333333333334,101,40,0.39603960396039606,207,Remonta,Calle Azucenas nº 1,40.4630277,-3.6973333,18,True,False
186,1436,86,19,11,91,28,9,38,0.05988857938718663,0.42105263157894735,0.6923076923076923,110,39,0.35454545454545455,178,Junta Municipal Retiro,Calle León Gil de Palacio nº 3,40.4029202,-3.6788343,24,False,True
177,1436,85,41,21,41,18,21,25,0.059192200557103065,0.4878048780487805,0.5609756097560976,82,39,0.47560975609756095,169,Pirámides,Calle Toledo nº 181,40.4016111,-3.7138055,24,True,True
81,1436,76,36,21,59,17,11,27,0.052924791086350974,0.41666666666666663,0.711864406779661,95,38,0.4,77,Conde de Casal,Plaza del Conde de Casal nº 8,40.40635,-3.670422,22,True,True
116,1436,76,102,32,11,6,33,5,0.052924791086350974,0.6862745098039216,0.4545454545454546,113,38,0.336283185840708,110,Moncloa,Paseo de Moret nº 2,40.4347895,-3.7200845,24,True,False
146,1436,76,121,29,18,9,22,16,0.052924791086350974,0.7603305785123967,0.5,139,38,0.2733812949640288,149,Paseo de la Habana 42,Paseo de la Habana nº 42,40.4498613,-3.6881689,24,True,False
44,1436,83,53,21,43,16,21,25,0.057799442896935935,0.6037735849056604,0.627906976744186,96,37,0.3854166666666667,40,Conde de Romanones,Plaza del Conde de Romanones nº 9,40.4138846,-3.7049407,24,True,True
83,1436,82,26,17,85,20,16,29,0.057103064066852366,0.34615384615384615,0.7647058823529411,111,37,0.3333333333333333,79,Puerta de Granada,Avenida de Menéndez Pelayo nº 38,40.4051451,-3.6803874,24,True,True
69,1436,81,125,23,25,14,24,20,0.056406685236768804,0.8160000000000001,0.43999999999999995,150,37,0.24666666666666667,65,Antonio Maura,Calle Antonio Maura nº 15,40.4166834,-3.6894193,24,True,True
134,1436,81,41,23,42,14,17,27,0.056406685236768804,0.4390243902439024,0.6666666666666667,83,37,0.4457831325301205,163,Paseo de la Esperanza,Paseo de la Esperanza nº 2,40.4035988,-3.7064516,21,True,True
79,1436,78,25,15,66,22,11,30,0.054317548746518104,0.4,0.6666666666666667,91,37,0.4065934065934066,75,Menéndez Pelayo,Avenida de Menéndez Pelayo con calle Poeta Esteban Villegas,40.4082805,-3.6784838,24,True,True
135,1436,75,14,10,66,27,7,31,0.05222841225626741,0.2857142857142857,0.5909090909090908,80,37,0.4625,165,Entrada Matadero,Paseo de la Chopera nº 14,40.3928821,-3.6975708,27,False,True
156,1436,75,696,37,0,0,36,2,0.05222841225626741,0.9468390804597702,,696,37,0.05316091954022988,131,Bravo Murillo 44,Calle Bravo Murillo nº 44,40.4418402,-3.7040344,24,True,False
51,1436,73,51,25,28,12,21,15,0.05083565459610028,0.5098039215686274,0.5714285714285714,79,37,0.46835443037974683,47,Embajadores 1,Glorieta de Embajadores nº 6,40.4047851,-3.7028265,24,True,True
104,1436,73,125,36,2,1,35,1,0.05083565459610028,0.712,0.5,127,37,0.29133858267716534,99,Alcántara,Calle Alcántara nº 2,40.4261851,-3.6738714,24,True,False
86,1436,70,84,36,3,1,31,2,0.04874651810584958,0.5714285714285714,0.6666666666666667,87,37,0.42528735632183906,81,Cuesta de Moyano,Cuesta de Claudio Moyano,40.409297,-3.691987,24,True,False
14,1436,82,68,32,12,4,33,13,0.057103064066852366,0.5294117647058824,0.6666666666666667,80,36,0.45,13,Conde Duque,Calle Conde Duque nº 22,40.4273264,-3.7104417,24,True,False
193,1436,74,106,36,0,0,38,0,0.05153203342618384,0.6603773584905661,,106,36,0.33962264150943394,185,Quinta Fuente del Berro,Calle Sancho Dávila esquina Paseo Marqués de Zafra,40.4250833,-3.6615277,24,True,False
115,1436,73,139,29,11,7,25,12,0.05083565459610028,0.7913669064748201,0.36363636363636365,150,36,0.24,109,Marqués de Salamanca,Calle José Ortega y Gasset nº 30,40.4300481,-3.6816402,24,True,False
148,1436,71,92,36,0,0,35,0,0.04944289693593315,0.6086956521739131,,92,36,0.391304347826087,147,Doctor Arce 45,Avenida del Doctor Arce nº 45,40.4483269,-3.6797296,24,True,False
132,1436,70,10,9,42,27,6,28,0.04874651810584958,0.09999999999999998,0.3571428571428571,52,36,0.6923076923076923,161,Paseo de la Florida,Paseo de la Florida nº 8,40.4219665,-3.7224983,27,False,True
82,1436,80,8,5,131,30,5,40,0.055710306406685235,0.375,0.7709923664122138,139,35,0.2517985611510791,78,Pedro Bosch,Calle Cerro de la Plata nº 2,40.400789,-3.6744,24,False,True
214,1436,77,89,35,4,0,41,1,0.05362116991643454,0.6067415730337078,1.0,93,35,0.3763440860215054,206,Metro Tetuán,Calle Marqués de Viana nº 3,40.4607502,-3.6989925,24,True,False
151,1436,76,87,24,37,11,27,14,0.052924791086350974,0.7241379310344828,0.7027027027027026,124,35,0.28225806451612906,136,Castellana 106,Paseo de la Castellana nº 106,40.4453307,-3.690861,24,True,True
34,1436,73,110,35,0,0,38,0,0.05083565459610028,0.6818181818181819,,110,35,0.3181818181818182,30,San Quintín,Calle Pavía nº 6,40.4192095,-3.711504,27,True,False
93,1436,73,208,31,25,4,33,5,0.05083565459610028,0.8509615384615384,0.84,233,35,0.15021459227467812,88,Embajada de Italia,Calle Velázquez nº 75,40.4313576,-3.6838303,24,True,True
117,1436,71,120,35,0,0,36,0,0.04944289693593315,0.7083333333333333,,120,35,0.2916666666666667,111a,Arcipreste de Hita A,Calle Arcipreste de Hita nº 12,40.4337322,-3.7175435,24,True,False
107,1436,69,135,33,2,2,31,3,0.04805013927576602,0.7555555555555555,0.0,137,35,0.25547445255474455,102,Velázquez,Calle Alcalá nº 95,40.4211802,-3.6840229,24,True,False
92,1436,85,307,22,38,12,28,23,0.059192200557103065,0.9283387622149837,0.6842105263157895,345,34,0.09855072463768116,87,Ayala,Calle Ayala nº 44,40.427736,-3.6832566,24,True,True
50,1436,77,33,16,37,18,17,26,0.05362116991643454,0.5151515151515151,0.5135135135135135,70,34,0.4857142857142857,46,Ribera de Curtidores,Calle Ribera de Curtidores nº 28,40.4053153,-3.7071259,24,True,True
230,1436,86,18,11,111,22,12,41,0.05988857938718663,0.38888888888888884,0.8018018018018018,129,33,0.2558139534883721,222,Antonio López,Calle Eugenio Caxes frente al nº 12,40.3917871,-3.7026789,24,False,True
179,1436,73,41,25,36,8,22,18,0.05083565459610028,0.3902439024390244,0.7777777777777778,77,33,0.42857142857142855,171,Embajadores-Cáceres,Calle Embajadores nº 101,40.39975,-3.6983888,24,True,True
159,1436,68,116,29,7,4,32,3,0.04735376044568245,0.75,0.4285714285714286,123,33,0.2682926829268293,139,José Gutiérrez Abascal ,Calle José Gutiérrez Abascal nº 2,40.4396792,-3.6907784,24,True,False
141,1436,67,92,31,3,2,32,2,0.04665738161559889,0.6630434782608696,0.33333333333333337,95,33,0.3473684210526316,154,Orense 36,Calle Orense nº 36,40.4548456,-3.6946218,24,True,False
241,1436,67,44,25,29,8,21,13,0.04665738161559889,0.43181818181818177,0.7241379310344828,73,33,0.4520547945205479,233,Marqués de Corbera 12,Avenida Marqués de Corbera nº 12,40.422962108947424,-3.6555552857442697,24,True,True
184,1436,77,130,23,48,9,22,23,0.05362116991643454,0.823076923076923,0.8125,178,32,0.1797752808988764,176,Beata,Calle Alicante nº 3,40.39425,-3.6937222,24,True,True
56,1436,75,18,10,49,22,11,32,0.05222841225626741,0.4444444444444444,0.5510204081632653,67,32,0.47761194029850745,52,Plaza de Santa Ana,Plaza de Santa Ana nº 10,40.4144226,-3.7007164,24,False,True
133,1436,72,25,16,75,16,14,26,0.05013927576601671,0.36,0.7866666666666666,100,32,0.32,162,Metro Pirámides,Paseo de los Olmos nº 28,40.4034076,-3.7108108,24,True,True
136,1436,67,28,21,43,11,19,16,0.04665738161559889,0.25,0.7441860465116279,71,32,0.4507042253521127,164,Paseo de las Delicias,Paseo de las Delicias nº 92,40.3972616,-3.6945025,24,True,True
102,1436,63,94,32,0,0,31,0,0.04387186629526462,0.6595744680851063,,94,32,0.3404255319148936,97,Alcalá,Avenida de Menéndez Pelayo nº 3,40.4222969,-3.6805189,27,True,False
15,1436,62,98,32,0,0,30,0,0.04317548746518106,0.6734693877551021,,98,32,0.32653061224489793,14,Ventura Rodríguez,Calle Duque de Liria,40.4260957,-3.713479,24,True,False
155,1436,62,59,31,1,1,29,1,0.04317548746518106,0.47457627118644063,0.0,60,32,0.5333333333333333,146,María Francisca 1,Calle María Francisca nº 1,40.4442258,-3.6787169,18,True,False
76,1436,57,55,29,17,3,21,4,0.03969359331476323,0.4727272727272728,0.8235294117647058,72,32,0.4444444444444444,72,Sainz de Baranda,Calle Doctor Esquerdo nº 99,40.4157413,-3.6691838,24,True,False
100,1436,67,165,23,30,8,26,10,0.04665738161559889,0.8606060606060606,0.7333333333333334,195,31,0.15897435897435896,95,Villanueva,Calle Claudio Coello nº 109,40.4226584,-3.6870548,24,True,True
35,1436,65,529,30,1,1,32,2,0.04526462395543175,0.943289224952741,0.0,530,31,0.05849056603773585,31,Calle Mayor,Calle Mayor nº 20,40.4163638,-3.7068969,27,True,False
33,1436,63,119,24,16,7,23,9,0.04387186629526462,0.7983193277310925,0.5625,135,31,0.22962962962962963,29,Marqués de Cubas,Calle del Marqués de Cubas nº 25,40.4162619,-3.6957355,24,True,False
75,1436,63,29,23,20,7,22,11,0.04387186629526462,0.2068965517241379,0.65,49,30,0.6122448979591837,71,Doce de Octubre,Calle Doce de Octubre nº 28,40.4159569,-3.6738865,24,True,True
160,1436,55,66,30,1,0,24,1,0.0383008356545961,0.5454545454545454,1.0,67,30,0.44776119402985076,128,Cea Bermúdez,Calle Cea Bermúdez nº 59,40.438994,-3.7154329,27,True,False
97,1436,65,116,22,14,7,26,10,0.04526462395543175,0.8103448275862069,0.5,130,29,0.2230769230769231,92,Claudio Coello,Calle Claudio Coello nº 45,40.4262945,-3.6865463,24,True,False
219,1436,64,64,14,39,15,17,18,0.04456824512534819,0.78125,0.6153846153846154,103,29,0.2815533980582524,211,Desengaño,Calle Desengaño nº 1,40.42059,-3.70239,24,True,True
197,1436,61,59,28,1,1,29,3,0.04247910863509749,0.5254237288135593,0.0,60,29,0.48333333333333334,189,Avenida Donostiarra,Calle Virgen de la Alegría nº 18,40.4351256,-3.6554918,24,True,False
123,1436,58,74,23,10,6,19,10,0.0403899721448468,0.6891891891891893,0.4,84,29,0.34523809523809523,116a,Plaza de España A,Calle Princesa nº 5,40.423668,-3.713053,24,True,False
122,1436,57,61,28,2,1,26,2,0.03969359331476323,0.540983606557377,0.5,63,29,0.4603174603174603,115,Ferraz,Calle Evaristo San Miguel nº 2,40.4253944,-3.7170448,24,True,False
71,1436,56,47,23,10,6,20,7,0.03899721448467967,0.5106382978723405,0.4,57,29,0.5087719298245614,67,Almadén,Calle Almadén nº 28,40.4108472,-3.693225,24,True,False
265,1436,64,130,24,17,4,26,10,0.04456824512534819,0.8153846153846154,0.7647058823529411,147,28,0.19047619047619047,257,INEF,Avenida Juan de Herrera frente a la calle Paul Guinard,40.43896,-3.72997,24,True,False
210,1436,57,33,21,18,7,19,10,0.03969359331476323,0.36363636363636365,0.6111111111111112,51,28,0.5490196078431373,202,Parque Santander,Calle Santander esquina con Avenida de Filipinas,40.4411388,-3.7080833,24,True,False
246,1436,57,74,28,0,0,29,0,0.03969359331476323,0.6216216216216216,,74,28,0.3783783783783784,238,San Germán 5,Calle San Germán nº 5,40.45619382579544,-3.69293767517953,24,True,False
174,1436,55,192,24,23,4,22,5,0.0383008356545961,0.875,0.8260869565217391,215,28,0.13023255813953488,166,Segovia 26,Calle Segovia nº 26,40.4138333,-3.7135833,24,True,True
67,1436,54,66,27,1,1,25,1,0.037604456824512536,0.5909090909090908,0.0,67,28,0.417910447761194,63,Ibiza,Calle Ibiza nº 62,40.4179237,-3.6708959,24,True,False
172,1436,53,28,18,19,10,15,10,0.03690807799442897,0.3571428571428571,0.4736842105263158,47,28,0.5957446808510638,160,Colombia,Calle Colombia nº 7,40.4572466,-3.6763439,24,True,False
65,1436,49,49,25,4,3,18,3,0.034122562674094706,0.4897959183673469,0.25,53,28,0.5283018867924528,61,Narváez,Calle O'Donnell nº 28,40.4213983,-3.6752045,24,True,False
53,1436,60,38,22,22,5,22,11,0.04178272980501393,0.42105263157894735,0.7727272727272727,60,27,0.45,49,Casa Encendida,Ronda de Atocha nº 34,40.4060941,-3.6992759,24,True,True
31,1436,54,54,20,14,7,19,8,0.037604456824512536,0.6296296296296297,0.5,68,27,0.39705882352941174,27,Huertas,Calle Jesús nº 1,40.4132798,-3.6956178,24,True,False
1,1436,51,547,26,0,0,25,0,0.035515320334261836,0.9524680073126143,,547,26,0.04753199268738574,1a,Puerta del Sol A,Puerta del Sol nº 1,40.4172137,-3.7018341,30,True,False
222,1436,67,135,17,18,8,28,14,0.04665738161559889,0.8740740740740741,0.5555555555555556,153,25,0.16339869281045752,214,Condesa de Venadito,Calle Condesa de Venadito nº 2,40.44315,-3.65741,24,True,False
60,1436,54,124,23,8,2,26,3,0.037604456824512536,0.814516129032258,0.75,132,25,0.1893939393939394,56,Plaza del Carmen ,Plaza del Carmen nº 1,40.4184192,-3.7032414,24,True,False
101,1436,52,82,25,0,0,27,0,0.036211699164345405,0.6951219512195121,,82,25,0.3048780487804878,96,Castelló,Calle Alcalá nº 111,40.422064,-3.6821793,27,True,False
120,1436,49,40,25,0,0,24,0,0.034122562674094706,0.375,,40,25,0.625,113,Pintor Rosales,Paseo del Pintor Rosales frente al nº 38,40.427657,-3.7205129,24,True,False
111,1436,46,132,23,4,2,19,2,0.03203342618384401,0.8257575757575757,0.5,136,25,0.18382352941176472,106a,Colón A,Calle Serrano nº 34,40.4251002,-3.6877227,18,True,False
227,1436,68,1,1,159,23,1,43,0.04735376044568245,0.0,0.8553459119496856,160,24,0.15,219,Marroquina,Calle Camino de los Vinateros nº 108,40.408264,-3.646697,24,False,True
118,1436,54,50,23,1,1,25,5,0.037604456824512536,0.54,0.0,51,24,0.47058823529411764,111b,Arcipreste de Hita B,Calle Arcipreste de Hita nº 12,40.4341006,-3.7179687,24,True,False
248,1436,53,121,23,10,1,23,6,0.03690807799442897,0.8099173553719008,0.9,131,24,0.183206106870229,240,Avenida Brasilia,Avenida de Brasilia frente al nº 9,40.43666,-3.66096,24,True,False
129,1436,52,19,9,27,15,5,23,0.036211699164345405,0.5263157894736843,0.4444444444444444,46,24,0.5217391304347826,121,Santa María de la Cabeza,Paseo de Santa María de la Cabeza nº 58,40.4017926,-3.6987665,24,False,True
140,1436,50,77,24,0,0,26,0,0.034818941504178275,0.6883116883116883,,77,24,0.3116883116883117,156,Sor Ángela de la Cruz,Calle Sor Ángela de la Cruz nº 2,40.4592351,-3.691533,24,True,False
243,1436,66,24,9,101,14,10,33,0.04596100278551532,0.625,0.8613861386138614,125,23,0.184,235,Embajadores 191,Calle Sodio nº 1B,40.38925864357911,-3.690358964335348,24,True,True
80,1436,57,18,10,57,13,13,21,0.03969359331476323,0.4444444444444444,0.7719298245614035,75,23,0.30666666666666664,76,Puerta de Mariano de Cavia,Avenida del Mediterráneo nº 19,40.4071304,-3.6751352,24,False,True
125,1436,51,47,16,41,7,20,8,0.035515320334261836,0.6595744680851063,0.8292682926829268,88,23,0.26136363636363635,117,Altamirano,Calle Altamirano nº 24,40.4309797,-3.7188898,24,True,True
2,1436,49,482,22,3,1,24,2,0.034122562674094706,0.9543568464730291,0.6666666666666667,485,23,0.04742268041237113,1b,Puerta del Sol B,Puerta del Sol nº 1,40.41731271011562,-3.701602938060457,30,True,False
61,1436,48,106,22,1,1,24,1,0.033426183844011144,0.7924528301886793,0.0,107,23,0.21495327102803738,57,Santa Cruz del Marcenado,Calle Santa Cruz del Marcenado nº 24,40.4295658,-3.7126299,24,True,False
88,1436,47,74,20,6,3,21,3,0.032729805013927575,0.7297297297297297,0.5,80,23,0.2875,83,Pío Baroja,Calle Pío Baroja nº 10,40.4132995,-3.6745323,24,True,False
4,1436,39,40,23,0,0,16,0,0.027158774373259052,0.42500000000000004,,40,23,0.575,3,Plaza Conde Suchil,Plaza del Conde del Valle de Súchil nº 3,40.4302937,-3.7069171,18,True,False
228,1436,50,34,12,67,10,11,17,0.034818941504178275,0.6470588235294117,0.8507462686567164,101,22,0.21782178217821782,220,Plaza del Encuentro,Calle Arroyo de las Pilillas nº 6,40.40617,-3.65122,24,True,True
233,1436,47,3,2,169,20,2,23,0.032729805013927575,0.33333333333333337,0.8816568047337279,172,22,0.12790697674418605,225,Doctor Lozano,Calle Sierra Toledana nº 33,40.40248333540473,-3.660188083470652,24,False,True
205,1436,46,50,21,1,1,21,3,0.03203342618384401,0.5800000000000001,0.0,51,22,0.43137254901960786,197,Parque Berlín,Avenida de Concha Espina nº 34,40.4515833,-3.6780555,24,True,False
180,1436,45,24,11,19,11,10,13,0.031337047353760444,0.5416666666666667,0.42105263157894735,43,22,0.5116279069767442,172,Delicias,Calle Bustamante nº 1,40.4008888,-3.6935833,24,True,False
250,1436,45,318,22,0,0,23,0,0.031337047353760444,0.9308176100628931,,318,22,0.06918238993710692,242,Avenida Bruselas,Avenida Bruselas nº 56,40.43865,-3.66301,24,True,False
138,1436,44,85,22,0,0,22,0,0.03064066852367688,0.7411764705882353,,85,22,0.25882352941176473,158,Alberto Alcocer,Avenida de Alberto Alcocer nº 22,40.4585318,-3.684715,24,True,False
190,1436,44,39,22,0,0,19,3,0.03064066852367688,0.4358974358974359,,39,22,0.5641025641025641,182,Parque Roma,Calle Alcalde Sáinz de Baranda frente al nº 107,40.4186666,-3.6657777,24,True,False
144,1436,42,86,22,0,0,20,0,0.02924791086350975,0.7441860465116279,,86,22,0.2558139534883721,148,Serrano 210,Calle Serrano nº 210,40.4510188,-3.6817962,24,True,False
106,1436,41,222,20,5,2,19,0,0.028551532033426183,0.9099099099099099,0.6,227,22,0.09691629955947137,101,Jorge Juan,Calle Jorge Juan nº 131,40.4231526,-3.6691524,24,True,False
152,1436,41,121,21,5,1,18,1,0.028551532033426183,0.8264462809917356,0.8,126,22,0.1746031746031746,137,Plaza de la República Argentina,Plaza de la República Argentina nº 6,40.445411,-3.6853312,24,True,False
264,1436,40,48,21,6,1,17,1,0.027855153203342618,0.5625,0.8333333333333334,54,22,0.4074074074074074,256,Reina Victoria,Calle Beatriz de Bobadilla frente al nº 2,40.44635,-3.71383,24,True,False
231,1436,46,13,11,39,10,8,17,0.03203342618384401,0.15384615384615385,0.7435897435897436,52,21,0.40384615384615385,223,Ermita Santo,Paseo de la Ermita del Santo nº 48,40.406837862773465,-3.7244893989507686,24,False,True
259,1436,46,33,18,11,3,18,7,0.03203342618384401,0.4545454545454546,0.7272727272727273,44,21,0.4772727272727273,251,Corazón de María,Calle Santa Hortensia nº 31,40.44421,-3.66683,24,True,False
237,1436,44,70,16,18,5,17,6,0.03064066852367688,0.7714285714285715,0.7222222222222222,88,21,0.23863636363636365,229,C.D. Concepción,Calle Jose del Hierro nº 5,40.43715089959262,-3.64835857929032,24,True,False
72,1436,41,301,13,16,8,10,10,0.028551532033426183,0.9568106312292359,0.5,317,21,0.06624605678233439,68,Espalter,Calle Espalter nº 1,40.4128372,-3.6912023,21,True,False
234,1436,45,28,13,66,7,13,12,0.031337047353760444,0.5357142857142857,0.8939393939393939,94,20,0.2127659574468085,226,Sierra Toledana,Camino de Valderribas nº 94,40.39901531507069,-3.6607768678037744,24,True,True
182,1436,42,12,8,31,12,8,14,0.02924791086350975,0.33333333333333337,0.6129032258064516,43,20,0.46511627906976744,174,Madrid Río-Yeserías,Paseo de Yeserías nº 45,40.3974444,-3.7065277,27,False,True
191,1436,41,288,20,0,0,21,0,0.028551532033426183,0.9305555555555556,,288,20,0.06944444444444445,183,Doctor Esquerdo-Hermosilla,Calle Hermosilla nº 135,40.425635,-3.669339,24,True,False
55,1436,40,42,20,0,0,18,2,0.027855153203342618,0.5238095238095238,,42,20,0.47619047619047616,51,Ronda de Atocha,Ronda de Atocha nº 2,40.4075606,-3.6935205,27,True,False
127,1436,35,12,9,29,11,5,10,0.02437325905292479,0.25,0.6206896551724138,41,20,0.4878048780487805,119,Méndez Álvaro,Calle Méndez Álvaro nº 11,40.4013216,-3.6863218,24,False,True
126,1436,41,139,10,16,9,10,12,0.028551532033426183,0.9280575539568345,0.4375,155,19,0.12258064516129032,118,Juan Martín,Calle Juan Martín el Empecinado nº 16,40.400781,-3.6882407,24,True,False
73,1436,44,25,11,17,7,11,15,0.03064066852367688,0.56,0.5882352941176471,42,18,0.42857142857142855,69,Puerta del Ángel Caído,Avenida de Alfonso XII nº 54,40.409808,-3.688822,27,True,False
84,1436,38,26,9,13,9,7,13,0.026462395543175487,0.6538461538461539,0.3076923076923077,39,18,0.46153846153846156,80a,Atocha A,Paseo de la Infanta Isabel nº 3,40.4075685,-3.6902255,24,True,False
216,1436,37,59,18,0,0,19,0,0.02576601671309192,0.6949152542372881,,59,18,0.3050847457627119,208,Plaza de Castilla,Paseo de la Castellana nº 216,40.4663611,-3.6886388,24,True,False
29,1436,35,964,18,0,0,17,0,0.02437325905292479,0.9813278008298755,,964,18,0.01867219917012448,25b,Plaza de Celenque B,Plaza de Celenque nº 1,40.4172781,-3.7063837,24,True,False
137,1436,34,47,17,1,1,15,1,0.023676880222841225,0.6382978723404256,0.0,48,18,0.375,157,Castellana 164,Paseo de la Castellana nº 164,40.4591366,-3.6894151,24,True,False
261,1436,36,68,17,0,0,19,0,0.025069637883008356,0.75,,68,17,0.25,253,Doctor Fleming,Calle Doctor Fleming nº 7,40.45546,-3.68844,21,True,False
258,1436,35,83,13,6,4,13,5,0.02437325905292479,0.8433734939759037,0.33333333333333337,89,17,0.19101123595505617,250,Serrano 113,Calle Serrano nº 113B,40.44106,-3.68609,24,True,False
217,1436,33,38,14,5,3,14,2,0.02298050139275766,0.631578947368421,0.4,43,17,0.3953488372093023,209,Plaza de Castilla 2,Paseo Castellana (Fundación Canal),40.4656779,-3.6887722,24,True,False
268,1436,39,108,11,12,5,14,9,0.027158774373259052,0.8981481481481481,0.5833333333333333,120,16,0.13333333333333333,260,Facultad Biología,Calle José Antonio Novais frente al nº 12,40.4483322,-3.7272945,24,True,False
266,1436,34,117,16,0,0,18,0,0.023676880222841225,0.8632478632478633,,117,16,0.13675213675213677,258,Ciudad Universitaria 1,Avenida de la Complutense (Metro Ciudad Universitaria),40.44375,-3.72699,24,True,False
28,1436,31,962,16,0,0,15,0,0.02158774373259053,0.9833679833679834,,962,16,0.016632016632016633,25a,Plaza de Celenque A,Plaza de Celenque nº 1,40.4173703,-3.7057791,24,True,False
185,1436,38,12,7,36,8,6,17,0.026462395543175487,0.41666666666666663,0.7777777777777778,48,15,0.3125,177,Legazpi,Calle Bolívar nº 3,40.3914722,-3.6941944,24,False,True
238,1436,30,39,9,30,6,9,6,0.020891364902506964,0.7692307692307692,0.8,69,15,0.21739130434782608,230,Carlota O’Neill,Calle Carlota O'Neill nº 32,40.44370542379883,-3.648958444298144,24,True,True
267,1436,26,191,14,0,0,12,0,0.018105849582172703,0.9267015706806283,,191,14,0.07329842931937172,259,Ciudad Universitaria 2,Avenida de la Complutense (Metro Ciudad Universitaria),40.44342,-3.72693,24,True,False
147,1436,30,266,11,3,2,14,3,0.020891364902506964,0.9586466165413534,0.33333333333333337,269,13,0.048327137546468404,150,Castellana frente a Hermanos Pinzón,Paseo de la Castellana nº 122,40.4488924,-3.6905604,24,True,False
87,1436,29,163,12,10,1,13,3,0.0201949860724234,0.9263803680981595,0.9,173,13,0.07514450867052024,82,Niño Jesús,Calle Doctor Esquerdo nº 161,40.4084556,-3.6697526,24,True,False
256,1436,28,32,12,3,1,12,3,0.019498607242339833,0.625,0.6666666666666667,35,13,0.37142857142857144,248,Torre Cepsa,Calle Sinesio Delgado nº 2,40.47435,-3.68797,24,True,False
119,1436,26,43,13,0,0,13,0,0.018105849582172703,0.6976744186046512,,43,13,0.3023255813953488,112,Paseo de Moret,Paseo de Moret nº 11,40.4325991,-3.7246532,24,True,False
85,1436,30,11,2,42,10,2,16,0.020891364902506964,0.8181818181818181,0.7619047619047619,53,12,0.22641509433962265,80b,Atocha B,Paseo de la Infanta Isabel nº 3,40.4074902,-3.6901234,27,False,True
239,1436,25,49,10,4,2,11,2,0.017409470752089137,0.7959183673469388,0.5,53,12,0.22641509433962265,231,Derechos Humanos,Calle Derechos Humanos nº 12,40.43965673033275,-3.6557656204708775,24,True,False
207,1436,23,27,12,0,0,11,0,0.016016713091922007,0.5555555555555556,,27,12,0.4444444444444444,199,Fernando el Católico,Calle Fernando el Católico nº 61,40.4343611,-3.7149166,27,True,False
211,1436,23,37,10,1,1,10,2,0.016016713091922007,0.7297297297297297,0.0,38,11,0.2894736842105263,203,San Francisco de Sales,Calle General Ampudia nº 2,40.44175,-3.7144722,24,True,False
105,1436,22,27,7,11,4,7,4,0.01532033426183844,0.7407407407407407,0.6363636363636364,38,11,0.2894736842105263,100,Palacio de Deportes,Calle Goya nº 99,40.42478,-3.67384,24,True,False
242,1436,27,6,4,30,6,4,13,0.018802228412256268,0.33333333333333337,0.8,36,10,0.2777777777777778,234,Marqués de Corbera 52,Avenida Marqués de Corbera nº 52,40.42620714320088,-3.651034981803642,24,False,True
188,1436,22,5,3,23,7,4,8,0.01532033426183844,0.4,0.6956521739130435,28,10,0.35714285714285715,180,Méndez Álvaro,Calle Retama nº 5,40.3941388,-3.6758888,24,False,True
269,1436,21,45,5,15,5,4,7,0.014623955431754874,0.8888888888888888,0.6666666666666667,60,10,0.16666666666666666,261,Facultad Derecho,Avenida Complutense nº 23,40.45109,-3.72937,24,True,False
196,1436,20,34,10,0,0,10,0,0.013927576601671309,0.7058823529411764,,34,10,0.29411764705882354,188,Puente de Ventas,Avenida de Daroca nº 2,40.4311944,-3.6590555,27,True,False
260,1436,18,31,9,0,0,9,0,0.012534818941504178,0.7096774193548387,,31,9,0.2903225806451613,252,Chamartín,Calle Rodríguez Jaén nº 40,40.4716,-3.68391,24,True,False
263,1436,18,28,9,0,0,9,0,0.012534818941504178,0.6785714285714286,,28,9,0.32142857142857145,255,López Pozas,Calle General López Pozas nº 2,40.46361,-3.68514,24,True,False
176,1436,22,7,2,34,6,2,12,0.01532033426183844,0.7142857142857143,0.8235294117647058,41,8,0.1951219512195122,168,Batalla del Salado,Paseo Santa María de la Cabeza nº 29,40.4044722,-3.6959166,24,False,True
229,1436,15,38,5,17,3,5,2,0.010445682451253482,0.868421052631579,0.8235294117647058,55,8,0.14545454545454545,221,Pavones,Calle Hacienda de Pavones nº 342,40.400368,-3.634587,24,True,False
223,1436,16,0,0,31,7,0,9,0.011142061281337047,,0.7741935483870968,31,7,0.22580645161290322,215,Gutierre de Cetina,Calle Gutierre de Cetina nº 77,40.429706,-3.640994,24,False,True
173,1436,10,20,5,0,0,5,0,0.006963788300835654,0.75,,20,5,0.25,159,Paseo de la Habana 63,Paseo de la Habana nº 63,40.4543852,-3.6835926,24,True,False
257,1436,4,20,1,3,1,1,1,0.002785515320334262,0.95,0.6666666666666667,23,2,0.08695652173913043,249,Manuel Caldeiro,Paseo de la Castellana nº 298,40.47938,-3.68532,24,True,False
16,1436,0,1436,0,0,0,0,0,0.0,1.0,,1436,0,0.0,15,San Vicente Ferrer,Calle San Vicente Ferrer nº 64,40.4262383,-3.7074453,21,True,False
20,1436,0,1436,0,0,0,0,0,0.0,1.0,,1436,0,0.0,19,Prim,Calle Prim nº 2,40.4218616,-3.6954983,24,True,False
89,1436,0,1436,0,0,0,0,0,0.0,1.0,,1436,0,0.0,84,Valderribas,Calle Doctor Esquerdo nº 191,40.4032501,-3.6726019,24,True,False
142,1436,0,1436,0,0,0,0,0,0.0,1.0,,1436,0,0.0,152,General Perón 1,Avenida del General Perón frente al nº 4,40.4527164,-3.6990077,24,True,False
143,1436,0,1436,0,0,0,0,0,0.0,1.0,,1436,0,0.0,153,General Perón con Poeta Joan Maragall,Avenida del General Perón frente al nº 36,40.4522454,-3.693085,24,True,False
245,1436,0,1436,0,0,0,0,0,0.0,1.0,,1436,0,0.0,237,Pablo Iglesias,Calle Francisco Balseiro nº 1,40.451333,-3.710525,24,True,False
