class_value,class_name,original_feature,mean_abs_shap,mean_signed_shap,median_shap,q25_shap,q75_shap,shap_rank_within_class,test_class_share,weighted_abs_shap_component,rank_correlation_value_shap,direction_association,valid_rows,factor_family,interpretation_scope
1,riesgo_vaciado,occupancy_ratio,1.5972975492477417,-0.7688807249069214,-0.8703421354293823,-2.5562610626220703,0.8292626738548279,1,0.11463872710390816,0.18311215785195317,-0.9835625708951327,valores_altos_reducen_contribucion,12000.0,estado_actual_estacion,asociacion_predictiva_no_causal
1,riesgo_vaciado,bikes_available,1.326433539390564,-0.919420599937439,-0.6698650121688843,-2.4845662117004395,0.4604324400424957,2,0.11463872710390816,0.15206065254366588,-0.901782533247183,valores_altos_reducen_contribucion,12000.0,estado_actual_estacion,asociacion_predictiva_no_causal
1,riesgo_vaciado,occupancy_ratio_mean_previous_24h,0.15230438113212585,0.01776506006717682,-0.032489046454429626,-0.12725140154361725,0.012685490772128105,3,0.11463872710390816,0.017459980385335395,-0.9318523737573992,valores_altos_reducen_contribucion,10945.0,dinamica_historica_reciente,asociacion_predictiva_no_causal
1,riesgo_vaciado,light,0.10967880487442017,0.031941354274749756,-0.014158466830849648,-0.08757656812667847,0.0033021478448063135,4,0.11463872710390816,0.012573438581081444,0.2740815372697748,valores_altos_aumentan_contribucion,12000.0,otra_senal_contextual,asociacion_predictiva_no_causal
1,riesgo_vaciado,docks_available,0.05857925862073898,0.042929235845804214,-0.0030017723329365253,-0.013587145134806633,0.02164587378501892,5,0.11463872710390816,0.0067154516429721554,-0.283370140769705,valores_altos_reducen_contribucion,12000.0,estado_actual_estacion,asociacion_predictiva_no_causal
1,riesgo_vaciado,hour,0.04603784158825874,-0.007515141740441322,-0.01782127283513546,-0.03624598681926727,0.01667916402220726,6,0.11463872710390816,0.005277719558289348,-0.07317525049791031,sin_direccion_monotona_clara,12000.0,temporal_y_calendario,asociacion_predictiva_no_causal
1,riesgo_vaciado,net_flow_lag_24h,0.037823185324668884,-0.0166658703237772,-0.022364813834428787,-0.04353457689285278,0.005141979083418846,7,0.11463872710390816,0.00433600182063526,-0.8036383873073359,valores_altos_reducen_contribucion,10945.0,dinamica_historica_reciente,asociacion_predictiva_no_causal
1,riesgo_vaciado,occupancy_ratio_lag_1h,0.033151570707559586,0.01282690279185772,0.017804404720664024,-0.016794832423329353,0.03555770218372345,8,0.11463872710390816,0.003800453867409839,-0.18499871794456255,valores_altos_reducen_contribucion,11964.0,dinamica_historica_reciente,asociacion_predictiva_no_causal
1,riesgo_vaciado,occupancy_ratio_mean_previous_3h,0.03291168063879013,0.016950439661741257,0.005855844356119633,-0.013150885701179504,0.05350285395979881,9,0.11463872710390816,0.0037729531752812395,0.6849008396358894,valores_altos_aumentan_contribucion,11881.0,dinamica_historica_reciente,asociacion_predictiva_no_causal
1,riesgo_vaciado,bikes_available_lag_1h,0.032278481870889664,0.018079333007335663,0.012972809374332428,-0.00740852952003479,0.04803922027349472,10,0.11463872710390816,0.003700364074525367,0.5799239470483041,valores_altos_aumentan_contribucion,11964.0,dinamica_historica_reciente,asociacion_predictiva_no_causal
1,riesgo_vaciado,arrivals_count_mean_previous_24h,0.026905985549092293,-0.015363660641014576,-0.011544674634933472,-0.025831494480371475,0.006322490517050028,11,0.11463872710390816,0.003084467934824088,0.26616337652407335,valores_altos_aumentan_contribucion,10945.0,dinamica_historica_reciente,asociacion_predictiva_no_causal
1,riesgo_vaciado,station_id,0.024251185357570648,-0.009824746288359165,-0.007604391314089298,-0.01217866875231266,-0.00040067825466394424,12,0.11463872710390816,0.0027801250201528347,,,,identidad_y_heterogeneidad_espacial,asociacion_predictiva_no_causal
1,riesgo_vaciado,departures_count_lag_1h,0.023986129090189934,-0.009548043832182884,-0.012700941413640976,-0.024584680795669556,0.00932113267481327,13,0.11463872710390816,0.0027497393070493965,0.8544757270828877,valores_altos_aumentan_contribucion,11964.0,dinamica_historica_reciente,asociacion_predictiva_no_causal
1,riesgo_vaciado,net_flow_mean_previous_3h,0.023243550211191177,-0.009165209718048573,-0.012240629643201828,-0.02815389633178711,0.011415088549256325,14,0.11463872710390816,0.0026646110095867323,-0.8266289542378822,valores_altos_reducen_contribucion,11881.0,dinamica_historica_reciente,asociacion_predictiva_no_causal
1,riesgo_vaciado,departures_count_lag_24h,0.02287600003182888,-0.01189443189650774,-0.01274125650525093,-0.02987637370824814,-0.0016060300404205918,15,0.11463872710390816,0.002622475524877825,0.7837280517869587,valores_altos_aumentan_contribucion,10945.0,dinamica_historica_reciente,asociacion_predictiva_no_causal
1,riesgo_vaciado,arrivals_count_lag_1h,0.022008992731571198,-0.002867863280698657,-0.008631378412246704,-0.01762918010354042,0.009311297908425331,16,0.11463872710390816,0.0025230829115864884,-0.8859787645481071,valores_altos_reducen_contribucion,11964.0,dinamica_historica_reciente,asociacion_predictiva_no_causal
1,riesgo_vaciado,occupancy_ratio_lag_24h,0.019965393468737602,-7.908605766715482e-05,-0.007022838108241558,-0.014761241152882576,0.0007105172844603658,17,0.11463872710390816,0.0022888072933847604,-0.18238980963623852,valores_altos_reducen_contribucion,10945.0,dinamica_historica_reciente,asociacion_predictiva_no_causal
1,riesgo_vaciado,occupancy_ratio_lag_2h,0.019737062975764275,0.0063053094781935215,0.009311957284808159,-0.012411405332386494,0.024342069402337074,18,0.11463872710390816,0.00226263177631129,0.022761828398711253,sin_direccion_monotona_clara,11928.0,dinamica_historica_reciente,asociacion_predictiva_no_causal
1,riesgo_vaciado,relative_humidity_median_pct,0.01826721616089344,-0.01792295090854168,-0.015888523310422897,-0.02496287040412426,-0.008065182715654373,19,0.11463872710390816,0.002094130408416764,-0.6004469037010045,valores_altos_reducen_contribucion,12000.0,meteorologia,asociacion_predictiva_no_causal
1,riesgo_vaciado,week_of_year,0.017591949552297592,-0.0030180783942341805,0.0035599994007498026,-0.006955564953386784,0.01335051842033863,20,0.11463872710390816,0.002016718703951563,-0.6106104856530216,valores_altos_reducen_contribucion,12000.0,temporal_y_calendario,asociacion_predictiva_no_causal
2,riesgo_saturacion,occupancy_ratio,2.710150957107544,-1.3260012865066528,-2.229499340057373,-3.7410082817077637,1.5634011030197144,1,0.015093483582341522,0.04090561897676988,0.9179108119067797,valores_altos_aumentan_contribucion,12000.0,estado_actual_estacion,asociacion_predictiva_no_causal
2,riesgo_saturacion,docks_available,0.25615182518959045,-0.21231167018413544,-0.03704483062028885,-0.4785544276237488,0.03042479231953621,2,0.015093483582341522,0.003866223368085899,-0.6908476850776744,valores_altos_reducen_contribucion,12000.0,estado_actual_estacion,asociacion_predictiva_no_causal
2,riesgo_saturacion,bikes_available,0.1180078312754631,-0.018383724614977837,-0.05136891454458237,-0.13228434324264526,0.09888321906328201,3,0.015093483582341522,0.0017811492639439308,0.9192812094418198,valores_altos_aumentan_contribucion,12000.0,estado_actual_estacion,asociacion_predictiva_no_causal
2,riesgo_saturacion,occupancy_ratio_mean_previous_24h,0.07862436771392822,-0.05495615676045418,-0.037775248289108276,-0.11032208800315857,-0.002437436953186989,4,0.015093483582341522,0.0011867156032621584,0.8840456215008479,valores_altos_aumentan_contribucion,10945.0,dinamica_historica_reciente,asociacion_predictiva_no_causal
2,riesgo_saturacion,reservations_count,0.07742813229560852,-0.040949732065200806,-0.062083106487989426,-0.08490074425935745,-0.027268927544355392,5,0.015093483582341522,0.0011686602436151345,0.30408607110511093,valores_altos_aumentan_contribucion,12000.0,estado_actual_estacion,asociacion_predictiva_no_causal
2,riesgo_saturacion,light,0.0697193294763565,-0.022393859922885895,-0.03909188508987427,-0.10339295119047165,0.057540163397789,6,0.015093483582341522,0.0010523075548232463,0.40667197757956813,valores_altos_aumentan_contribucion,12000.0,otra_senal_contextual,asociacion_predictiva_no_causal
2,riesgo_saturacion,arrivals_count_lag_1h,0.06959418952465057,-0.040987323969602585,-0.06145058199763298,-0.0803280919790268,-0.01930941455066204,7,0.015093483582341522,0.0010504187570166777,0.6952075925324028,valores_altos_aumentan_contribucion,11964.0,dinamica_historica_reciente,asociacion_predictiva_no_causal
2,riesgo_saturacion,hour,0.05194263532757759,-0.008180014789104462,-0.019923869520425797,-0.044733285903930664,0.012437727302312851,8,0.015093483582341522,0.0007839953135403451,-0.20662457673791,valores_altos_reducen_contribucion,12000.0,temporal_y_calendario,asociacion_predictiva_no_causal
2,riesgo_saturacion,net_flow_lag_24h,0.04925261437892914,-0.0213208869099617,-0.02207430638372898,-0.05486644059419632,-0.0029942505061626434,9,0.015093483582341522,0.0007433935265157649,0.8283220160268807,valores_altos_aumentan_contribucion,10945.0,dinamica_historica_reciente,asociacion_predictiva_no_causal
2,riesgo_saturacion,net_flow_lag_1h,0.04921160265803337,-0.025402402505278587,-0.03438809886574745,-0.06189386546611786,-0.008161671459674835,10,0.015093483582341522,0.000742774516779741,0.5534797018760841,valores_altos_aumentan_contribucion,11964.0,dinamica_historica_reciente,asociacion_predictiva_no_causal
2,riesgo_saturacion,occupancy_ratio_lag_1h,0.04260832071304321,0.008263413794338703,-0.003168618306517601,-0.02791483700275421,0.02593342959880829,11,0.015093483582341522,0.00064310798915346,0.8003740668967144,valores_altos_aumentan_contribucion,11964.0,dinamica_historica_reciente,asociacion_predictiva_no_causal
2,riesgo_saturacion,arrivals_count_lag_24h,0.026407497003674507,-0.018090130761265755,-0.02175505831837654,-0.03191956505179405,-0.007389528211206198,12,0.015093483582341522,0.0003985811224756941,0.594737130021108,valores_altos_aumentan_contribucion,10945.0,dinamica_historica_reciente,asociacion_predictiva_no_causal
2,riesgo_saturacion,departures_count_mean_previous_3h,0.02508644014596939,-0.0004248884506523609,-0.0030519054271280766,-0.024439528584480286,0.023300401866436005,13,0.015093483582341522,0.0003786417724825823,-0.7335366650447293,valores_altos_reducen_contribucion,11881.0,dinamica_historica_reciente,asociacion_predictiva_no_causal
2,riesgo_saturacion,net_flow_mean_previous_3h,0.024558141827583313,-0.013502470217645168,-0.01550755649805069,-0.028299326077103615,-0.0023550307378172874,14,0.015093483582341522,0.00037066791048744334,0.8362812291491275,valores_altos_aumentan_contribucion,11881.0,dinamica_historica_reciente,asociacion_predictiva_no_causal
2,riesgo_saturacion,arrivals_count_mean_previous_3h,0.023614216595888138,-0.010520043782889843,-0.013047931715846062,-0.021703071892261505,-0.0035054238978773355,15,0.015093483582341522,0.0003564207904998943,0.560615960421304,valores_altos_aumentan_contribucion,11881.0,dinamica_historica_reciente,asociacion_predictiva_no_causal
2,riesgo_saturacion,occupancy_ratio_mean_previous_3h,0.022633863613009453,0.012179448269307613,0.012837216258049011,-0.004262532573193312,0.025389257818460464,16,0.015093483582341522,0.00034162384884791534,-0.5864139158277208,valores_altos_reducen_contribucion,11881.0,dinamica_historica_reciente,asociacion_predictiva_no_causal
2,riesgo_saturacion,departures_count_lag_24h,0.022283701226115227,0.0020868193823844194,-0.0038809902034699917,-0.013905661180615425,0.015012932941317558,17,0.015093483582341522,0.0003363386786101738,-0.6685663227916457,valores_altos_reducen_contribucion,10945.0,dinamica_historica_reciente,asociacion_predictiva_no_causal
2,riesgo_saturacion,station_id,0.02191057801246643,-0.008818341419100761,-0.00989784486591816,-0.018391355872154236,-0.0008114649681374431,18,0.015093483582341522,0.0003307069495107752,,,,identidad_y_heterogeneidad_espacial,asociacion_predictiva_no_causal
2,riesgo_saturacion,week_of_year,0.02057492546737194,-0.018239498138427734,-0.017631880939006805,-0.027308538556098938,-0.006865231785923243,19,0.015093483582341522,0.00031054729974967885,0.46842328074032147,valores_altos_aumentan_contribucion,12000.0,temporal_y_calendario,asociacion_predictiva_no_causal
2,riesgo_saturacion,net_flow_mean_previous_24h,0.020359152927994728,-0.00850311666727066,-0.009309312328696251,-0.022868815809488297,0.006802366115152836,20,0.015093483582341522,0.00030729054046906874,0.00391088268833338,sin_direccion_monotona_clara,10945.0,dinamica_historica_reciente,asociacion_predictiva_no_causal
