transformed_feature,original_feature,gain,total_gain,split_count
numeric__capacity,capacity,14.798905372619629,11084.3798828125,749.0
numeric__bikes_available,bikes_available,450.751220703125,573806.3125,1273.0
numeric__docks_available,docks_available,17.901535034179688,27980.099609375,1563.0
numeric__reservations_count,reservations_count,18.812673568725586,16912.59375,899.0
numeric__occupancy_ratio,occupancy_ratio,1010.3768920898438,2849262.75,2820.0
numeric__light,light,184.14100646972656,71446.7109375,388.0
numeric__weather_available,weather_available,5.308557510375977,5.308557510375977,1.0
numeric__uv_radiation_median_mw_m2,uv_radiation_median_mw_m2,7.91546630859375,2746.666748046875,347.0
numeric__wind_speed_median_m_s,wind_speed_median_m_s,7.633231163024902,12144.470703125,1591.0
numeric__wind_direction_sin_mean,wind_direction_sin_mean,7.460018634796143,12502.9912109375,1676.0
numeric__wind_direction_cos_mean,wind_direction_cos_mean,7.5413594245910645,12239.6259765625,1623.0
numeric__temperature_median_c,temperature_median_c,8.266621589660645,14987.384765625,1813.0
numeric__relative_humidity_median_pct,relative_humidity_median_pct,8.476900100708008,13741.0556640625,1621.0
numeric__barometric_pressure_median_mb,barometric_pressure_median_mb,7.711393356323242,9037.7529296875,1172.0
numeric__solar_radiation_median_w_m2,solar_radiation_median_w_m2,8.879142761230469,25083.578125,2825.0
numeric__precipitation_mean_l_m2,precipitation_mean_l_m2,7.9375481605529785,2166.95068359375,273.0
numeric__precipitation_max_l_m2,precipitation_max_l_m2,7.548435211181641,822.7794189453125,109.0
numeric__n_temperature,n_temperature,8.36683464050293,4718.89453125,564.0
numeric__n_relative_humidity,n_relative_humidity,9.048369407653809,6804.37353515625,752.0
numeric__n_precipitation,n_precipitation,7.811037063598633,1866.837890625,239.0
numeric__hour,hour,20.096067428588867,83559.4453125,4158.0
numeric__day_of_week,day_of_week,8.766007423400879,14411.31640625,1644.0
numeric__month,month,8.498910903930664,3289.078369140625,387.0
numeric__week_of_year,week_of_year,8.156898498535156,13124.44921875,1609.0
numeric__occupancy_ratio_lag_1h,occupancy_ratio_lag_1h,12.992937088012695,22269.89453125,1714.0
numeric__occupancy_ratio_lag_2h,occupancy_ratio_lag_2h,9.39870834350586,11908.1630859375,1267.0
numeric__occupancy_ratio_lag_24h,occupancy_ratio_lag_24h,8.781621932983398,15367.8388671875,1750.0
numeric__bikes_available_lag_1h,bikes_available_lag_1h,14.773035049438477,10547.947265625,714.0
numeric__bikes_available_lag_2h,bikes_available_lag_2h,10.372716903686523,6545.1845703125,631.0
numeric__bikes_available_lag_24h,bikes_available_lag_24h,8.777957916259766,6170.904296875,703.0
numeric__net_flow_lag_1h,net_flow_lag_1h,11.087088584899902,15366.705078125,1386.0
numeric__net_flow_lag_2h,net_flow_lag_2h,7.78214168548584,7898.8740234375,1015.0
numeric__net_flow_lag_24h,net_flow_lag_24h,11.719042778015137,26285.8125,2243.0
numeric__departures_count_lag_1h,departures_count_lag_1h,17.847265243530273,16187.4697265625,907.0
numeric__departures_count_lag_2h,departures_count_lag_2h,7.729621410369873,6013.6455078125,778.0
numeric__departures_count_lag_24h,departures_count_lag_24h,11.935117721557617,13546.3583984375,1135.0
numeric__arrivals_count_lag_1h,arrivals_count_lag_1h,31.598007202148438,39655.5,1255.0
numeric__arrivals_count_lag_2h,arrivals_count_lag_2h,8.462250709533691,6338.2255859375,749.0
numeric__arrivals_count_lag_24h,arrivals_count_lag_24h,15.441746711730957,19224.974609375,1245.0
numeric__occupancy_ratio_mean_previous_3h,occupancy_ratio_mean_previous_3h,10.236345291137695,21332.54296875,2084.0
numeric__occupancy_ratio_mean_previous_24h,occupancy_ratio_mean_previous_24h,10.798234939575195,38106.97265625,3529.0
numeric__net_flow_mean_previous_3h,net_flow_mean_previous_3h,8.467905044555664,14217.6123046875,1679.0
numeric__net_flow_mean_previous_24h,net_flow_mean_previous_24h,7.786586284637451,11438.4951171875,1469.0
numeric__departures_count_mean_previous_3h,departures_count_mean_previous_3h,9.837882041931152,14009.14453125,1424.0
numeric__departures_count_mean_previous_24h,departures_count_mean_previous_24h,10.323382377624512,18086.56640625,1752.0
numeric__arrivals_count_mean_previous_3h,arrivals_count_mean_previous_3h,17.79581642150879,23988.759765625,1348.0
numeric__arrivals_count_mean_previous_24h,arrivals_count_mean_previous_24h,10.702552795410156,18215.744140625,1702.0
numeric__missingindicator_uv_radiation_median_mw_m2,uv_radiation_median_mw_m2,8.76672649383545,1393.9095458984375,159.0
numeric__missingindicator_wind_speed_median_m_s,wind_speed_median_m_s,5.2133636474609375,5.2133636474609375,1.0
numeric__missingindicator_wind_direction_sin_mean,wind_direction_sin_mean,0.0,0.0,0.0
numeric__missingindicator_wind_direction_cos_mean,wind_direction_cos_mean,0.0,0.0,0.0
numeric__missingindicator_temperature_median_c,temperature_median_c,0.0,0.0,0.0
numeric__missingindicator_relative_humidity_median_pct,relative_humidity_median_pct,0.0,0.0,0.0
numeric__missingindicator_barometric_pressure_median_mb,barometric_pressure_median_mb,0.0,0.0,0.0
numeric__missingindicator_solar_radiation_median_w_m2,solar_radiation_median_w_m2,0.0,0.0,0.0
numeric__missingindicator_precipitation_mean_l_m2,precipitation_mean_l_m2,0.0,0.0,0.0
numeric__missingindicator_precipitation_max_l_m2,precipitation_max_l_m2,0.0,0.0,0.0
numeric__missingindicator_n_temperature,n_temperature,0.0,0.0,0.0
numeric__missingindicator_n_relative_humidity,n_relative_humidity,0.0,0.0,0.0
numeric__missingindicator_n_precipitation,n_precipitation,0.0,0.0,0.0
numeric__missingindicator_occupancy_ratio_lag_1h,occupancy_ratio_lag_1h,9.143736839294434,54.86241912841797,6.0
numeric__missingindicator_occupancy_ratio_lag_2h,occupancy_ratio_lag_2h,8.4195556640625,42.0977783203125,5.0
numeric__missingindicator_occupancy_ratio_lag_24h,occupancy_ratio_lag_24h,7.8662590980529785,385.4466857910156,49.0
numeric__missingindicator_bikes_available_lag_1h,bikes_available_lag_1h,0.0,0.0,0.0
numeric__missingindicator_bikes_available_lag_2h,bikes_available_lag_2h,0.0,0.0,0.0
numeric__missingindicator_bikes_available_lag_24h,bikes_available_lag_24h,14.273112297058105,114.18489837646484,8.0
numeric__missingindicator_net_flow_lag_1h,net_flow_lag_1h,0.0,0.0,0.0
numeric__missingindicator_net_flow_lag_2h,net_flow_lag_2h,5.903861045837402,5.903861045837402,1.0
numeric__missingindicator_net_flow_lag_24h,net_flow_lag_24h,0.0,0.0,0.0
numeric__missingindicator_departures_count_lag_1h,departures_count_lag_1h,0.0,0.0,0.0
numeric__missingindicator_departures_count_lag_2h,departures_count_lag_2h,0.0,0.0,0.0
numeric__missingindicator_departures_count_lag_24h,departures_count_lag_24h,0.0,0.0,0.0
numeric__missingindicator_arrivals_count_lag_1h,arrivals_count_lag_1h,0.0,0.0,0.0
numeric__missingindicator_arrivals_count_lag_2h,arrivals_count_lag_2h,0.0,0.0,0.0
numeric__missingindicator_arrivals_count_lag_24h,arrivals_count_lag_24h,0.0,0.0,0.0
numeric__missingindicator_occupancy_ratio_mean_previous_3h,occupancy_ratio_mean_previous_3h,8.3147554397583,157.9803466796875,19.0
numeric__missingindicator_occupancy_ratio_mean_previous_24h,occupancy_ratio_mean_previous_24h,0.0,0.0,0.0
numeric__missingindicator_net_flow_mean_previous_3h,net_flow_mean_previous_3h,6.772451400756836,13.544902801513672,2.0
numeric__missingindicator_net_flow_mean_previous_24h,net_flow_mean_previous_24h,0.0,0.0,0.0
numeric__missingindicator_departures_count_mean_previous_3h,departures_count_mean_previous_3h,0.0,0.0,0.0
numeric__missingindicator_departures_count_mean_previous_24h,departures_count_mean_previous_24h,0.0,0.0,0.0
numeric__missingindicator_arrivals_count_mean_previous_3h,arrivals_count_mean_previous_3h,0.0,0.0,0.0
numeric__missingindicator_arrivals_count_mean_previous_24h,arrivals_count_mean_previous_24h,0.0,0.0,0.0
categorical__station_id_1,station_id,13.481110572814941,53.924442291259766,4.0
categorical__station_id_2,station_id,6.660341739654541,159.84820556640625,24.0
categorical__station_id_3,station_id,7.253563404083252,195.84620666503906,27.0
categorical__station_id_4,station_id,7.1078643798828125,227.45166015625,32.0
categorical__station_id_5,station_id,6.670670986175537,53.3653678894043,8.0
categorical__station_id_6,station_id,6.424221992492676,25.696887969970703,4.0
categorical__station_id_7,station_id,6.618869304656982,59.56982421875,9.0
categorical__station_id_8,station_id,6.673750400543213,106.7800064086914,16.0
categorical__station_id_9,station_id,6.898131370544434,186.24954223632812,27.0
categorical__station_id_10,station_id,6.142849922180176,24.571399688720703,4.0
categorical__station_id_11,station_id,7.1098737716674805,241.73570251464844,34.0
categorical__station_id_12,station_id,7.411035060882568,281.61932373046875,38.0
categorical__station_id_13,station_id,6.640737056732178,119.53326416015625,18.0
categorical__station_id_14,station_id,6.847249507904053,89.01424407958984,13.0
categorical__station_id_15,station_id,6.708384037017822,60.375457763671875,9.0
categorical__station_id_16,station_id,6.9803924560546875,90.74510192871094,13.0
categorical__station_id_17,station_id,6.313856601715088,88.39398956298828,14.0
categorical__station_id_18,station_id,7.274432182312012,218.23297119140625,30.0
categorical__station_id_19,station_id,7.42952299118042,133.73141479492188,18.0
categorical__station_id_20,station_id,6.860027313232422,6.860027313232422,1.0
categorical__station_id_21,station_id,8.408738136291504,210.2184600830078,25.0
categorical__station_id_23,station_id,0.0,0.0,0.0
categorical__station_id_24,station_id,0.0,0.0,0.0
categorical__station_id_25,station_id,7.458475112915039,82.04322814941406,11.0
categorical__station_id_26,station_id,6.426819801330566,83.54866027832031,13.0
categorical__station_id_27,station_id,7.0612311363220215,105.91846466064453,15.0
categorical__station_id_28,station_id,7.267979145050049,58.14383316040039,8.0
categorical__station_id_29,station_id,7.471949100494385,44.831695556640625,6.0
categorical__station_id_30,station_id,6.96615743637085,153.25546264648438,22.0
categorical__station_id_31,station_id,6.763026714324951,196.12777709960938,29.0
categorical__station_id_32,station_id,6.882421970367432,75.7066421508789,11.0
categorical__station_id_33,station_id,5.989232540130615,17.967697143554688,3.0
categorical__station_id_34,station_id,6.454771041870117,6.454771041870117,1.0
categorical__station_id_35,station_id,6.762521743774414,40.575130462646484,6.0
categorical__station_id_36,station_id,6.92529821395874,69.25298309326172,10.0
categorical__station_id_37,station_id,7.758223056793213,356.8782653808594,46.0
categorical__station_id_38,station_id,7.1684956550598145,222.22335815429688,31.0
categorical__station_id_39,station_id,7.860867023468018,86.46953582763672,11.0
categorical__station_id_40,station_id,8.11648941040039,16.23297882080078,2.0
categorical__station_id_41,station_id,7.406198978424072,385.1223449707031,52.0
categorical__station_id_42,station_id,8.653593063354492,986.5095825195312,114.0
categorical__station_id_43,station_id,7.326116561889648,227.109619140625,31.0
categorical__station_id_44,station_id,7.017627716064453,56.141021728515625,8.0
categorical__station_id_45,station_id,6.3545942306518555,50.836753845214844,8.0
categorical__station_id_46,station_id,7.693328380584717,430.8263854980469,56.0
categorical__station_id_47,station_id,6.740412712097168,195.4719696044922,29.0
categorical__station_id_48,station_id,7.73239278793335,533.5350952148438,69.0
categorical__station_id_49,station_id,8.448525428771973,380.1836242675781,45.0
categorical__station_id_50,station_id,6.313754558563232,31.56877326965332,5.0
categorical__station_id_51,station_id,6.596052646636963,52.7684211730957,8.0
categorical__station_id_52,station_id,7.279306888580322,94.63098907470703,13.0
categorical__station_id_53,station_id,7.277796268463135,123.7225341796875,17.0
categorical__station_id_54,station_id,9.050084114074707,45.25041961669922,5.0
categorical__station_id_55,station_id,7.295185089111328,196.97000122070312,27.0
categorical__station_id_56,station_id,7.083927154541016,120.42676544189453,17.0
categorical__station_id_57,station_id,6.642297267913818,92.9921646118164,14.0
categorical__station_id_58,station_id,6.728272914886475,127.8371810913086,19.0
categorical__station_id_59,station_id,7.7074294090271,223.5154571533203,29.0
categorical__station_id_60,station_id,5.999080657958984,41.99356460571289,7.0
categorical__station_id_61,station_id,0.0,0.0,0.0
categorical__station_id_62,station_id,7.569093704223633,68.12184143066406,9.0
categorical__station_id_63,station_id,7.234782695770264,296.6260986328125,41.0
categorical__station_id_64,station_id,7.935391426086426,714.1852416992188,90.0
categorical__station_id_65,station_id,7.088733673095703,42.53240203857422,6.0
categorical__station_id_66,station_id,6.177993297576904,98.84789276123047,16.0
categorical__station_id_67,station_id,7.4157891273498535,192.81051635742188,26.0
categorical__station_id_69,station_id,6.831643581390381,293.76068115234375,43.0
categorical__station_id_71,station_id,6.357631206512451,50.86104965209961,8.0
categorical__station_id_72,station_id,9.311776161193848,111.74131774902344,12.0
categorical__station_id_73,station_id,7.057258605957031,28.229034423828125,4.0
categorical__station_id_74,station_id,7.4000325202941895,44.40019607543945,6.0
categorical__station_id_75,station_id,7.004156112670898,56.03324890136719,8.0
categorical__station_id_76,station_id,8.673194885253906,112.75153350830078,13.0
categorical__station_id_77,station_id,6.149265289306641,104.53750610351562,17.0
categorical__station_id_78,station_id,6.63384485244751,179.1138153076172,27.0
categorical__station_id_79,station_id,6.974615573883057,104.61923217773438,15.0
categorical__station_id_80,station_id,7.219141483306885,21.657424926757812,3.0
categorical__station_id_81,station_id,8.062277793884277,225.7437744140625,28.0
categorical__station_id_82,station_id,6.853998184204102,185.05795288085938,27.0
categorical__station_id_83,station_id,7.346911907196045,124.89749908447266,17.0
categorical__station_id_84,station_id,7.487651348114014,119.80242156982422,16.0
categorical__station_id_85,station_id,7.1511664390563965,185.93032836914062,26.0
categorical__station_id_86,station_id,7.1893696784973145,28.757478713989258,4.0
categorical__station_id_87,station_id,5.857785224914551,46.862281799316406,8.0
categorical__station_id_88,station_id,6.579345703125,6.579345703125,1.0
categorical__station_id_89,station_id,6.308534145355225,50.4682731628418,8.0
categorical__station_id_90,station_id,6.540095806121826,163.5023956298828,25.0
categorical__station_id_91,station_id,7.169144153594971,480.3326721191406,67.0
categorical__station_id_92,station_id,7.1647210121154785,236.435791015625,33.0
categorical__station_id_93,station_id,6.389070510864258,115.0032730102539,18.0
categorical__station_id_94,station_id,7.057204723358154,84.68645477294922,12.0
categorical__station_id_95,station_id,7.778788089752197,62.23030471801758,8.0
categorical__station_id_96,station_id,5.5102105140686035,16.53063201904297,3.0
categorical__station_id_97,station_id,7.615309238433838,213.22865295410156,28.0
categorical__station_id_98,station_id,7.840508937835693,227.374755859375,29.0
categorical__station_id_99,station_id,7.046656131744385,295.9595642089844,42.0
categorical__station_id_100,station_id,6.906168460845947,227.903564453125,33.0
categorical__station_id_101,station_id,6.617280006408691,13.234560012817383,2.0
categorical__station_id_102,station_id,7.240405082702637,144.80810546875,20.0
categorical__station_id_103,station_id,6.297873020172119,88.17021942138672,14.0
categorical__station_id_104,station_id,7.772970676422119,23.318912506103516,3.0
categorical__station_id_105,station_id,5.651930809020996,28.259654998779297,5.0
categorical__station_id_106,station_id,6.514877796173096,175.90170288085938,27.0
categorical__station_id_107,station_id,7.5328521728515625,143.1241912841797,19.0
categorical__station_id_108,station_id,8.856006622314453,664.2005004882812,75.0
categorical__station_id_109,station_id,7.758815765380859,131.89987182617188,17.0
categorical__station_id_110,station_id,7.608923435211182,144.56954956054688,19.0
categorical__station_id_111,station_id,7.759607315063477,116.39411163330078,15.0
categorical__station_id_112,station_id,9.997076034545898,129.9619903564453,13.0
categorical__station_id_113,station_id,8.45020580291748,625.3152465820312,74.0
categorical__station_id_114,station_id,6.603548526763916,92.44967651367188,14.0
categorical__station_id_115,station_id,7.504002571105957,127.56804656982422,17.0
categorical__station_id_116,station_id,6.412107944488525,128.24215698242188,20.0
categorical__station_id_117,station_id,5.94805908203125,5.94805908203125,1.0
categorical__station_id_118,station_id,6.571345806121826,59.142112731933594,9.0
categorical__station_id_119,station_id,5.976694107055664,71.72032928466797,12.0
categorical__station_id_120,station_id,6.781473159790039,101.72209930419922,15.0
categorical__station_id_121,station_id,6.105825424194336,109.90486145019531,18.0
categorical__station_id_122,station_id,6.673381328582764,80.08057403564453,12.0
categorical__station_id_123,station_id,6.236832141876221,74.84198760986328,12.0
categorical__station_id_124,station_id,5.2775959968566895,21.110383987426758,4.0
categorical__station_id_125,station_id,6.427403926849365,96.41105651855469,15.0
categorical__station_id_126,station_id,6.50168514251709,104.02696228027344,16.0
categorical__station_id_127,station_id,7.132078170776367,213.96234130859375,30.0
categorical__station_id_128,station_id,7.196610927581787,438.9932556152344,61.0
categorical__station_id_129,station_id,6.912604808807373,228.11595153808594,33.0
categorical__station_id_130,station_id,7.086173057556152,127.55111694335938,18.0
categorical__station_id_131,station_id,6.934533596038818,83.21440124511719,12.0
categorical__station_id_132,station_id,6.903589725494385,214.0112762451172,31.0
categorical__station_id_133,station_id,6.538265228271484,183.07142639160156,28.0
categorical__station_id_134,station_id,6.383765697479248,82.98895263671875,13.0
categorical__station_id_135,station_id,7.276403427124023,152.80447387695312,21.0
categorical__station_id_136,station_id,7.618583679199219,99.04158782958984,13.0
categorical__station_id_137,station_id,6.103188514709473,42.722320556640625,7.0
categorical__station_id_138,station_id,5.909796237945557,5.909796237945557,1.0
categorical__station_id_139,station_id,7.485812187194824,202.11692810058594,27.0
categorical__station_id_140,station_id,8.662812232971191,459.1290283203125,53.0
categorical__station_id_141,station_id,6.4767913818359375,25.90716552734375,4.0
categorical__station_id_142,station_id,6.3919830322265625,70.31181335449219,11.0
categorical__station_id_143,station_id,7.037868499755859,232.24966430664062,33.0
categorical__station_id_144,station_id,5.5120015144348145,5.5120015144348145,1.0
categorical__station_id_145,station_id,6.553653240203857,235.9315185546875,36.0
categorical__station_id_146,station_id,0.0,0.0,0.0
categorical__station_id_147,station_id,6.034885883331299,42.24420166015625,7.0
categorical__station_id_148,station_id,6.730761528015137,107.69218444824219,16.0
categorical__station_id_149,station_id,6.941904544830322,360.9790344238281,52.0
categorical__station_id_150,station_id,6.350195407867432,38.101173400878906,6.0
categorical__station_id_151,station_id,7.088245868682861,184.2943878173828,26.0
categorical__station_id_152,station_id,6.793276309967041,20.37982940673828,3.0
categorical__station_id_153,station_id,7.135758876800537,42.814552307128906,6.0
categorical__station_id_154,station_id,7.996004581451416,503.748291015625,63.0
categorical__station_id_155,station_id,7.915895938873291,166.2338104248047,21.0
categorical__station_id_156,station_id,6.947696685791016,118.11084747314453,17.0
categorical__station_id_157,station_id,7.4968953132629395,427.3230285644531,57.0
categorical__station_id_158,station_id,0.0,0.0,0.0
categorical__station_id_159,station_id,7.706142425537109,30.824569702148438,4.0
categorical__station_id_160,station_id,6.505038261413574,52.040306091308594,8.0
categorical__station_id_161,station_id,5.994131088256836,53.94717788696289,9.0
categorical__station_id_162,station_id,8.177885055541992,621.519287109375,76.0
categorical__station_id_163,station_id,7.12099552154541,227.87185668945312,32.0
categorical__station_id_164,station_id,6.902383804321289,89.73098754882812,13.0
categorical__station_id_165,station_id,9.994481086730957,129.92825317382812,13.0
categorical__station_id_166,station_id,7.461010456085205,134.29818725585938,18.0
categorical__station_id_167,station_id,7.050990581512451,169.22377014160156,24.0
categorical__station_id_168,station_id,6.435525417327881,109.4039306640625,17.0
categorical__station_id_169,station_id,6.885374546051025,82.62449645996094,12.0
categorical__station_id_170,station_id,7.016315460205078,70.16315460205078,10.0
categorical__station_id_171,station_id,6.918909072875977,131.4592742919922,19.0
categorical__station_id_172,station_id,6.404146671295166,115.27464294433594,18.0
categorical__station_id_173,station_id,0.0,0.0,0.0
categorical__station_id_174,station_id,6.539710998535156,19.61913299560547,3.0
categorical__station_id_175,station_id,8.005125999450684,184.11788940429688,23.0
categorical__station_id_176,station_id,6.725102424621582,26.900409698486328,4.0
categorical__station_id_177,station_id,5.873308181762695,52.85977554321289,9.0
categorical__station_id_178,station_id,6.558791160583496,104.94065856933594,16.0
categorical__station_id_179,station_id,7.045851707458496,35.2292594909668,5.0
categorical__station_id_180,station_id,0.0,0.0,0.0
categorical__station_id_181,station_id,6.8117194175720215,122.61094665527344,18.0
categorical__station_id_182,station_id,6.3022780418396,88.23189544677734,14.0
categorical__station_id_183,station_id,7.613061428070068,76.130615234375,10.0
categorical__station_id_184,station_id,6.166217803955078,61.66217803955078,10.0
categorical__station_id_185,station_id,7.3298492431640625,307.8536682128906,42.0
categorical__station_id_186,station_id,6.068942070007324,24.275768280029297,4.0
categorical__station_id_187,station_id,7.8416337966918945,86.25797271728516,11.0
categorical__station_id_188,station_id,6.535871982574463,71.89459228515625,11.0
categorical__station_id_189,station_id,5.979971885681152,41.85980224609375,7.0
categorical__station_id_190,station_id,6.535208702087402,91.492919921875,14.0
categorical__station_id_191,station_id,0.0,0.0,0.0
categorical__station_id_192,station_id,8.03208065032959,240.96243286132812,30.0
categorical__station_id_193,station_id,6.200451850891113,24.801807403564453,4.0
categorical__station_id_194,station_id,6.575028896331787,39.450172424316406,6.0
categorical__station_id_195,station_id,6.161036968231201,67.77140808105469,11.0
categorical__station_id_196,station_id,6.0774126052856445,54.696712493896484,9.0
categorical__station_id_197,station_id,6.021759033203125,36.13055419921875,6.0
categorical__station_id_198,station_id,7.442619323730469,22.327857971191406,3.0
categorical__station_id_199,station_id,6.8043928146362305,61.23953628540039,9.0
categorical__station_id_200,station_id,6.855759620666504,54.84607696533203,8.0
categorical__station_id_201,station_id,6.400888442993164,19.202665328979492,3.0
categorical__station_id_202,station_id,6.8237762451171875,54.5902099609375,8.0
categorical__station_id_203,station_id,5.989082336425781,71.86898803710938,12.0
categorical__station_id_204,station_id,6.11991548538208,55.07923889160156,9.0
categorical__station_id_205,station_id,5.378352165222168,5.378352165222168,1.0
categorical__station_id_206,station_id,6.988492965698242,62.89643859863281,9.0
categorical__station_id_207,station_id,6.966041088104248,27.864164352416992,4.0
categorical__station_id_208,station_id,5.839025020599365,110.94147491455078,19.0
categorical__station_id_209,station_id,5.770774841308594,11.541549682617188,2.0
categorical__station_id_210,station_id,6.852231025695801,54.817848205566406,8.0
categorical__station_id_211,station_id,8.893879890441895,17.78775978088379,2.0
categorical__station_id_212,station_id,7.01322078704834,224.42306518554688,32.0
categorical__station_id_213,station_id,7.569432258605957,249.791259765625,33.0
categorical__station_id_214,station_id,7.512087345123291,75.1208724975586,10.0
categorical__station_id_215,station_id,6.990042209625244,125.82076263427734,18.0
categorical__station_id_216,station_id,0.0,0.0,0.0
categorical__station_id_217,station_id,5.797848701477051,23.191394805908203,4.0
categorical__station_id_218,station_id,6.904268741607666,20.712806701660156,3.0
categorical__station_id_219,station_id,0.0,0.0,0.0
categorical__station_id_220,station_id,6.6530046463012695,86.48905944824219,13.0
categorical__station_id_221,station_id,6.213389873504639,86.98745727539062,14.0
categorical__station_id_222,station_id,6.919801235198975,131.47622680664062,19.0
categorical__station_id_223,station_id,6.183660507202148,24.734642028808594,4.0
categorical__station_id_224,station_id,8.150429725646973,97.80516052246094,12.0
categorical__station_id_225,station_id,7.521444320678711,7.521444320678711,1.0
categorical__station_id_226,station_id,5.956977367401123,47.655818939208984,8.0
categorical__station_id_227,station_id,6.726901054382324,87.44971466064453,13.0
categorical__station_id_228,station_id,7.95857048034668,15.91714096069336,2.0
categorical__station_id_229,station_id,0.0,0.0,0.0
categorical__station_id_230,station_id,6.418027877807617,12.836055755615234,2.0
categorical__station_id_231,station_id,6.421048164367676,12.842096328735352,2.0
categorical__station_id_232,station_id,7.391664981842041,177.39996337890625,24.0
categorical__station_id_233,station_id,5.887552738189697,35.3253173828125,6.0
categorical__station_id_234,station_id,6.593599796295166,32.96799850463867,5.0
categorical__station_id_235,station_id,6.710348129272461,80.52417755126953,12.0
categorical__station_id_236,station_id,7.0346360206604,70.34635925292969,10.0
categorical__station_id_237,station_id,7.161138534545898,14.322277069091797,2.0
categorical__station_id_238,station_id,6.192903518676758,68.12194061279297,11.0
categorical__station_id_239,station_id,5.243688583374023,5.243688583374023,1.0
categorical__station_id_240,station_id,0.0,0.0,0.0
categorical__station_id_241,station_id,5.791224479675293,11.582448959350586,2.0
categorical__station_id_242,station_id,6.1568803787231445,12.313760757446289,2.0
categorical__station_id_243,station_id,6.676456928253174,26.705827713012695,4.0
categorical__station_id_244,station_id,7.917431831359863,110.84404754638672,14.0
categorical__station_id_245,station_id,6.006534099578857,24.02613639831543,4.0
categorical__station_id_246,station_id,6.066837787628174,30.33418846130371,5.0
categorical__station_id_247,station_id,6.364889144897461,12.729778289794922,2.0
categorical__station_id_248,station_id,6.714757919311523,6.714757919311523,1.0
categorical__station_id_249,station_id,5.510715484619141,16.532146453857422,3.0
categorical__station_id_250,station_id,6.591037750244141,13.182075500488281,2.0
categorical__station_id_251,station_id,6.140889644622803,18.42266845703125,3.0
categorical__station_id_252,station_id,6.87863302230835,130.69403076171875,19.0
categorical__station_id_253,station_id,6.46488618850708,45.25420379638672,7.0
categorical__station_id_254,station_id,0.0,0.0,0.0
categorical__station_id_256,station_id,7.258968353271484,58.071746826171875,8.0
categorical__station_id_257,station_id,6.303880214691162,69.34268188476562,11.0
categorical__station_id_258,station_id,5.819665431976318,5.819665431976318,1.0
categorical__station_id_259,station_id,7.492559432983398,7.492559432983398,1.0
categorical__station_id_260,station_id,0.0,0.0,0.0
categorical__station_id_261,station_id,5.661104202270508,16.983312606811523,3.0
categorical__station_id_262,station_id,6.074530601501465,60.74530792236328,10.0
categorical__station_id_263,station_id,0.0,0.0,0.0
categorical__station_id_264,station_id,5.238269805908203,5.238269805908203,1.0
categorical__station_id_265,station_id,6.328099250793457,12.656198501586914,2.0
categorical__station_id_266,station_id,7.427231788635254,29.708927154541016,4.0
categorical__station_id_267,station_id,5.6653594970703125,5.6653594970703125,1.0
categorical__station_id_268,station_id,9.1162109375,9.1162109375,1.0
categorical__station_id_269,station_id,0.0,0.0,0.0
categorical__station_id_270,station_id,6.880307197570801,185.76829528808594,27.0
categorical__tipo_dia_domingo,tipo_dia,7.697210311889648,30.788841247558594,4.0
categorical__tipo_dia_festivo,tipo_dia,7.014217376708984,238.48338317871094,34.0
categorical__tipo_dia_laborable,tipo_dia,13.35983657836914,6853.59619140625,513.0
categorical__tipo_dia_sabado,tipo_dia,7.376284122467041,730.2521362304688,99.0
