class_value,class_name,original_feature,rank_correlation_value_shap,direction_association,valid_rows
0,estable,capacity,0.3846518747727459,valores_altos_aumentan_contribucion,12000
0,estable,bikes_available,0.4884013086953603,valores_altos_aumentan_contribucion,12000
0,estable,docks_available,0.4869693858553574,valores_altos_aumentan_contribucion,12000
0,estable,reservations_count,-0.05600756269955746,sin_direccion_monotona_clara,12000
0,estable,occupancy_ratio,0.14321550309078718,sin_direccion_monotona_clara,12000
0,estable,light,-0.11175642336829819,sin_direccion_monotona_clara,12000
0,estable,weather_available,,sin_direccion_monotona_clara,12000
0,estable,uv_radiation_median_mw_m2,,sin_direccion_monotona_clara,0
0,estable,wind_speed_median_m_s,-0.4746983282278225,valores_altos_reducen_contribucion,12000
0,estable,wind_direction_sin_mean,0.0802894619448134,sin_direccion_monotona_clara,12000
0,estable,wind_direction_cos_mean,0.11670875152791249,sin_direccion_monotona_clara,12000
0,estable,temperature_median_c,-0.6524395781640031,valores_altos_reducen_contribucion,12000
0,estable,relative_humidity_median_pct,0.09066467870070376,sin_direccion_monotona_clara,12000
0,estable,barometric_pressure_median_mb,0.7247331672657571,valores_altos_aumentan_contribucion,12000
0,estable,solar_radiation_median_w_m2,0.15863523207644575,valores_altos_aumentan_contribucion,12000
0,estable,precipitation_mean_l_m2,0.4278517086006373,valores_altos_aumentan_contribucion,12000
0,estable,precipitation_max_l_m2,0.11320131477494223,sin_direccion_monotona_clara,12000
0,estable,n_temperature,0.045094635029953534,sin_direccion_monotona_clara,12000
0,estable,n_relative_humidity,0.06219839285387556,sin_direccion_monotona_clara,12000
0,estable,n_precipitation,0.02185790822023541,sin_direccion_monotona_clara,12000
0,estable,hour,-0.0014645981828329644,sin_direccion_monotona_clara,12000
0,estable,day_of_week,0.1837359397419254,valores_altos_aumentan_contribucion,12000
0,estable,month,,sin_direccion_monotona_clara,12000
0,estable,week_of_year,0.210724512910465,valores_altos_aumentan_contribucion,12000
0,estable,occupancy_ratio_lag_1h,0.08542657954054823,sin_direccion_monotona_clara,11964
0,estable,occupancy_ratio_lag_2h,0.31225573953267527,valores_altos_aumentan_contribucion,11928
0,estable,occupancy_ratio_lag_24h,0.21802058010592343,valores_altos_aumentan_contribucion,10945
0,estable,bikes_available_lag_1h,0.1851671266230522,valores_altos_aumentan_contribucion,11964
0,estable,bikes_available_lag_2h,0.46757572702640243,valores_altos_aumentan_contribucion,11928
0,estable,bikes_available_lag_24h,0.06062510277319,sin_direccion_monotona_clara,10945
0,estable,net_flow_lag_1h,0.2076770715946897,valores_altos_aumentan_contribucion,11964
0,estable,net_flow_lag_2h,-0.0471523044328029,sin_direccion_monotona_clara,11928
0,estable,net_flow_lag_24h,0.12162101663066643,sin_direccion_monotona_clara,10945
0,estable,departures_count_lag_1h,-0.6856839367896514,valores_altos_reducen_contribucion,11964
0,estable,departures_count_lag_2h,0.39121952354788736,valores_altos_aumentan_contribucion,11928
0,estable,departures_count_lag_24h,-0.16459559028135382,valores_altos_reducen_contribucion,10945
0,estable,arrivals_count_lag_1h,0.028865651234523892,sin_direccion_monotona_clara,11964
0,estable,arrivals_count_lag_2h,0.11622842020910228,sin_direccion_monotona_clara,11928
0,estable,arrivals_count_lag_24h,0.7810805598730884,valores_altos_aumentan_contribucion,10945
0,estable,occupancy_ratio_mean_previous_3h,0.031939882183797084,sin_direccion_monotona_clara,11881
0,estable,occupancy_ratio_mean_previous_24h,0.6444194325297623,valores_altos_aumentan_contribucion,10945
0,estable,net_flow_mean_previous_3h,0.408705602811928,valores_altos_aumentan_contribucion,11881
0,estable,net_flow_mean_previous_24h,0.2062127465125585,valores_altos_aumentan_contribucion,10945
0,estable,departures_count_mean_previous_3h,-0.46772964405364686,valores_altos_reducen_contribucion,11881
0,estable,departures_count_mean_previous_24h,-0.35622699484491005,valores_altos_reducen_contribucion,10945
0,estable,arrivals_count_mean_previous_3h,0.05908084022146771,sin_direccion_monotona_clara,11881
0,estable,arrivals_count_mean_previous_24h,-0.17287927544154355,valores_altos_reducen_contribucion,10945
1,riesgo_vaciado,capacity,-0.21981805365536142,valores_altos_reducen_contribucion,12000
1,riesgo_vaciado,bikes_available,-0.901782533247183,valores_altos_reducen_contribucion,12000
1,riesgo_vaciado,docks_available,-0.283370140769705,valores_altos_reducen_contribucion,12000
1,riesgo_vaciado,reservations_count,-0.30408135895872246,valores_altos_reducen_contribucion,12000
1,riesgo_vaciado,occupancy_ratio,-0.9835625708951327,valores_altos_reducen_contribucion,12000
1,riesgo_vaciado,light,0.2740815372697748,valores_altos_aumentan_contribucion,12000
1,riesgo_vaciado,weather_available,,sin_direccion_monotona_clara,12000
1,riesgo_vaciado,uv_radiation_median_mw_m2,,sin_direccion_monotona_clara,0
1,riesgo_vaciado,wind_speed_median_m_s,0.06055682115014488,sin_direccion_monotona_clara,12000
1,riesgo_vaciado,wind_direction_sin_mean,-0.7157320596733013,valores_altos_reducen_contribucion,12000
1,riesgo_vaciado,wind_direction_cos_mean,0.0212392016024152,sin_direccion_monotona_clara,12000
1,riesgo_vaciado,temperature_median_c,0.8440533835015206,valores_altos_aumentan_contribucion,12000
1,riesgo_vaciado,relative_humidity_median_pct,-0.6004469037010045,valores_altos_reducen_contribucion,12000
1,riesgo_vaciado,barometric_pressure_median_mb,-0.6834164596831244,valores_altos_reducen_contribucion,12000
1,riesgo_vaciado,solar_radiation_median_w_m2,0.08333167607050454,sin_direccion_monotona_clara,12000
1,riesgo_vaciado,precipitation_mean_l_m2,-0.5786845341911907,valores_altos_reducen_contribucion,12000
1,riesgo_vaciado,precipitation_max_l_m2,-0.43469983457683636,valores_altos_reducen_contribucion,12000
1,riesgo_vaciado,n_temperature,0.027963503782768143,sin_direccion_monotona_clara,12000
1,riesgo_vaciado,n_relative_humidity,-0.006408153619153459,sin_direccion_monotona_clara,12000
1,riesgo_vaciado,n_precipitation,0.007543471760321176,sin_direccion_monotona_clara,12000
1,riesgo_vaciado,hour,-0.07317525049791031,sin_direccion_monotona_clara,12000
1,riesgo_vaciado,day_of_week,-0.6411783797600483,valores_altos_reducen_contribucion,12000
1,riesgo_vaciado,month,,sin_direccion_monotona_clara,12000
1,riesgo_vaciado,week_of_year,-0.6106104856530216,valores_altos_reducen_contribucion,12000
1,riesgo_vaciado,occupancy_ratio_lag_1h,-0.18499871794456255,valores_altos_reducen_contribucion,11964
1,riesgo_vaciado,occupancy_ratio_lag_2h,0.022761828398711253,sin_direccion_monotona_clara,11928
1,riesgo_vaciado,occupancy_ratio_lag_24h,-0.18238980963623852,valores_altos_reducen_contribucion,10945
1,riesgo_vaciado,bikes_available_lag_1h,0.5799239470483041,valores_altos_aumentan_contribucion,11964
1,riesgo_vaciado,bikes_available_lag_2h,0.5482018102237812,valores_altos_aumentan_contribucion,11928
1,riesgo_vaciado,bikes_available_lag_24h,-0.03701639808470323,sin_direccion_monotona_clara,10945
1,riesgo_vaciado,net_flow_lag_1h,-0.6327414898413791,valores_altos_reducen_contribucion,11964
1,riesgo_vaciado,net_flow_lag_2h,-0.6970567307102947,valores_altos_reducen_contribucion,11928
1,riesgo_vaciado,net_flow_lag_24h,-0.8036383873073359,valores_altos_reducen_contribucion,10945
1,riesgo_vaciado,departures_count_lag_1h,0.8544757270828877,valores_altos_aumentan_contribucion,11964
1,riesgo_vaciado,departures_count_lag_2h,0.5679751746832522,valores_altos_aumentan_contribucion,11928
1,riesgo_vaciado,departures_count_lag_24h,0.7837280517869587,valores_altos_aumentan_contribucion,10945
1,riesgo_vaciado,arrivals_count_lag_1h,-0.8859787645481071,valores_altos_reducen_contribucion,11964
1,riesgo_vaciado,arrivals_count_lag_2h,-0.6622106298675379,valores_altos_reducen_contribucion,11928
1,riesgo_vaciado,arrivals_count_lag_24h,-0.8778103175951335,valores_altos_reducen_contribucion,10945
1,riesgo_vaciado,occupancy_ratio_mean_previous_3h,0.6849008396358894,valores_altos_aumentan_contribucion,11881
1,riesgo_vaciado,occupancy_ratio_mean_previous_24h,-0.9318523737573992,valores_altos_reducen_contribucion,10945
1,riesgo_vaciado,net_flow_mean_previous_3h,-0.8266289542378822,valores_altos_reducen_contribucion,11881
1,riesgo_vaciado,net_flow_mean_previous_24h,0.5188154016403672,valores_altos_aumentan_contribucion,10945
1,riesgo_vaciado,departures_count_mean_previous_3h,0.8923770675487384,valores_altos_aumentan_contribucion,11881
1,riesgo_vaciado,departures_count_mean_previous_24h,0.2326439926608159,valores_altos_aumentan_contribucion,10945
1,riesgo_vaciado,arrivals_count_mean_previous_3h,-0.778045650051083,valores_altos_reducen_contribucion,11881
1,riesgo_vaciado,arrivals_count_mean_previous_24h,0.26616337652407335,valores_altos_aumentan_contribucion,10945
2,riesgo_saturacion,capacity,-0.6717028720647167,valores_altos_reducen_contribucion,12000
2,riesgo_saturacion,bikes_available,0.9192812094418198,valores_altos_aumentan_contribucion,12000
2,riesgo_saturacion,docks_available,-0.6908476850776744,valores_altos_reducen_contribucion,12000
2,riesgo_saturacion,reservations_count,0.30408607110511093,valores_altos_aumentan_contribucion,12000
2,riesgo_saturacion,occupancy_ratio,0.9179108119067797,valores_altos_aumentan_contribucion,12000
2,riesgo_saturacion,light,0.40667197757956813,valores_altos_aumentan_contribucion,12000
2,riesgo_saturacion,weather_available,,sin_direccion_monotona_clara,12000
2,riesgo_saturacion,uv_radiation_median_mw_m2,,sin_direccion_monotona_clara,0
2,riesgo_saturacion,wind_speed_median_m_s,-0.4634494094982028,valores_altos_reducen_contribucion,12000
2,riesgo_saturacion,wind_direction_sin_mean,0.26277004498380724,valores_altos_aumentan_contribucion,12000
2,riesgo_saturacion,wind_direction_cos_mean,-0.6536883883173049,valores_altos_reducen_contribucion,12000
2,riesgo_saturacion,temperature_median_c,0.08706701355788123,sin_direccion_monotona_clara,12000
2,riesgo_saturacion,relative_humidity_median_pct,0.04639553756417002,sin_direccion_monotona_clara,12000
2,riesgo_saturacion,barometric_pressure_median_mb,-0.6686123911288705,valores_altos_reducen_contribucion,12000
2,riesgo_saturacion,solar_radiation_median_w_m2,-0.31630873089305916,valores_altos_reducen_contribucion,12000
2,riesgo_saturacion,precipitation_mean_l_m2,0.19416888793992493,valores_altos_aumentan_contribucion,12000
2,riesgo_saturacion,precipitation_max_l_m2,0.04755646809711509,sin_direccion_monotona_clara,12000
2,riesgo_saturacion,n_temperature,0.047348370506749934,sin_direccion_monotona_clara,12000
2,riesgo_saturacion,n_relative_humidity,-0.011851575103517625,sin_direccion_monotona_clara,12000
2,riesgo_saturacion,n_precipitation,-0.03167042504502176,sin_direccion_monotona_clara,12000
2,riesgo_saturacion,hour,-0.20662457673791,valores_altos_reducen_contribucion,12000
2,riesgo_saturacion,day_of_week,-0.1542944799707531,valores_altos_reducen_contribucion,12000
2,riesgo_saturacion,month,,sin_direccion_monotona_clara,12000
2,riesgo_saturacion,week_of_year,0.46842328074032147,valores_altos_aumentan_contribucion,12000
2,riesgo_saturacion,occupancy_ratio_lag_1h,0.8003740668967144,valores_altos_aumentan_contribucion,11964
2,riesgo_saturacion,occupancy_ratio_lag_2h,0.44633939417247726,valores_altos_aumentan_contribucion,11928
2,riesgo_saturacion,occupancy_ratio_lag_24h,-0.1346422142794419,sin_direccion_monotona_clara,10945
2,riesgo_saturacion,bikes_available_lag_1h,-0.2389329975084588,valores_altos_reducen_contribucion,11964
2,riesgo_saturacion,bikes_available_lag_2h,-0.40104893892504073,valores_altos_reducen_contribucion,11928
2,riesgo_saturacion,bikes_available_lag_24h,-0.5420421264013329,valores_altos_reducen_contribucion,10945
2,riesgo_saturacion,net_flow_lag_1h,0.5534797018760841,valores_altos_aumentan_contribucion,11964
2,riesgo_saturacion,net_flow_lag_2h,0.3373507995529853,valores_altos_aumentan_contribucion,11928
2,riesgo_saturacion,net_flow_lag_24h,0.8283220160268807,valores_altos_aumentan_contribucion,10945
2,riesgo_saturacion,departures_count_lag_1h,-0.32472984398910587,valores_altos_reducen_contribucion,11964
2,riesgo_saturacion,departures_count_lag_2h,-0.7164379924112311,valores_altos_reducen_contribucion,11928
2,riesgo_saturacion,departures_count_lag_24h,-0.6685663227916457,valores_altos_reducen_contribucion,10945
2,riesgo_saturacion,arrivals_count_lag_1h,0.6952075925324028,valores_altos_aumentan_contribucion,11964
2,riesgo_saturacion,arrivals_count_lag_2h,0.47233905785756614,valores_altos_aumentan_contribucion,11928
2,riesgo_saturacion,arrivals_count_lag_24h,0.594737130021108,valores_altos_aumentan_contribucion,10945
2,riesgo_saturacion,occupancy_ratio_mean_previous_3h,-0.5864139158277208,valores_altos_reducen_contribucion,11881
2,riesgo_saturacion,occupancy_ratio_mean_previous_24h,0.8840456215008479,valores_altos_aumentan_contribucion,10945
2,riesgo_saturacion,net_flow_mean_previous_3h,0.8362812291491275,valores_altos_aumentan_contribucion,11881
2,riesgo_saturacion,net_flow_mean_previous_24h,0.00391088268833338,sin_direccion_monotona_clara,10945
2,riesgo_saturacion,departures_count_mean_previous_3h,-0.7335366650447293,valores_altos_reducen_contribucion,11881
2,riesgo_saturacion,departures_count_mean_previous_24h,0.0015834419596635512,sin_direccion_monotona_clara,10945
2,riesgo_saturacion,arrivals_count_mean_previous_3h,0.560615960421304,valores_altos_aumentan_contribucion,11881
2,riesgo_saturacion,arrivals_count_mean_previous_24h,-0.18419676171862082,valores_altos_reducen_contribucion,10945
