class_value,class_name,original_feature,mean_abs_shap,mean_signed_shap,median_shap,q25_shap,q75_shap,shap_rank_within_class,test_class_share,weighted_abs_shap_component
0,estable,capacity,0.014863627031445503,-0.0010967677226290107,0.0009158558677881956,-0.0019613131880760193,0.003952971659600735,14,0.8702677893137503,0.012935335837840178
0,estable,bikes_available,0.19912298023700714,-0.024866018444299698,-0.07569069415330887,-0.20698238909244537,0.19767367839813232,3,0.8702677893137503,0.1732903158124258
0,estable,docks_available,0.03972127288579941,-0.008925843983888626,0.009277185425162315,-0.01740574836730957,0.02532901242375374,6,0.8702677893137503,0.03456814434305286
0,estable,reservations_count,0.005071314051747322,-0.000400631659431383,0.0002275403094245121,-0.0016217133961617947,0.0015406780876219273,34,0.8702677893137503,0.004413401268729899
0,estable,occupancy_ratio,0.9694320559501648,-0.3586597144603729,-0.41090911626815796,-1.2712326049804688,0.7312756180763245,1,0.8702677893137503,0.8436654922216338
0,estable,light,0.2514110803604126,-0.05586950108408928,-0.10809523612260818,-0.1428937017917633,-0.03776654973626137,2,0.8702677893137503,0.21879496511423788
0,estable,weather_available,2.3485615656682057e-06,2.3485615656682057e-06,1.00814997949783e-06,5.331719421519665e-07,2.1672517505066935e-06,49,0.8702677893137503,2.0438774818213094e-06
0,estable,uv_radiation_median_mw_m2,0.0016899487236514688,0.0009556341683492064,0.0007117848144844174,8.378189522773027e-05,0.0017487481236457825,47,0.8702677893137503,0.0014707079397857576
0,estable,wind_speed_median_m_s,0.004124742932617664,0.0019369020592421293,0.0021560373716056347,-0.00033861439442262053,0.004101437516510487,40,0.8702677893137503,0.00358963091345669
0,estable,wind_direction_sin_mean,0.004134529270231724,0.0013393349945545197,0.001240068580955267,-0.0008085047593340278,0.0033259515184909105,39,0.8702677893137503,0.0035981476478575553
0,estable,wind_direction_cos_mean,0.004213433712720871,0.0007823251071386039,0.0009613117435947061,-0.0016654067439958453,0.0031400853767991066,38,0.8702677893137503,0.0036668156425896195
0,estable,temperature_median_c,0.010540524497628212,0.008408044464886189,0.004996634088456631,-0.0003833774826489389,0.013201043009757996,25,0.8702677893137503,0.009173078952758332
0,estable,relative_humidity_median_pct,0.013071192428469658,0.009758297353982925,0.005398614332079887,-0.00027627722010947764,0.01825600489974022,20,0.8702677893137503,0.01137543773841892
0,estable,barometric_pressure_median_mb,0.006430060137063265,0.004152975510805845,0.001831193221732974,-0.0010386822978034616,0.006113124545663595,30,0.8702677893137503,0.0055958742206365176
0,estable,solar_radiation_median_w_m2,0.009223898872733116,-0.004406040068715811,-0.003721894696354866,-0.011113932356238365,0.0018808827735483646,29,0.8702677893137503,0.008027262080827042
0,estable,precipitation_mean_l_m2,0.003175123827531934,0.001575544010847807,-0.0004032125580124557,-0.0010614767670631409,0.00015296328638214618,42,0.8702677893137503,0.0027632079941836292
0,estable,precipitation_max_l_m2,0.0006281939567998052,7.712302613072097e-05,-5.4794018069515005e-06,-9.474456601310521e-05,0.00018453058146405965,48,0.8702677893137503,0.000546696966044424
0,estable,n_temperature,0.006383258383721113,0.002933850046247244,0.002781492657959461,-0.0013422585325315595,0.0064607663080096245,32,0.8702677893137503,0.0055551441622194355
0,estable,n_relative_humidity,0.01383577473461628,0.012866226024925709,0.00975111685693264,0.004821698646992445,0.018650304526090622,18,0.8702677893137503,0.01204082909173755
0,estable,n_precipitation,0.0017609712667763233,-0.00040353488293476403,-0.00048370324657298625,-0.001257497351616621,0.00033122528111562133,46,0.8702677893137503,0.0015325165713824653
0,estable,hour,0.08267942070960999,0.006605814676731825,0.009745260700583458,-0.03894709423184395,0.0641368180513382,5,0.8702677893137503,0.07195323668269378
0,estable,day_of_week,0.009313463233411312,0.002138255862519145,0.0024934420362114906,-0.003428275929763913,0.008987008593976498,28,0.8702677893137503,0.008105207058995756
0,estable,month,0.004099368583410978,0.0002389753208262846,-0.0010065468959510326,-0.0024938976857811213,0.001485064858570695,41,0.8702677893137503,0.003567548434667312
0,estable,week_of_year,0.012640444561839104,0.004555148538202047,-0.000628937385044992,-0.006898030638694763,0.011090227402746677,21,0.8702677893137503,0.011000571744774734
0,estable,occupancy_ratio_lag_1h,0.032711468636989594,-0.016867568716406822,0.000564956571906805,-0.048163898289203644,0.013404195196926594,7,0.8702677893137503,0.02846773749591901
0,estable,occupancy_ratio_lag_2h,0.011535034514963627,-0.0034087137319147587,0.0012856719549745321,-0.012355432845652103,0.00725060049444437,24,0.8702677893137503,0.010038568986995204
0,estable,occupancy_ratio_lag_24h,0.014179054647684097,0.0015106232604011893,0.00734515767544508,-0.0030289131682366133,0.012722490355372429,17,0.8702677893137503,0.012339574542798895
0,estable,bikes_available_lag_1h,0.004728188272565603,-0.0032824871595948935,-0.002745129633694887,-0.005751901306211948,-0.00023790802515577525,36,0.8702677893137503,0.0041147899554248675
0,estable,bikes_available_lag_2h,0.005107779987156391,-0.0017334939911961555,5.636378045892343e-05,-0.006183066871017218,0.0028496654704213142,33,0.8702677893137503,0.004445136397723608
0,estable,bikes_available_lag_24h,0.005033669527620077,-0.0004075044416822493,0.0006716071511618793,-0.003887700382620096,0.003974334802478552,35,0.8702677893137503,0.004380640451937914
0,estable,net_flow_lag_1h,0.006414695177227259,0.003839818062260747,0.002347176428884268,0.00041012922883965075,0.007050961256027222,31,0.8702677893137503,0.005582502591007142
0,estable,net_flow_lag_2h,0.0027945912443101406,0.0003263540274929255,0.0005137390689924359,-0.000533861864823848,0.0014816385228186846,43,0.8702677893137503,0.0024320427442213488
0,estable,net_flow_lag_24h,0.014820192940533161,0.0010032884310930967,0.0008530468912795186,-0.009074942208826542,0.009448137134313583,15,0.8702677893137503,0.012897536547561043
0,estable,departures_count_lag_1h,0.016813091933727264,0.005523580126464367,0.008182630874216557,0.0006576530868187547,0.014725149609148502,12,0.8702677893137503,0.014631892348693673
0,estable,departures_count_lag_2h,0.002598004648461938,-0.0005523971049115062,-0.000579170766286552,-0.0019743507727980614,0.001066429540514946,44,0.8702677893137503,0.0022609597620438177
0,estable,departures_count_lag_24h,0.009984937496483326,0.00044747753418050706,0.002126942854374647,-0.004357204306870699,0.007463639602065086,26,0.8702677893137503,0.008689569481500516
0,estable,arrivals_count_lag_1h,0.02438606321811676,0.008271857164800167,0.011976112611591816,-0.010199867188930511,0.028962040320038795,9,0.8702677893137503,0.021222405326895833
0,estable,arrivals_count_lag_2h,0.002154457615688443,0.0003900701703969389,0.00017664335609879345,-0.00078021694207564,0.001567303086631,45,0.8702677893137503,0.0018749550663753548
0,estable,arrivals_count_lag_24h,0.01420395914465189,-0.00095281534595415,-0.003284280886873603,-0.010010456666350365,0.005538249388337135,16,0.8702677893137503,0.012361248124319027
0,estable,occupancy_ratio_mean_previous_3h,0.016201766207814217,-0.013288667425513268,-0.010295312851667404,-0.021489419043064117,-0.002515929751098156,13,0.8702677893137503,0.0140998752606527
0,estable,occupancy_ratio_mean_previous_24h,0.13085569441318512,-0.05374911427497864,0.03884972259402275,0.0014404412358999252,0.06276597827672958,4,0.8702677893137503,0.11387949589607828
0,estable,net_flow_mean_previous_3h,0.013101425021886826,0.0062423706986010075,0.008101667277514935,0.0024502230808138847,0.01478304248303175,19,0.8702677893137503,0.0114017481906573
0,estable,net_flow_mean_previous_24h,0.004456694237887859,0.0009709068690426648,0.0012212384026497602,-0.0029369164258241653,0.003688032738864422,37,0.8702677893137503,0.0038785174420539964
0,estable,departures_count_mean_previous_3h,0.009617127478122711,0.0026072387117892504,0.003305311780422926,-0.004162844270467758,0.008964631706476212,27,0.8702677893137503,0.008369476269934374
0,estable,departures_count_mean_previous_24h,0.026076102629303932,0.009334716945886612,-0.002929462119936943,-0.014252076856791973,0.01892068050801754,8,0.8702677893137503,0.022693192189122805
0,estable,arrivals_count_mean_previous_3h,0.012172788381576538,0.0029236068949103355,0.004156629554927349,-0.0033668018877506256,0.010551149025559425,22,0.8702677893137503,0.010593585634618718
0,estable,arrivals_count_mean_previous_24h,0.01913268305361271,0.003915153909474611,-0.0018400317057967186,-0.01269321609288454,0.007802127860486507,11,0.8702677893137503,0.016650557784708184
0,estable,station_id,0.021944401785731316,0.0020557655952870846,0.006691182963550091,0.0026388480328023434,0.011701371520757675,10,0.8702677893137503,0.019097506029881105
0,estable,tipo_dia,0.012026611715555191,0.002765619894489646,0.0008779729250818491,-0.004607596900314093,0.007446553558111191,23,0.8702677893137503,0.010466372790631066
1,riesgo_vaciado,capacity,0.005566708743572235,0.0008909365278668702,-0.00015715535846538842,-0.0013421291951090097,0.00103613524697721,39,0.11463872710390816,0.0006381604045213169
1,riesgo_vaciado,bikes_available,1.326433539390564,-0.919420599937439,-0.6698650121688843,-2.4845662117004395,0.4604324400424957,2,0.11463872710390816,0.15206065254366588
1,riesgo_vaciado,docks_available,0.05857925862073898,0.042929235845804214,-0.0030017723329365253,-0.013587145134806633,0.02164587378501892,5,0.11463872710390816,0.0067154516429721554
1,riesgo_vaciado,reservations_count,0.013533417135477066,0.005056506022810936,0.0070169162936508656,0.005319821648299694,0.0134306401014328,26,0.11463872710390816,0.0015514537137773098
1,riesgo_vaciado,occupancy_ratio,1.5972975492477417,-0.7688807249069214,-0.8703421354293823,-2.5562610626220703,0.8292626738548279,1,0.11463872710390816,0.18311215785195317
1,riesgo_vaciado,light,0.10967880487442017,0.031941354274749756,-0.014158466830849648,-0.08757656812667847,0.0033021478448063135,4,0.11463872710390816,0.012573438581081444
1,riesgo_vaciado,weather_available,0.0,0.0,0.0,0.0,0.0,49,0.11463872710390816,0.0
1,riesgo_vaciado,uv_radiation_median_mw_m2,0.0015255153411999345,-0.0014097938546910882,-0.001391326542943716,-0.0018971324898302555,-0.0005806073313578963,47,0.11463872710390816,0.00017488313689264463
1,riesgo_vaciado,wind_speed_median_m_s,0.005384714808315039,-0.0016758759738877416,-0.001424748683348298,-0.005330937448889017,0.0016967491246759892,40,0.11463872710390816,0.0006172968514428008
1,riesgo_vaciado,wind_direction_sin_mean,0.004311833530664444,-0.00038047926500439644,-0.0009524351917207241,-0.0036722058430314064,0.0015781180700287223,43,0.11463872710390816,0.000494303107439322
1,riesgo_vaciado,wind_direction_cos_mean,0.005054489243775606,-0.002514377934858203,-0.001968284137547016,-0.005371900741010904,0.0010189906461164355,41,0.11463872710390816,0.0005794402130668309
1,riesgo_vaciado,temperature_median_c,0.01491138618439436,-0.012623556889593601,-0.007833784446120262,-0.021561618894338608,-5.0675225793384016e-05,23,0.11463872710390816,0.0017094223315337713
1,riesgo_vaciado,relative_humidity_median_pct,0.01826721616089344,-0.01792295090854168,-0.015888523310422897,-0.02496287040412426,-0.008065182715654373,19,0.11463872710390816,0.002094130408416764
1,riesgo_vaciado,barometric_pressure_median_mb,0.008990556932985783,-0.007109010126441717,-0.006131519563496113,-0.012544551864266396,0.0008669453673064709,32,0.11463872710390816,0.0010306660027527067
1,riesgo_vaciado,solar_radiation_median_w_m2,0.010023903101682663,-0.0033310330472886562,-0.0049823615700006485,-0.009881138801574707,0.0018994351848959923,31,0.11463872710390816,0.0011491274921898173
1,riesgo_vaciado,precipitation_mean_l_m2,0.002205432625487447,-0.001178199308924377,0.00035880520590581,0.00020594822126440704,0.0005936235538683832,46,0.11463872710390816,0.0002528279888993111
1,riesgo_vaciado,precipitation_max_l_m2,0.000954827934037894,-0.0003993595310021192,0.00024157195002771914,-2.37179956457112e-05,0.0003138181637041271,48,0.11463872710390816,0.00010946025896135855
1,riesgo_vaciado,n_temperature,0.011774723418056965,-0.011146440170705318,-0.010303447023034096,-0.01585644669830799,-0.0031252200715243816,27,0.11463872710390816,0.0013498393046466291
1,riesgo_vaciado,n_relative_humidity,0.010859725996851921,-0.010206545703113079,-0.008951575495302677,-0.016665684059262276,-0.0021149031817913055,28,0.11463872710390816,0.0012449451649763244
1,riesgo_vaciado,n_precipitation,0.01011696457862854,-0.009608810767531395,-0.007628079503774643,-0.015207171440124512,-0.0032814450096338987,30,0.11463872710390816,0.0011597959414493023
1,riesgo_vaciado,hour,0.04603784158825874,-0.007515141740441322,-0.01782127283513546,-0.03624598681926727,0.01667916402220726,6,0.11463872710390816,0.005277719558289348
1,riesgo_vaciado,day_of_week,0.010497063398361206,-0.00334195070900023,-0.0016564290272071958,-0.009533247910439968,0.005196826998144388,29,0.11463872710390816,0.001203369986317153
1,riesgo_vaciado,month,0.01689383015036583,0.01652543433010578,0.01637454330921173,0.011583252809941769,0.021642282605171204,22,0.11463872710390816,0.001936687184347564
1,riesgo_vaciado,week_of_year,0.017591949552297592,-0.0030180783942341805,0.0035599994007498026,-0.006955564953386784,0.01335051842033863,20,0.11463872710390816,0.002016718703951563
1,riesgo_vaciado,occupancy_ratio_lag_1h,0.033151570707559586,0.01282690279185772,0.017804404720664024,-0.016794832423329353,0.03555770218372345,8,0.11463872710390816,0.003800453867409839
1,riesgo_vaciado,occupancy_ratio_lag_2h,0.019737062975764275,0.0063053094781935215,0.009311957284808159,-0.012411405332386494,0.024342069402337074,18,0.11463872710390816,0.00226263177631129
1,riesgo_vaciado,occupancy_ratio_lag_24h,0.019965393468737602,-7.908605766715482e-05,-0.007022838108241558,-0.014761241152882576,0.0007105172844603658,17,0.11463872710390816,0.0022888072933847604
1,riesgo_vaciado,bikes_available_lag_1h,0.032278481870889664,0.018079333007335663,0.012972809374332428,-0.00740852952003479,0.04803922027349472,10,0.11463872710390816,0.003700364074525367
1,riesgo_vaciado,bikes_available_lag_2h,0.013696795329451561,0.004498880356550217,0.003430792363360524,-0.005508163012564182,0.01128138042986393,25,0.11463872710390816,0.0015701831819710814
1,riesgo_vaciado,bikes_available_lag_24h,0.006050829775631428,0.002031853422522545,0.0017310117837041616,-0.0028888965025544167,0.00487061683088541,37,0.11463872710390816,0.0006936594234008131
1,riesgo_vaciado,net_flow_lag_1h,0.00889566820114851,-0.005810827948153019,-0.0018759474623948336,-0.006917954422533512,0.001460900530219078,34,0.11463872710390816,0.0010197880793183776
1,riesgo_vaciado,net_flow_lag_2h,0.004453615285456181,-0.0017242177855223417,-0.0010971560841426253,-0.004333975724875927,0.0015058211283758283,42,0.11463872710390816,0.0005105567873352051
1,riesgo_vaciado,net_flow_lag_24h,0.037823185324668884,-0.0166658703237772,-0.022364813834428787,-0.04353457689285278,0.005141979083418846,7,0.11463872710390816,0.00433600182063526
1,riesgo_vaciado,departures_count_lag_1h,0.023986129090189934,-0.009548043832182884,-0.012700941413640976,-0.024584680795669556,0.00932113267481327,13,0.11463872710390816,0.0027497393070493965
1,riesgo_vaciado,departures_count_lag_2h,0.002997112227603793,-0.0012421391438692808,-0.001068029785528779,-0.002870006952434778,0.0006503607146441936,44,0.11463872710390816,0.0003435851307600575
1,riesgo_vaciado,departures_count_lag_24h,0.02287600003182888,-0.01189443189650774,-0.01274125650525093,-0.02987637370824814,-0.0016060300404205918,15,0.11463872710390816,0.002622475524877825
1,riesgo_vaciado,arrivals_count_lag_1h,0.022008992731571198,-0.002867863280698657,-0.008631378412246704,-0.01762918010354042,0.009311297908425331,16,0.11463872710390816,0.0025230829115864884
1,riesgo_vaciado,arrivals_count_lag_2h,0.00241839955560863,-3.111590922344476e-05,2.7313661121297628e-05,-0.001567887025885284,0.001652340404689312,45,0.11463872710390816,0.0002772422466836305
1,riesgo_vaciado,arrivals_count_lag_24h,0.017282282933592796,0.002123163314536214,0.007055654190480709,-0.0018151841359212995,0.01520697120577097,21,0.11463872710390816,0.0019812189169566737
1,riesgo_vaciado,occupancy_ratio_mean_previous_3h,0.03291168063879013,0.016950439661741257,0.005855844356119633,-0.013150885701179504,0.05350285395979881,9,0.11463872710390816,0.0037729531752812395
1,riesgo_vaciado,occupancy_ratio_mean_previous_24h,0.15230438113212585,0.01776506006717682,-0.032489046454429626,-0.12725140154361725,0.012685490772128105,3,0.11463872710390816,0.017459980385335395
1,riesgo_vaciado,net_flow_mean_previous_3h,0.023243550211191177,-0.009165209718048573,-0.012240629643201828,-0.02815389633178711,0.011415088549256325,14,0.11463872710390816,0.0026646110095867323
1,riesgo_vaciado,net_flow_mean_previous_24h,0.008909015916287899,0.0019058698089793324,-0.0008386932895518839,-0.005999478045850992,0.003857328789308667,33,0.11463872710390816,0.0010213182443917026
1,riesgo_vaciado,departures_count_mean_previous_3h,0.00810994766652584,-0.004256037995219231,-0.003660310059785843,-0.009662797674536705,0.001261901343241334,35,0.11463872710390816,0.0009297140773698327
1,riesgo_vaciado,departures_count_mean_previous_24h,0.014282572083175182,-0.008499966003000736,-0.005780714564025402,-0.018377427011728287,0.0030649362597614527,24,0.11463872710390816,0.0016373358833850168
1,riesgo_vaciado,arrivals_count_mean_previous_3h,0.006661935243755579,0.0004316714475862682,0.00013722821313422173,-0.004441459663212299,0.006701481528580189,36,0.11463872710390816,0.0007637157763928037
1,riesgo_vaciado,arrivals_count_mean_previous_24h,0.026905985549092293,-0.015363660641014576,-0.011544674634933472,-0.025831494480371475,0.006322490517050028,11,0.11463872710390816,0.003084467934824088
1,riesgo_vaciado,station_id,0.024251185357570648,-0.009824746288359165,-0.007604391314089298,-0.01217866875231266,-0.00040067825466394424,12,0.11463872710390816,0.0027801250201528347
1,riesgo_vaciado,tipo_dia,0.005953140091150999,-0.0013522841036319733,-0.00025524082593619823,-0.004583141300827265,0.002392503898590803,38,0.11463872710390816,0.0006824604023207943
2,riesgo_saturacion,capacity,0.012298204936087132,-0.002312573604285717,-0.006404045037925243,-0.009358251467347145,-0.0019563022069633007,26,0.015093483582341522,0.0001856227542951026
2,riesgo_saturacion,bikes_available,0.1180078312754631,-0.018383724614977837,-0.05136891454458237,-0.13228434324264526,0.09888321906328201,3,0.015093483582341522,0.0017811492639439308
2,riesgo_saturacion,docks_available,0.25615182518959045,-0.21231167018413544,-0.03704483062028885,-0.4785544276237488,0.03042479231953621,2,0.015093483582341522,0.003866223368085899
2,riesgo_saturacion,reservations_count,0.07742813229560852,-0.040949732065200806,-0.062083106487989426,-0.08490074425935745,-0.027268927544355392,5,0.015093483582341522,0.0011686602436151345
2,riesgo_saturacion,occupancy_ratio,2.710150957107544,-1.3260012865066528,-2.229499340057373,-3.7410082817077637,1.5634011030197144,1,0.015093483582341522,0.04090561897676988
2,riesgo_saturacion,light,0.0697193294763565,-0.022393859922885895,-0.03909188508987427,-0.10339295119047165,0.057540163397789,6,0.015093483582341522,0.0010523075548232463
2,riesgo_saturacion,weather_available,0.0,0.0,0.0,0.0,0.0,49,0.015093483582341522,0.0
2,riesgo_saturacion,uv_radiation_median_mw_m2,0.004226477351039648,-0.003969189710915089,-0.0015689011197537184,-0.0034211776219308376,-0.0011089170584455132,46,0.015093483582341522,6.379226650905521e-05
2,riesgo_saturacion,wind_speed_median_m_s,0.005176499020308256,-0.0005552535294555128,-0.00046942458720877767,-0.003372705541551113,0.0031984986271709204,45,0.015093483582341522,7.813140297702964e-05
2,riesgo_saturacion,wind_direction_sin_mean,0.009301296435296535,-0.004559437744319439,-0.0026844290550798178,-0.008143749088048935,0.0021299144718796015,33,0.015093483582341522,0.00014038896504063998
2,riesgo_saturacion,wind_direction_cos_mean,0.01063214335590601,-0.0028915787115693092,-0.004521524533629417,-0.009268851950764656,0.004339173901826143,30,0.015093483582341522,0.00016047608118746886
2,riesgo_saturacion,temperature_median_c,0.007499323692172766,-0.004470109939575195,-0.004308917559683323,-0.008544538170099258,0.0005175818223506212,38,0.015093483582341522,0.00011319091902647445
2,riesgo_saturacion,relative_humidity_median_pct,0.0132684838026762,-0.006397135555744171,-0.005047487560659647,-0.013913804665207863,0.0025094901211559772,25,0.015093483582341522,0.00020026764243825763
2,riesgo_saturacion,barometric_pressure_median_mb,0.01173892430961132,-0.006749254651367664,-0.006583796348422766,-0.012451687827706337,0.0019160129595547915,27,0.015093483582341522,0.00017718126134146824
2,riesgo_saturacion,solar_radiation_median_w_m2,0.014851302839815617,0.009378479793667793,0.009833801537752151,0.0028418959118425846,0.016262434422969818,23,0.015093483582341522,0.00022415789558913904
2,riesgo_saturacion,precipitation_mean_l_m2,0.0034360866993665695,0.00021414844377432019,-0.0011505947913974524,-0.0016655445797368884,-0.0006187071558088064,47,0.015093483582341522,5.1862518184391384e-05
2,riesgo_saturacion,precipitation_max_l_m2,0.0014797219773754478,-0.0004132745962124318,-0.00025100549100898206,-0.0006348502938635647,-3.1466453947359696e-05,48,0.015093483582341522,2.2334159371946253e-05
2,riesgo_saturacion,n_temperature,0.005240493919700384,-0.0016445621149614453,-0.0008102805586531758,-0.003935810644179583,0.0014484596904367208,43,0.015093483582341522,7.909730894035831e-05
2,riesgo_saturacion,n_relative_humidity,0.008157340809702873,-0.0014706182992085814,-0.000849769392516464,-0.006390189286321402,0.004237753804773092,36,0.015093483582341522,0.00012312268958681482
2,riesgo_saturacion,n_precipitation,0.008890495635569096,0.0073318202048540115,0.005919896997511387,0.0016308360500261188,0.012670192867517471,34,0.015093483582341522,0.0001341885499143411
2,riesgo_saturacion,hour,0.05194263532757759,-0.008180014789104462,-0.019923869520425797,-0.044733285903930664,0.012437727302312851,8,0.015093483582341522,0.0007839953135403451
2,riesgo_saturacion,day_of_week,0.013731583021581173,-0.004506610333919525,-0.00587057089433074,-0.013843483291566372,0.004773702472448349,24,0.015093483582341522,0.000207257422895795
2,riesgo_saturacion,month,0.010627485811710358,-0.010570521466434002,-0.00870517361909151,-0.012804985977709293,-0.0058610341511666775,31,0.015093483582341522,0.00016040578262061775
2,riesgo_saturacion,week_of_year,0.02057492546737194,-0.018239498138427734,-0.017631880939006805,-0.027308538556098938,-0.006865231785923243,19,0.015093483582341522,0.00031054729974967885
2,riesgo_saturacion,occupancy_ratio_lag_1h,0.04260832071304321,0.008263413794338703,-0.003168618306517601,-0.02791483700275421,0.02593342959880829,11,0.015093483582341522,0.00064310798915346
2,riesgo_saturacion,occupancy_ratio_lag_2h,0.01874786615371704,0.0023150581400841475,0.0017878306098282337,-0.0166463665664196,0.018819406628608704,21,0.015093483582341522,0.00028297060999506445
2,riesgo_saturacion,occupancy_ratio_lag_24h,0.010470819659531116,-0.003537478856742382,-0.004680377431213856,-0.009637592360377312,9.784672147361562e-05,32,0.015093483582341522,0.00015804114462479176
2,riesgo_saturacion,bikes_available_lag_1h,0.011450457386672497,0.00609614746645093,0.0019438089802861214,-0.0033011732157319784,0.017697438597679138,28,0.015093483582341522,0.00017282729057604255
2,riesgo_saturacion,bikes_available_lag_2h,0.007555827964097261,-0.002196251880377531,-0.0014260070165619254,-0.005661312490701675,0.002723474521189928,37,0.015093483582341522,0.00011404376532709898
2,riesgo_saturacion,bikes_available_lag_24h,0.006554983556270599,0.0004862202040385455,0.0013626834843307734,-0.004811053164303303,0.00563950277864933,40,0.015093483582341522,9.893753668908894e-05
2,riesgo_saturacion,net_flow_lag_1h,0.04921160265803337,-0.025402402505278587,-0.03438809886574745,-0.06189386546611786,-0.008161671459674835,10,0.015093483582341522,0.000742774516779741
2,riesgo_saturacion,net_flow_lag_2h,0.005632687825709581,-0.0017770645208656788,-0.0011780941858887672,-0.004864765331149101,0.001154894707724452,42,0.015093483582341522,8.501688122180253e-05
2,riesgo_saturacion,net_flow_lag_24h,0.04925261437892914,-0.0213208869099617,-0.02207430638372898,-0.05486644059419632,-0.0029942505061626434,9,0.015093483582341522,0.0007433935265157649
2,riesgo_saturacion,departures_count_lag_1h,0.007346261292695999,-0.004548769909888506,-0.003927908837795258,-0.010655689984560013,0.0007986312848515809,39,0.015093483582341522,0.00011088067421289807
2,riesgo_saturacion,departures_count_lag_2h,0.014884709380567074,0.0008737363968975842,0.005144760012626648,-0.01350917387753725,0.013733177445828915,22,0.015093483582341522,0.00022466211666351396
2,riesgo_saturacion,departures_count_lag_24h,0.022283701226115227,0.0020868193823844194,-0.0038809902034699917,-0.013905661180615425,0.015012932941317558,17,0.015093483582341522,0.0003363386786101738
2,riesgo_saturacion,arrivals_count_lag_1h,0.06959418952465057,-0.040987323969602585,-0.06145058199763298,-0.0803280919790268,-0.01930941455066204,7,0.015093483582341522,0.0010504187570166777
2,riesgo_saturacion,arrivals_count_lag_2h,0.005221708212047815,-0.002432160312309861,-0.0025906984228640795,-0.004277937114238739,0.00012739983503706753,44,0.015093483582341522,7.88137671703216e-05
2,riesgo_saturacion,arrivals_count_lag_24h,0.026407497003674507,-0.018090130761265755,-0.02175505831837654,-0.03191956505179405,-0.007389528211206198,12,0.015093483582341522,0.0003985811224756941
2,riesgo_saturacion,occupancy_ratio_mean_previous_3h,0.022633863613009453,0.012179448269307613,0.012837216258049011,-0.004262532573193312,0.025389257818460464,16,0.015093483582341522,0.00034162384884791534
2,riesgo_saturacion,occupancy_ratio_mean_previous_24h,0.07862436771392822,-0.05495615676045418,-0.037775248289108276,-0.11032208800315857,-0.002437436953186989,4,0.015093483582341522,0.0011867156032621584
2,riesgo_saturacion,net_flow_mean_previous_3h,0.024558141827583313,-0.013502470217645168,-0.01550755649805069,-0.028299326077103615,-0.0023550307378172874,14,0.015093483582341522,0.00037066791048744334
2,riesgo_saturacion,net_flow_mean_previous_24h,0.020359152927994728,-0.00850311666727066,-0.009309312328696251,-0.022868815809488297,0.006802366115152836,20,0.015093483582341522,0.00030729054046906874
2,riesgo_saturacion,departures_count_mean_previous_3h,0.02508644014596939,-0.0004248884506523609,-0.0030519054271280766,-0.024439528584480286,0.023300401866436005,13,0.015093483582341522,0.0003786417724825823
2,riesgo_saturacion,departures_count_mean_previous_24h,0.008374733850359917,-0.004470668733119965,-0.004360662307590246,-0.008849847130477428,0.0005352148436941206,35,0.015093483582341522,0.0001264039078768872
2,riesgo_saturacion,arrivals_count_mean_previous_3h,0.023614216595888138,-0.010520043782889843,-0.013047931715846062,-0.021703071892261505,-0.0035054238978773355,15,0.015093483582341522,0.0003564207904998943
2,riesgo_saturacion,arrivals_count_mean_previous_24h,0.01077225711196661,-0.0026598903350532055,-0.0027957791462540627,-0.009488578885793686,0.002914690412580967,29,0.015093483582341522,0.00016259088586422974
2,riesgo_saturacion,station_id,0.02191057801246643,-0.008818341419100761,-0.00989784486591816,-0.018391355872154236,-0.0008114649681374431,18,0.015093483582341522,0.0003307069495107752
2,riesgo_saturacion,tipo_dia,0.0059428950771689415,0.00022430444369092584,-0.0018313665641471744,-0.0035126807633787394,0.002565669361501932,41,0.015093483582341522,8.969898927882767e-05
