class_value,class_name,transformed_feature,original_feature,mean_abs_shap,mean_signed_shap
0,estable,numeric__capacity,capacity,0.014863642,-0.001096766
0,estable,numeric__bikes_available,bikes_available,0.1991233,-0.02486599
0,estable,numeric__docks_available,docks_available,0.03972118,-0.008925832
0,estable,numeric__reservations_count,reservations_count,0.0050713182,-0.00040063114
0,estable,numeric__occupancy_ratio,occupancy_ratio,0.9694336,-0.35866043
0,estable,numeric__light,light,0.2514112,-0.055869374
0,estable,numeric__weather_available,weather_available,2.3484704e-06,2.3484704e-06
0,estable,numeric__uv_radiation_median_mw_m2,uv_radiation_median_mw_m2,0.00037717615,0.00026646192
0,estable,numeric__wind_speed_median_m_s,wind_speed_median_m_s,0.0041238284,0.0019353371
0,estable,numeric__wind_direction_sin_mean,wind_direction_sin_mean,0.0041345255,0.0013393343
0,estable,numeric__wind_direction_cos_mean,wind_direction_cos_mean,0.004213435,0.00078232517
0,estable,numeric__temperature_median_c,temperature_median_c,0.01054053,0.00840805
0,estable,numeric__relative_humidity_median_pct,relative_humidity_median_pct,0.013071171,0.009758303
0,estable,numeric__barometric_pressure_median_mb,barometric_pressure_median_mb,0.006430053,0.004152979
0,estable,numeric__solar_radiation_median_w_m2,solar_radiation_median_w_m2,0.009223914,-0.0044060554
0,estable,numeric__precipitation_mean_l_m2,precipitation_mean_l_m2,0.0031751299,0.001575544
0,estable,numeric__precipitation_max_l_m2,precipitation_max_l_m2,0.0006281917,7.712307e-05
0,estable,numeric__n_temperature,n_temperature,0.0063832696,0.0029338575
0,estable,numeric__n_relative_humidity,n_relative_humidity,0.013835818,0.012866261
0,estable,numeric__n_precipitation,n_precipitation,0.0017609722,-0.00040353497
0,estable,numeric__hour,hour,0.0826796,0.0066058068
0,estable,numeric__day_of_week,day_of_week,0.009313441,0.0021382545
0,estable,numeric__month,month,0.0040993667,0.00023897516
0,estable,numeric__week_of_year,week_of_year,0.012640437,0.00455515
0,estable,numeric__occupancy_ratio_lag_1h,occupancy_ratio_lag_1h,0.032712292,-0.01686834
0,estable,numeric__occupancy_ratio_lag_2h,occupancy_ratio_lag_2h,0.011535464,-0.0034107638
0,estable,numeric__occupancy_ratio_lag_24h,occupancy_ratio_lag_24h,0.014117392,0.0013329135
0,estable,numeric__bikes_available_lag_1h,bikes_available_lag_1h,0.0047281804,-0.0032824876
0,estable,numeric__bikes_available_lag_2h,bikes_available_lag_2h,0.005107782,-0.0017334954
0,estable,numeric__bikes_available_lag_24h,bikes_available_lag_24h,0.004981243,-0.00049589016
0,estable,numeric__net_flow_lag_1h,net_flow_lag_1h,0.0064147073,0.0038398171
0,estable,numeric__net_flow_lag_2h,net_flow_lag_2h,0.0027942432,0.00032563353
0,estable,numeric__net_flow_lag_24h,net_flow_lag_24h,0.014820175,0.0010032898
0,estable,numeric__departures_count_lag_1h,departures_count_lag_1h,0.016813107,0.0055235736
0,estable,numeric__departures_count_lag_2h,departures_count_lag_2h,0.002598004,-0.00055239553
0,estable,numeric__departures_count_lag_24h,departures_count_lag_24h,0.00998492,0.00044747727
0,estable,numeric__arrivals_count_lag_1h,arrivals_count_lag_1h,0.024385994,0.00827188
0,estable,numeric__arrivals_count_lag_2h,arrivals_count_lag_2h,0.0021544532,0.00039007008
0,estable,numeric__arrivals_count_lag_24h,arrivals_count_lag_24h,0.014203991,-0.0009528142
0,estable,numeric__occupancy_ratio_mean_previous_3h,occupancy_ratio_mean_previous_3h,0.016190503,-0.013322802
0,estable,numeric__occupancy_ratio_mean_previous_24h,occupancy_ratio_mean_previous_24h,0.13085538,-0.05374907
0,estable,numeric__net_flow_mean_previous_3h,net_flow_mean_previous_3h,0.013098906,0.006238029
0,estable,numeric__net_flow_mean_previous_24h,net_flow_mean_previous_24h,0.0044566994,0.0009709059
0,estable,numeric__departures_count_mean_previous_3h,departures_count_mean_previous_3h,0.0096171135,0.0026072373
0,estable,numeric__departures_count_mean_previous_24h,departures_count_mean_previous_24h,0.026076075,0.009334701
0,estable,numeric__arrivals_count_mean_previous_3h,arrivals_count_mean_previous_3h,0.012172793,0.0029236132
0,estable,numeric__arrivals_count_mean_previous_24h,arrivals_count_mean_previous_24h,0.019132737,0.0039151586
0,estable,numeric__missingindicator_uv_radiation_median_mw_m2,uv_radiation_median_mw_m2,0.0013723187,0.0006891722
0,estable,numeric__missingindicator_wind_speed_median_m_s,wind_speed_median_m_s,1.5696911e-06,1.5696911e-06
0,estable,numeric__missingindicator_wind_direction_sin_mean,wind_direction_sin_mean,0.0,0.0
0,estable,numeric__missingindicator_wind_direction_cos_mean,wind_direction_cos_mean,0.0,0.0
0,estable,numeric__missingindicator_temperature_median_c,temperature_median_c,0.0,0.0
0,estable,numeric__missingindicator_relative_humidity_median_pct,relative_humidity_median_pct,0.0,0.0
0,estable,numeric__missingindicator_barometric_pressure_median_mb,barometric_pressure_median_mb,0.0,0.0
0,estable,numeric__missingindicator_solar_radiation_median_w_m2,solar_radiation_median_w_m2,0.0,0.0
0,estable,numeric__missingindicator_precipitation_mean_l_m2,precipitation_mean_l_m2,0.0,0.0
0,estable,numeric__missingindicator_precipitation_max_l_m2,precipitation_max_l_m2,0.0,0.0
0,estable,numeric__missingindicator_n_temperature,n_temperature,0.0,0.0
0,estable,numeric__missingindicator_n_relative_humidity,n_relative_humidity,0.0,0.0
0,estable,numeric__missingindicator_n_precipitation,n_precipitation,0.0,0.0
0,estable,numeric__missingindicator_occupancy_ratio_lag_1h,occupancy_ratio_lag_1h,4.140453e-06,7.156549e-07
0,estable,numeric__missingindicator_occupancy_ratio_lag_2h,occupancy_ratio_lag_2h,9.593248e-06,2.0465493e-06
0,estable,numeric__missingindicator_occupancy_ratio_lag_24h,occupancy_ratio_lag_24h,0.000600024,0.00017770901
0,estable,numeric__missingindicator_bikes_available_lag_1h,bikes_available_lag_1h,0.0,0.0
0,estable,numeric__missingindicator_bikes_available_lag_2h,bikes_available_lag_2h,0.0,0.0
0,estable,numeric__missingindicator_bikes_available_lag_24h,bikes_available_lag_24h,0.0004707502,8.8385066e-05
0,estable,numeric__missingindicator_net_flow_lag_1h,net_flow_lag_1h,0.0,0.0
0,estable,numeric__missingindicator_net_flow_lag_2h,net_flow_lag_2h,1.687899e-06,7.208453e-07
0,estable,numeric__missingindicator_net_flow_lag_24h,net_flow_lag_24h,0.0,0.0
0,estable,numeric__missingindicator_departures_count_lag_1h,departures_count_lag_1h,0.0,0.0
0,estable,numeric__missingindicator_departures_count_lag_2h,departures_count_lag_2h,0.0,0.0
0,estable,numeric__missingindicator_departures_count_lag_24h,departures_count_lag_24h,0.0,0.0
0,estable,numeric__missingindicator_arrivals_count_lag_1h,arrivals_count_lag_1h,0.0,0.0
0,estable,numeric__missingindicator_arrivals_count_lag_2h,arrivals_count_lag_2h,0.0,0.0
0,estable,numeric__missingindicator_arrivals_count_lag_24h,arrivals_count_lag_24h,0.0,0.0
0,estable,numeric__missingindicator_occupancy_ratio_mean_previous_3h,occupancy_ratio_mean_previous_3h,0.00021564956,3.4134562e-05
0,estable,numeric__missingindicator_occupancy_ratio_mean_previous_24h,occupancy_ratio_mean_previous_24h,0.0,0.0
0,estable,numeric__missingindicator_net_flow_mean_previous_3h,net_flow_mean_previous_3h,9.123767e-06,4.342292e-06
0,estable,numeric__missingindicator_net_flow_mean_previous_24h,net_flow_mean_previous_24h,0.0,0.0
0,estable,numeric__missingindicator_departures_count_mean_previous_3h,departures_count_mean_previous_3h,0.0,0.0
0,estable,numeric__missingindicator_departures_count_mean_previous_24h,departures_count_mean_previous_24h,0.0,0.0
0,estable,numeric__missingindicator_arrivals_count_mean_previous_3h,arrivals_count_mean_previous_3h,0.0,0.0
0,estable,numeric__missingindicator_arrivals_count_mean_previous_24h,arrivals_count_mean_previous_24h,0.0,0.0
0,estable,categorical__station_id_1,station_id,1.4162625e-05,-2.0785544e-06
0,estable,categorical__station_id_2,station_id,0.00043465552,0.00010724464
0,estable,categorical__station_id_3,station_id,0.00014953589,2.2034126e-05
0,estable,categorical__station_id_4,station_id,0.00051826664,-0.0002764375
0,estable,categorical__station_id_5,station_id,8.555091e-05,7.823183e-06
0,estable,categorical__station_id_6,station_id,0.0,0.0
0,estable,categorical__station_id_7,station_id,2.0872933e-05,-1.1956577e-05
0,estable,categorical__station_id_8,station_id,7.9681115e-05,1.032935e-06
0,estable,categorical__station_id_9,station_id,0.00045374947,3.2385753e-05
0,estable,categorical__station_id_10,station_id,1.069037e-05,-1.3195315e-06
0,estable,categorical__station_id_11,station_id,0.00056406984,-6.989401e-05
0,estable,categorical__station_id_12,station_id,0.00038279808,4.6985333e-05
0,estable,categorical__station_id_13,station_id,6.281728e-05,-2.454974e-05
0,estable,categorical__station_id_14,station_id,4.1465005e-06,-7.9451337e-07
0,estable,categorical__station_id_15,station_id,0.00021549646,-2.426262e-05
0,estable,categorical__station_id_16,station_id,0.00015216347,0.00013909275
0,estable,categorical__station_id_17,station_id,0.00033031264,-0.00013375675
0,estable,categorical__station_id_18,station_id,4.4286076e-05,9.825796e-06
0,estable,categorical__station_id_19,station_id,2.9385197e-05,1.3854396e-05
0,estable,categorical__station_id_20,station_id,0.0,0.0
0,estable,categorical__station_id_21,station_id,0.00082008896,-9.3617724e-05
0,estable,categorical__station_id_23,station_id,0.0,0.0
0,estable,categorical__station_id_24,station_id,0.0,0.0
0,estable,categorical__station_id_25,station_id,1.1345059e-05,2.5243182e-06
0,estable,categorical__station_id_26,station_id,5.298525e-06,-1.5891907e-06
0,estable,categorical__station_id_27,station_id,8.533579e-05,3.3796547e-05
0,estable,categorical__station_id_28,station_id,0.00012778185,-3.5952987e-06
0,estable,categorical__station_id_29,station_id,1.6312742e-05,2.8166685e-06
0,estable,categorical__station_id_30,station_id,0.00024090055,8.7228305e-05
0,estable,categorical__station_id_31,station_id,4.0874602e-05,-1.4731581e-05
0,estable,categorical__station_id_32,station_id,5.6983416e-05,1.3133453e-05
0,estable,categorical__station_id_33,station_id,2.64684e-05,2.565782e-06
0,estable,categorical__station_id_34,station_id,6.114413e-06,-3.0357494e-06
0,estable,categorical__station_id_35,station_id,9.70393e-06,1.8755198e-07
0,estable,categorical__station_id_36,station_id,4.2455784e-05,-5.639921e-06
0,estable,categorical__station_id_37,station_id,0.0008372814,-0.00011220534
0,estable,categorical__station_id_38,station_id,0.00043984692,4.482544e-05
0,estable,categorical__station_id_39,station_id,2.670998e-05,8.709279e-06
0,estable,categorical__station_id_40,station_id,0.0,0.0
0,estable,categorical__station_id_41,station_id,0.00027163228,5.9045822e-05
0,estable,categorical__station_id_42,station_id,0.0022457251,-0.00020264911
0,estable,categorical__station_id_43,station_id,0.0007735311,0.00019520825
0,estable,categorical__station_id_44,station_id,3.0500809e-05,1.1999394e-05
0,estable,categorical__station_id_45,station_id,7.1721324e-06,2.5196303e-07
0,estable,categorical__station_id_46,station_id,0.0017032672,0.00015393461
0,estable,categorical__station_id_47,station_id,0.0008351617,0.00028251472
0,estable,categorical__station_id_48,station_id,0.002160076,0.00049466954
0,estable,categorical__station_id_49,station_id,8.955204e-05,5.0314564e-05
0,estable,categorical__station_id_50,station_id,9.892896e-06,4.962765e-06
0,estable,categorical__station_id_51,station_id,0.0,0.0
0,estable,categorical__station_id_52,station_id,2.737544e-05,1.4431591e-05
0,estable,categorical__station_id_53,station_id,4.347225e-05,-2.231976e-06
0,estable,categorical__station_id_54,station_id,1.3468045e-05,-3.236262e-06
0,estable,categorical__station_id_55,station_id,0.0007262636,-0.0003040372
0,estable,categorical__station_id_56,station_id,3.3920212e-05,4.38864e-06
0,estable,categorical__station_id_57,station_id,6.0090402e-05,3.5704943e-06
0,estable,categorical__station_id_58,station_id,6.55375e-05,2.5731938e-06
0,estable,categorical__station_id_59,station_id,3.3369528e-05,2.6153162e-05
0,estable,categorical__station_id_60,station_id,2.4823694e-05,-3.996553e-06
0,estable,categorical__station_id_61,station_id,0.0,0.0
0,estable,categorical__station_id_62,station_id,1.1065672e-05,1.2948946e-06
0,estable,categorical__station_id_63,station_id,0.0005293911,5.6693276e-05
0,estable,categorical__station_id_64,station_id,0.0003648757,7.7606506e-05
0,estable,categorical__station_id_65,station_id,3.435269e-05,-1.5822843e-05
0,estable,categorical__station_id_66,station_id,2.72167e-05,8.761969e-06
0,estable,categorical__station_id_67,station_id,5.6451554e-05,1.0970392e-05
0,estable,categorical__station_id_69,station_id,0.00010914374,1.8298972e-05
0,estable,categorical__station_id_71,station_id,0.00024408934,-6.307415e-05
0,estable,categorical__station_id_72,station_id,5.2731507e-06,1.6743255e-06
0,estable,categorical__station_id_73,station_id,4.5226266e-06,2.1445649e-06
0,estable,categorical__station_id_74,station_id,1.7090835e-05,2.5669033e-06
0,estable,categorical__station_id_75,station_id,2.0260493e-05,7.2128587e-06
0,estable,categorical__station_id_76,station_id,1.4644737e-05,3.3689064e-06
0,estable,categorical__station_id_77,station_id,0.0001019457,1.1394895e-05
0,estable,categorical__station_id_78,station_id,0.00013706098,-3.274719e-06
0,estable,categorical__station_id_79,station_id,1.39525355e-05,-4.4214e-07
0,estable,categorical__station_id_80,station_id,0.0,0.0
0,estable,categorical__station_id_81,station_id,2.6126087e-05,7.588979e-06
0,estable,categorical__station_id_82,station_id,6.598497e-05,3.162904e-05
0,estable,categorical__station_id_83,station_id,5.1956802e-05,2.6322154e-05
0,estable,categorical__station_id_84,station_id,3.2430464e-05,-4.2954774e-08
0,estable,categorical__station_id_85,station_id,0.00027571118,4.1433323e-05
0,estable,categorical__station_id_86,station_id,6.2811785e-05,1.4050379e-06
0,estable,categorical__station_id_87,station_id,3.6506806e-06,3.0042315e-06
0,estable,categorical__station_id_88,station_id,0.0,0.0
0,estable,categorical__station_id_89,station_id,1.9982645e-05,2.5116778e-06
0,estable,categorical__station_id_90,station_id,0.00038926184,-0.00010993587
0,estable,categorical__station_id_91,station_id,0.00014599781,1.9759465e-05
0,estable,categorical__station_id_92,station_id,0.00021025477,-7.345244e-07
0,estable,categorical__station_id_93,station_id,0.000102044156,3.3285094e-05
0,estable,categorical__station_id_94,station_id,4.291173e-05,2.640885e-05
0,estable,categorical__station_id_95,station_id,2.0844123e-05,3.251717e-06
0,estable,categorical__station_id_96,station_id,7.4381e-05,-9.364896e-06
0,estable,categorical__station_id_97,station_id,0.0002514689,0.00010233864
0,estable,categorical__station_id_98,station_id,0.00035322932,8.489008e-06
0,estable,categorical__station_id_99,station_id,6.0259223e-05,1.7578388e-05
0,estable,categorical__station_id_100,station_id,0.0011910748,0.00012578373
0,estable,categorical__station_id_101,station_id,2.3552346e-05,1.2870631e-05
0,estable,categorical__station_id_102,station_id,5.5159562e-05,-2.0540951e-06
0,estable,categorical__station_id_103,station_id,1.2211312e-05,-1.9308006e-06
0,estable,categorical__station_id_104,station_id,0.0,0.0
0,estable,categorical__station_id_105,station_id,3.3933447e-05,4.264999e-06
0,estable,categorical__station_id_106,station_id,0.0007484567,-0.00011631781
0,estable,categorical__station_id_107,station_id,3.5577104e-05,1.3782095e-05
0,estable,categorical__station_id_108,station_id,0.00030644247,3.665519e-05
0,estable,categorical__station_id_109,station_id,5.380546e-05,2.7471126e-05
0,estable,categorical__station_id_110,station_id,0.0001537897,3.396795e-05
0,estable,categorical__station_id_111,station_id,2.5707435e-05,-8.394612e-06
0,estable,categorical__station_id_112,station_id,3.618005e-05,1.0731169e-05
0,estable,categorical__station_id_113,station_id,0.0021137323,0.00022753343
0,estable,categorical__station_id_114,station_id,6.851734e-05,3.2879598e-05
0,estable,categorical__station_id_115,station_id,6.502957e-05,2.697595e-05
0,estable,categorical__station_id_116,station_id,2.644196e-05,-7.6222004e-06
0,estable,categorical__station_id_117,station_id,0.0,0.0
0,estable,categorical__station_id_118,station_id,4.558182e-06,2.1309793e-06
0,estable,categorical__station_id_119,station_id,0.00041670562,-2.38495e-05
0,estable,categorical__station_id_120,station_id,0.00028236583,-3.615708e-05
0,estable,categorical__station_id_121,station_id,0.00064582087,1.9615798e-05
0,estable,categorical__station_id_122,station_id,1.969262e-05,1.4372664e-05
0,estable,categorical__station_id_123,station_id,0.00034606823,5.4738637e-05
0,estable,categorical__station_id_124,station_id,5.882097e-06,-9.380558e-07
0,estable,categorical__station_id_125,station_id,3.6864785e-05,1.5353813e-05
0,estable,categorical__station_id_126,station_id,2.359291e-05,8.108926e-06
0,estable,categorical__station_id_127,station_id,0.00016391331,2.0667485e-05
0,estable,categorical__station_id_128,station_id,8.4299114e-05,-2.4761434e-06
0,estable,categorical__station_id_129,station_id,7.430912e-05,3.9585248e-06
0,estable,categorical__station_id_130,station_id,3.0248582e-05,-5.432048e-06
0,estable,categorical__station_id_131,station_id,4.9449318e-05,-6.44644e-06
0,estable,categorical__station_id_132,station_id,5.5785826e-05,-5.682398e-06
0,estable,categorical__station_id_133,station_id,2.6414502e-05,7.857177e-06
0,estable,categorical__station_id_134,station_id,2.8510474e-05,1.1336529e-05
0,estable,categorical__station_id_135,station_id,9.457999e-05,-1.9729554e-05
0,estable,categorical__station_id_136,station_id,2.4444878e-05,9.919014e-06
0,estable,categorical__station_id_137,station_id,1.7021071e-05,-8.677289e-06
0,estable,categorical__station_id_138,station_id,2.3747338e-05,8.389678e-07
0,estable,categorical__station_id_139,station_id,3.793657e-05,-8.973773e-07
0,estable,categorical__station_id_140,station_id,0.00016296859,4.595319e-05
0,estable,categorical__station_id_141,station_id,2.1224814e-05,-9.861579e-06
0,estable,categorical__station_id_142,station_id,0.00019024574,0.0001351682
0,estable,categorical__station_id_143,station_id,0.000114249786,-3.6551657e-05
0,estable,categorical__station_id_144,station_id,0.0,0.0
0,estable,categorical__station_id_145,station_id,9.917549e-05,1.9483005e-05
0,estable,categorical__station_id_146,station_id,0.0,0.0
0,estable,categorical__station_id_147,station_id,1.0810932e-05,2.2622037e-06
0,estable,categorical__station_id_148,station_id,0.00033078823,-7.132703e-05
0,estable,categorical__station_id_149,station_id,4.7586815e-05,2.0612306e-05
0,estable,categorical__station_id_150,station_id,3.124635e-06,-2.0874617e-07
0,estable,categorical__station_id_151,station_id,0.00046186533,8.234412e-06
0,estable,categorical__station_id_152,station_id,1.2472523e-05,4.0733917e-06
0,estable,categorical__station_id_153,station_id,1.8157069e-05,-6.132112e-06
0,estable,categorical__station_id_154,station_id,0.00054884603,-1.06167845e-05
0,estable,categorical__station_id_155,station_id,6.897452e-05,-4.4938868e-05
0,estable,categorical__station_id_156,station_id,2.2853343e-05,1.1382313e-05
0,estable,categorical__station_id_157,station_id,0.0007068419,5.5881803e-05
0,estable,categorical__station_id_158,station_id,0.0,0.0
0,estable,categorical__station_id_159,station_id,8.303317e-06,2.0324644e-06
0,estable,categorical__station_id_160,station_id,0.0,0.0
0,estable,categorical__station_id_161,station_id,3.1305653e-06,1.2380711e-06
0,estable,categorical__station_id_162,station_id,0.00050674356,7.490695e-05
0,estable,categorical__station_id_163,station_id,0.00019923944,-5.116269e-05
0,estable,categorical__station_id_164,station_id,9.637572e-06,-2.5727417e-07
0,estable,categorical__station_id_165,station_id,0.00028492624,-2.6502905e-05
0,estable,categorical__station_id_166,station_id,6.9465564e-06,2.948228e-06
0,estable,categorical__station_id_167,station_id,0.00023636238,2.5835994e-05
0,estable,categorical__station_id_168,station_id,1.1949246e-05,4.6783607e-06
0,estable,categorical__station_id_169,station_id,0.00022668093,-2.3450333e-05
0,estable,categorical__station_id_170,station_id,1.1877564e-05,2.1110986e-06
0,estable,categorical__station_id_171,station_id,7.026158e-05,1.9931895e-05
0,estable,categorical__station_id_172,station_id,0.0004277251,-3.728857e-05
0,estable,categorical__station_id_173,station_id,0.0,0.0
0,estable,categorical__station_id_174,station_id,5.0072704e-06,-1.0733505e-06
0,estable,categorical__station_id_175,station_id,3.3366552e-05,1.8073617e-05
0,estable,categorical__station_id_176,station_id,1.189489e-05,1.2630252e-06
0,estable,categorical__station_id_177,station_id,4.894005e-05,2.8162135e-06
0,estable,categorical__station_id_178,station_id,0.00083781814,0.00021022503
0,estable,categorical__station_id_179,station_id,6.6615503e-06,3.0601839e-06
0,estable,categorical__station_id_180,station_id,0.0,0.0
0,estable,categorical__station_id_181,station_id,3.546652e-05,-1.8728875e-06
0,estable,categorical__station_id_182,station_id,0.00023481234,8.5125954e-05
0,estable,categorical__station_id_183,station_id,4.754662e-05,1.9699677e-05
0,estable,categorical__station_id_184,station_id,3.4530116e-05,2.4928257e-05
0,estable,categorical__station_id_185,station_id,6.831556e-05,3.0718376e-05
0,estable,categorical__station_id_186,station_id,3.6619917e-05,-1.812276e-05
0,estable,categorical__station_id_187,station_id,0.00034471878,0.00017057701
0,estable,categorical__station_id_188,station_id,0.0003290557,3.122659e-05
0,estable,categorical__station_id_189,station_id,2.0329619e-05,-7.039229e-06
0,estable,categorical__station_id_190,station_id,0.0002367513,-1.1237233e-05
0,estable,categorical__station_id_191,station_id,0.0,0.0
0,estable,categorical__station_id_192,station_id,0.00029230415,4.175914e-05
0,estable,categorical__station_id_193,station_id,0.0,0.0
0,estable,categorical__station_id_194,station_id,9.770201e-06,5.609672e-06
0,estable,categorical__station_id_195,station_id,0.00016015753,-2.066193e-05
0,estable,categorical__station_id_196,station_id,0.00029733992,-2.1216098e-05
0,estable,categorical__station_id_197,station_id,0.00012719548,-5.932399e-06
0,estable,categorical__station_id_198,station_id,0.0,0.0
0,estable,categorical__station_id_199,station_id,7.402422e-05,-1.2161931e-05
0,estable,categorical__station_id_200,station_id,1.1012557e-05,-3.2496896e-06
0,estable,categorical__station_id_201,station_id,2.1221333e-05,-5.910552e-06
0,estable,categorical__station_id_202,station_id,0.0002162984,1.978179e-05
0,estable,categorical__station_id_203,station_id,0.0001265352,-2.513949e-06
0,estable,categorical__station_id_204,station_id,6.2432073e-06,5.139511e-06
0,estable,categorical__station_id_205,station_id,4.4064225e-05,-7.3028677e-06
0,estable,categorical__station_id_206,station_id,0.00013048726,-3.7658698e-05
0,estable,categorical__station_id_207,station_id,8.7771434e-05,-2.1272428e-05
0,estable,categorical__station_id_208,station_id,0.00041493232,-7.358924e-05
0,estable,categorical__station_id_209,station_id,0.0,0.0
0,estable,categorical__station_id_210,station_id,3.5780065e-06,-4.791726e-07
0,estable,categorical__station_id_211,station_id,4.665559e-05,-6.8738036e-06
0,estable,categorical__station_id_212,station_id,0.00046727606,0.00010194089
0,estable,categorical__station_id_213,station_id,0.00041908398,-4.1109262e-05
0,estable,categorical__station_id_214,station_id,1.39107005e-05,-1.288501e-06
0,estable,categorical__station_id_215,station_id,2.7210981e-05,-1.3775759e-05
0,estable,categorical__station_id_216,station_id,0.0,0.0
0,estable,categorical__station_id_217,station_id,6.0258393e-05,5.0775843e-06
0,estable,categorical__station_id_218,station_id,1.5530346e-06,3.457364e-07
0,estable,categorical__station_id_219,station_id,0.0,0.0
0,estable,categorical__station_id_220,station_id,3.9347715e-06,-1.7406318e-06
0,estable,categorical__station_id_221,station_id,1.5596012e-06,3.5493994e-07
0,estable,categorical__station_id_222,station_id,0.0002266166,-5.91493e-05
0,estable,categorical__station_id_223,station_id,7.143987e-06,2.8330417e-06
0,estable,categorical__station_id_224,station_id,2.7006537e-05,-6.4904657e-06
0,estable,categorical__station_id_225,station_id,0.0,0.0
0,estable,categorical__station_id_226,station_id,4.038392e-06,1.6168319e-07
0,estable,categorical__station_id_227,station_id,6.232952e-05,-4.070456e-05
0,estable,categorical__station_id_228,station_id,0.0,0.0
0,estable,categorical__station_id_229,station_id,0.0,0.0
0,estable,categorical__station_id_230,station_id,0.0,0.0
0,estable,categorical__station_id_231,station_id,0.0,0.0
0,estable,categorical__station_id_232,station_id,6.97218e-05,2.041098e-06
0,estable,categorical__station_id_233,station_id,3.3188222e-05,-1.0136798e-05
0,estable,categorical__station_id_234,station_id,3.5547087e-05,5.015048e-06
0,estable,categorical__station_id_235,station_id,0.0,0.0
0,estable,categorical__station_id_236,station_id,0.0,0.0
0,estable,categorical__station_id_237,station_id,1.9680272e-05,5.269916e-06
0,estable,categorical__station_id_238,station_id,0.0001642193,6.482741e-05
0,estable,categorical__station_id_239,station_id,0.0,0.0
0,estable,categorical__station_id_240,station_id,0.0,0.0
0,estable,categorical__station_id_241,station_id,5.9559407e-06,1.5054273e-06
0,estable,categorical__station_id_242,station_id,0.0,0.0
0,estable,categorical__station_id_243,station_id,1.704995e-05,-2.1224987e-06
0,estable,categorical__station_id_244,station_id,3.1282085e-05,9.779803e-06
0,estable,categorical__station_id_245,station_id,0.0,0.0
0,estable,categorical__station_id_246,station_id,6.0391453e-06,1.1049468e-06
0,estable,categorical__station_id_247,station_id,7.841034e-06,7.797964e-08
0,estable,categorical__station_id_248,station_id,5.401584e-05,2.7207652e-05
0,estable,categorical__station_id_249,station_id,5.2151794e-05,-9.992179e-06
0,estable,categorical__station_id_250,station_id,5.7051722e-05,8.653532e-07
0,estable,categorical__station_id_251,station_id,1.5228779e-05,1.6762638e-06
0,estable,categorical__station_id_252,station_id,5.284975e-05,-9.543272e-06
0,estable,categorical__station_id_253,station_id,8.676852e-06,-5.1895114e-07
0,estable,categorical__station_id_254,station_id,0.0,0.0
0,estable,categorical__station_id_256,station_id,3.5252333e-06,1.6696905e-06
0,estable,categorical__station_id_257,station_id,0.00025851082,5.612989e-05
0,estable,categorical__station_id_258,station_id,6.361705e-06,-2.3898704e-06
0,estable,categorical__station_id_259,station_id,0.0,0.0
0,estable,categorical__station_id_260,station_id,0.0,0.0
0,estable,categorical__station_id_261,station_id,0.0,0.0
0,estable,categorical__station_id_262,station_id,7.37489e-06,-1.7193204e-06
0,estable,categorical__station_id_263,station_id,0.0,0.0
0,estable,categorical__station_id_264,station_id,0.0,0.0
0,estable,categorical__station_id_265,station_id,3.6999577e-06,1.698195e-06
0,estable,categorical__station_id_266,station_id,2.8095237e-05,7.874942e-06
0,estable,categorical__station_id_267,station_id,0.0,0.0
0,estable,categorical__station_id_268,station_id,0.0,0.0
0,estable,categorical__station_id_269,station_id,0.0,0.0
0,estable,categorical__station_id_270,station_id,0.00090426364,4.473882e-05
0,estable,categorical__tipo_dia_domingo,tipo_dia,5.592963e-06,1.6116159e-06
0,estable,categorical__tipo_dia_festivo,tipo_dia,0.0002990112,0.00021573258
0,estable,categorical__tipo_dia_laborable,tipo_dia,0.011815547,0.0024860182
0,estable,categorical__tipo_dia_sabado,tipo_dia,0.0003332882,6.2257786e-05
1,riesgo_vaciado,numeric__capacity,capacity,0.005566703,0.00089093606
1,riesgo_vaciado,numeric__bikes_available,bikes_available,1.3264331,-0.91942096
1,riesgo_vaciado,numeric__docks_available,docks_available,0.058579285,0.04292917
1,riesgo_vaciado,numeric__reservations_count,reservations_count,0.013533447,0.00505651
1,riesgo_vaciado,numeric__occupancy_ratio,occupancy_ratio,1.5972995,-0.7688786
1,riesgo_vaciado,numeric__light,light,0.10967884,0.031941306
1,riesgo_vaciado,numeric__weather_available,weather_available,0.0,0.0
1,riesgo_vaciado,numeric__uv_radiation_median_mw_m2,uv_radiation_median_mw_m2,0.00085944677,-0.00082640816
1,riesgo_vaciado,numeric__wind_speed_median_m_s,wind_speed_median_m_s,0.005384696,-0.0016758768
1,riesgo_vaciado,numeric__wind_direction_sin_mean,wind_direction_sin_mean,0.004311831,-0.0003804784
1,riesgo_vaciado,numeric__wind_direction_cos_mean,wind_direction_cos_mean,0.005054499,-0.002514382
1,riesgo_vaciado,numeric__temperature_median_c,temperature_median_c,0.014911395,-0.012623568
1,riesgo_vaciado,numeric__relative_humidity_median_pct,relative_humidity_median_pct,0.018267214,-0.017922955
1,riesgo_vaciado,numeric__barometric_pressure_median_mb,barometric_pressure_median_mb,0.008990555,-0.007109007
1,riesgo_vaciado,numeric__solar_radiation_median_w_m2,solar_radiation_median_w_m2,0.010023894,-0.0033310254
1,riesgo_vaciado,numeric__precipitation_mean_l_m2,precipitation_mean_l_m2,0.0022054303,-0.0011781993
1,riesgo_vaciado,numeric__precipitation_max_l_m2,precipitation_max_l_m2,0.0009548283,-0.0003993591
1,riesgo_vaciado,numeric__n_temperature,n_temperature,0.011774731,-0.0111464225
1,riesgo_vaciado,numeric__n_relative_humidity,n_relative_humidity,0.010859706,-0.01020653
1,riesgo_vaciado,numeric__n_precipitation,n_precipitation,0.010116958,-0.0096088145
1,riesgo_vaciado,numeric__hour,hour,0.046037856,-0.0075151455
1,riesgo_vaciado,numeric__day_of_week,day_of_week,0.010497077,-0.0033419384
1,riesgo_vaciado,numeric__month,month,0.016893832,0.016525423
1,riesgo_vaciado,numeric__week_of_year,week_of_year,0.017591955,-0.0030180754
1,riesgo_vaciado,numeric__occupancy_ratio_lag_1h,occupancy_ratio_lag_1h,0.033152465,0.012834325
1,riesgo_vaciado,numeric__occupancy_ratio_lag_2h,occupancy_ratio_lag_2h,0.019733405,0.006323002
1,riesgo_vaciado,numeric__occupancy_ratio_lag_24h,occupancy_ratio_lag_24h,0.019913992,0.00014071428
1,riesgo_vaciado,numeric__bikes_available_lag_1h,bikes_available_lag_1h,0.032278545,0.018079327
1,riesgo_vaciado,numeric__bikes_available_lag_2h,bikes_available_lag_2h,0.013696838,0.004498888
1,riesgo_vaciado,numeric__bikes_available_lag_24h,bikes_available_lag_24h,0.0060545923,0.0020303302
1,riesgo_vaciado,numeric__net_flow_lag_1h,net_flow_lag_1h,0.008895669,-0.0058108387
1,riesgo_vaciado,numeric__net_flow_lag_2h,net_flow_lag_2h,0.004453617,-0.0017242201
1,riesgo_vaciado,numeric__net_flow_lag_24h,net_flow_lag_24h,0.037823193,-0.016665839
1,riesgo_vaciado,numeric__departures_count_lag_1h,departures_count_lag_1h,0.023986125,-0.009548034
1,riesgo_vaciado,numeric__departures_count_lag_2h,departures_count_lag_2h,0.0029971176,-0.0012421383
1,riesgo_vaciado,numeric__departures_count_lag_24h,departures_count_lag_24h,0.022875959,-0.011894435
1,riesgo_vaciado,numeric__arrivals_count_lag_1h,arrivals_count_lag_1h,0.022009037,-0.0028678656
1,riesgo_vaciado,numeric__arrivals_count_lag_2h,arrivals_count_lag_2h,0.0024184035,-3.111591e-05
1,riesgo_vaciado,numeric__arrivals_count_lag_24h,arrivals_count_lag_24h,0.01728233,0.0021231638
1,riesgo_vaciado,numeric__occupancy_ratio_mean_previous_3h,occupancy_ratio_mean_previous_3h,0.032906745,0.016979694
1,riesgo_vaciado,numeric__occupancy_ratio_mean_previous_24h,occupancy_ratio_mean_previous_24h,0.15230465,0.01776504
1,riesgo_vaciado,numeric__net_flow_mean_previous_3h,net_flow_mean_previous_3h,0.023243861,-0.009163297
1,riesgo_vaciado,numeric__net_flow_mean_previous_24h,net_flow_mean_previous_24h,0.008909026,0.0019058711
1,riesgo_vaciado,numeric__departures_count_mean_previous_3h,departures_count_mean_previous_3h,0.008109945,-0.0042560482
1,riesgo_vaciado,numeric__departures_count_mean_previous_24h,departures_count_mean_previous_24h,0.014282561,-0.008499962
1,riesgo_vaciado,numeric__arrivals_count_mean_previous_3h,arrivals_count_mean_previous_3h,0.0066619436,0.00043167305
1,riesgo_vaciado,numeric__arrivals_count_mean_previous_24h,arrivals_count_mean_previous_24h,0.026905915,-0.015363696
1,riesgo_vaciado,numeric__missingindicator_uv_radiation_median_mw_m2,uv_radiation_median_mw_m2,0.000702384,-0.00058338576
1,riesgo_vaciado,numeric__missingindicator_wind_speed_median_m_s,wind_speed_median_m_s,0.0,0.0
1,riesgo_vaciado,numeric__missingindicator_wind_direction_sin_mean,wind_direction_sin_mean,0.0,0.0
1,riesgo_vaciado,numeric__missingindicator_wind_direction_cos_mean,wind_direction_cos_mean,0.0,0.0
1,riesgo_vaciado,numeric__missingindicator_temperature_median_c,temperature_median_c,0.0,0.0
1,riesgo_vaciado,numeric__missingindicator_relative_humidity_median_pct,relative_humidity_median_pct,0.0,0.0
1,riesgo_vaciado,numeric__missingindicator_barometric_pressure_median_mb,barometric_pressure_median_mb,0.0,0.0
1,riesgo_vaciado,numeric__missingindicator_solar_radiation_median_w_m2,solar_radiation_median_w_m2,0.0,0.0
1,riesgo_vaciado,numeric__missingindicator_precipitation_mean_l_m2,precipitation_mean_l_m2,0.0,0.0
1,riesgo_vaciado,numeric__missingindicator_precipitation_max_l_m2,precipitation_max_l_m2,0.0,0.0
1,riesgo_vaciado,numeric__missingindicator_n_temperature,n_temperature,0.0,0.0
1,riesgo_vaciado,numeric__missingindicator_n_relative_humidity,n_relative_humidity,0.0,0.0
1,riesgo_vaciado,numeric__missingindicator_n_precipitation,n_precipitation,0.0,0.0
1,riesgo_vaciado,numeric__missingindicator_occupancy_ratio_lag_1h,occupancy_ratio_lag_1h,1.8021181e-05,-7.454865e-06
1,riesgo_vaciado,numeric__missingindicator_occupancy_ratio_lag_2h,occupancy_ratio_lag_2h,2.582391e-05,-1.7688228e-05
1,riesgo_vaciado,numeric__missingindicator_occupancy_ratio_lag_24h,occupancy_ratio_lag_24h,0.0007845125,-0.00021980033
1,riesgo_vaciado,numeric__missingindicator_bikes_available_lag_1h,bikes_available_lag_1h,0.0,0.0
1,riesgo_vaciado,numeric__missingindicator_bikes_available_lag_2h,bikes_available_lag_2h,0.0,0.0
1,riesgo_vaciado,numeric__missingindicator_bikes_available_lag_24h,bikes_available_lag_24h,1.7847266e-05,1.5168416e-06
1,riesgo_vaciado,numeric__missingindicator_net_flow_lag_1h,net_flow_lag_1h,0.0,0.0
1,riesgo_vaciado,numeric__missingindicator_net_flow_lag_2h,net_flow_lag_2h,0.0,0.0
1,riesgo_vaciado,numeric__missingindicator_net_flow_lag_24h,net_flow_lag_24h,0.0,0.0
1,riesgo_vaciado,numeric__missingindicator_departures_count_lag_1h,departures_count_lag_1h,0.0,0.0
1,riesgo_vaciado,numeric__missingindicator_departures_count_lag_2h,departures_count_lag_2h,0.0,0.0
1,riesgo_vaciado,numeric__missingindicator_departures_count_lag_24h,departures_count_lag_24h,0.0,0.0
1,riesgo_vaciado,numeric__missingindicator_arrivals_count_lag_1h,arrivals_count_lag_1h,0.0,0.0
1,riesgo_vaciado,numeric__missingindicator_arrivals_count_lag_2h,arrivals_count_lag_2h,0.0,0.0
1,riesgo_vaciado,numeric__missingindicator_arrivals_count_lag_24h,arrivals_count_lag_24h,0.0,0.0
1,riesgo_vaciado,numeric__missingindicator_occupancy_ratio_mean_previous_3h,occupancy_ratio_mean_previous_3h,7.0397786e-05,-2.927905e-05
1,riesgo_vaciado,numeric__missingindicator_occupancy_ratio_mean_previous_24h,occupancy_ratio_mean_previous_24h,0.0,0.0
1,riesgo_vaciado,numeric__missingindicator_net_flow_mean_previous_3h,net_flow_mean_previous_3h,6.076451e-06,-1.9085462e-06
1,riesgo_vaciado,numeric__missingindicator_net_flow_mean_previous_24h,net_flow_mean_previous_24h,0.0,0.0
1,riesgo_vaciado,numeric__missingindicator_departures_count_mean_previous_3h,departures_count_mean_previous_3h,0.0,0.0
1,riesgo_vaciado,numeric__missingindicator_departures_count_mean_previous_24h,departures_count_mean_previous_24h,0.0,0.0
1,riesgo_vaciado,numeric__missingindicator_arrivals_count_mean_previous_3h,arrivals_count_mean_previous_3h,0.0,0.0
1,riesgo_vaciado,numeric__missingindicator_arrivals_count_mean_previous_24h,arrivals_count_mean_previous_24h,0.0,0.0
1,riesgo_vaciado,categorical__station_id_1,station_id,0.0,0.0
1,riesgo_vaciado,categorical__station_id_2,station_id,0.0,0.0
1,riesgo_vaciado,categorical__station_id_3,station_id,0.00046994444,-0.00014157801
1,riesgo_vaciado,categorical__station_id_4,station_id,0.0002036187,8.302687e-05
1,riesgo_vaciado,categorical__station_id_5,station_id,0.00020319012,-1.8012637e-05
1,riesgo_vaciado,categorical__station_id_6,station_id,5.288583e-05,-5.401787e-06
1,riesgo_vaciado,categorical__station_id_7,station_id,1.5970618e-05,5.7349115e-07
1,riesgo_vaciado,categorical__station_id_8,station_id,0.0001367594,-2.5373658e-05
1,riesgo_vaciado,categorical__station_id_9,station_id,0.00032422415,-6.430703e-05
1,riesgo_vaciado,categorical__station_id_10,station_id,0.0,0.0
1,riesgo_vaciado,categorical__station_id_11,station_id,0.0009005994,-0.00010917585
1,riesgo_vaciado,categorical__station_id_12,station_id,0.0008551009,-0.00021982372
1,riesgo_vaciado,categorical__station_id_13,station_id,3.5533638e-05,5.091886e-06
1,riesgo_vaciado,categorical__station_id_14,station_id,1.7034028e-05,-5.468187e-07
1,riesgo_vaciado,categorical__station_id_15,station_id,0.000108813954,7.9719675e-06
1,riesgo_vaciado,categorical__station_id_16,station_id,5.5915927e-05,-2.4408251e-05
1,riesgo_vaciado,categorical__station_id_17,station_id,3.4470762e-05,-7.925085e-06
1,riesgo_vaciado,categorical__station_id_18,station_id,0.00071233115,-0.00023028495
1,riesgo_vaciado,categorical__station_id_19,station_id,5.6719353e-05,-1.3603506e-05
1,riesgo_vaciado,categorical__station_id_20,station_id,1.3951845e-05,4.4545345e-06
1,riesgo_vaciado,categorical__station_id_21,station_id,0.00011207976,2.4742427e-05
1,riesgo_vaciado,categorical__station_id_23,station_id,0.0,0.0
1,riesgo_vaciado,categorical__station_id_24,station_id,0.0,0.0
1,riesgo_vaciado,categorical__station_id_25,station_id,1.0675407e-05,-1.7761042e-07
1,riesgo_vaciado,categorical__station_id_26,station_id,6.8828035e-06,-2.486316e-06
1,riesgo_vaciado,categorical__station_id_27,station_id,0.00019834709,-9.27356e-05
1,riesgo_vaciado,categorical__station_id_28,station_id,0.00015714418,7.258305e-05
1,riesgo_vaciado,categorical__station_id_29,station_id,8.588897e-06,-3.3968367e-06
1,riesgo_vaciado,categorical__station_id_30,station_id,0.00029702662,-0.00013734943
1,riesgo_vaciado,categorical__station_id_31,station_id,0.00017693621,4.930616e-05
1,riesgo_vaciado,categorical__station_id_32,station_id,6.5098866e-05,-1.5901105e-05
1,riesgo_vaciado,categorical__station_id_33,station_id,1.5084991e-05,4.226634e-06
1,riesgo_vaciado,categorical__station_id_34,station_id,0.0,0.0
1,riesgo_vaciado,categorical__station_id_35,station_id,3.953345e-06,8.393251e-07
1,riesgo_vaciado,categorical__station_id_36,station_id,1.738961e-05,-3.070856e-06
1,riesgo_vaciado,categorical__station_id_37,station_id,0.0005407858,2.2891014e-05
1,riesgo_vaciado,categorical__station_id_38,station_id,0.00024408777,8.92996e-06
1,riesgo_vaciado,categorical__station_id_39,station_id,0.00021939121,-5.4324482e-05
1,riesgo_vaciado,categorical__station_id_40,station_id,7.994707e-06,-2.0484722e-06
1,riesgo_vaciado,categorical__station_id_41,station_id,0.00026945496,-4.1664825e-05
1,riesgo_vaciado,categorical__station_id_42,station_id,0.00028759876,4.6989426e-05
1,riesgo_vaciado,categorical__station_id_43,station_id,8.184911e-05,-2.8152672e-05
1,riesgo_vaciado,categorical__station_id_44,station_id,0.0,0.0
1,riesgo_vaciado,categorical__station_id_45,station_id,1.1909698e-05,6.4414354e-07
1,riesgo_vaciado,categorical__station_id_46,station_id,4.5928435e-05,-2.5561738e-05
1,riesgo_vaciado,categorical__station_id_47,station_id,0.00020447253,-5.5788656e-05
1,riesgo_vaciado,categorical__station_id_48,station_id,0.00019717125,-6.6799075e-05
1,riesgo_vaciado,categorical__station_id_49,station_id,6.860743e-05,-2.3959252e-05
1,riesgo_vaciado,categorical__station_id_50,station_id,0.0,0.0
1,riesgo_vaciado,categorical__station_id_51,station_id,0.0,0.0
1,riesgo_vaciado,categorical__station_id_52,station_id,1.5756837e-05,-8.972825e-06
1,riesgo_vaciado,categorical__station_id_53,station_id,0.00034612947,-9.488926e-05
1,riesgo_vaciado,categorical__station_id_54,station_id,1.1082199e-05,-6.195829e-06
1,riesgo_vaciado,categorical__station_id_55,station_id,9.689901e-05,3.053909e-05
1,riesgo_vaciado,categorical__station_id_56,station_id,0.00045164351,-0.00010572769
1,riesgo_vaciado,categorical__station_id_57,station_id,8.059004e-06,-7.4281996e-07
1,riesgo_vaciado,categorical__station_id_58,station_id,3.3081305e-05,-1.2756679e-05
1,riesgo_vaciado,categorical__station_id_59,station_id,1.1391606e-05,-1.4606597e-07
1,riesgo_vaciado,categorical__station_id_60,station_id,7.628092e-06,-3.6874537e-06
1,riesgo_vaciado,categorical__station_id_61,station_id,0.0,0.0
1,riesgo_vaciado,categorical__station_id_62,station_id,1.2870505e-05,-7.177541e-06
1,riesgo_vaciado,categorical__station_id_63,station_id,0.001131893,-0.00022681276
1,riesgo_vaciado,categorical__station_id_64,station_id,0.00023633381,-2.5203888e-05
1,riesgo_vaciado,categorical__station_id_65,station_id,1.0860921e-05,-8.306947e-06
1,riesgo_vaciado,categorical__station_id_66,station_id,2.2663105e-06,-1.2829503e-06
1,riesgo_vaciado,categorical__station_id_67,station_id,2.7447295e-05,9.441346e-06
1,riesgo_vaciado,categorical__station_id_69,station_id,0.00022335787,-4.8023612e-05
1,riesgo_vaciado,categorical__station_id_71,station_id,1.2586896e-05,3.46214e-06
1,riesgo_vaciado,categorical__station_id_72,station_id,0.00013852728,-2.173881e-05
1,riesgo_vaciado,categorical__station_id_73,station_id,1.0604315e-05,3.6157446e-06
1,riesgo_vaciado,categorical__station_id_74,station_id,4.020664e-06,-1.8739437e-06
1,riesgo_vaciado,categorical__station_id_75,station_id,0.0,0.0
1,riesgo_vaciado,categorical__station_id_76,station_id,1.192624e-05,-1.2425475e-07
1,riesgo_vaciado,categorical__station_id_77,station_id,0.00018438903,8.423387e-06
1,riesgo_vaciado,categorical__station_id_78,station_id,0.0004491347,-5.0631654e-05
1,riesgo_vaciado,categorical__station_id_79,station_id,4.6153902e-05,-1.3534914e-05
1,riesgo_vaciado,categorical__station_id_80,station_id,0.0,0.0
1,riesgo_vaciado,categorical__station_id_81,station_id,0.0,0.0
1,riesgo_vaciado,categorical__station_id_82,station_id,0.0005586396,-0.00036973305
1,riesgo_vaciado,categorical__station_id_83,station_id,3.4784185e-05,-1.3680657e-05
1,riesgo_vaciado,categorical__station_id_84,station_id,0.00038661773,-1.2312289e-05
1,riesgo_vaciado,categorical__station_id_85,station_id,0.0,0.0
1,riesgo_vaciado,categorical__station_id_86,station_id,0.0,0.0
1,riesgo_vaciado,categorical__station_id_87,station_id,0.00019629524,-3.2380955e-05
1,riesgo_vaciado,categorical__station_id_88,station_id,2.6090959e-06,1.0969445e-06
1,riesgo_vaciado,categorical__station_id_89,station_id,0.00022739223,-0.00019105844
1,riesgo_vaciado,categorical__station_id_90,station_id,4.9496626e-05,2.9497062e-06
1,riesgo_vaciado,categorical__station_id_91,station_id,3.387379e-05,-1.2273976e-05
1,riesgo_vaciado,categorical__station_id_92,station_id,0.00081964757,-1.6453303e-05
1,riesgo_vaciado,categorical__station_id_93,station_id,0.00013101776,1.3150415e-06
1,riesgo_vaciado,categorical__station_id_94,station_id,1.3342774e-05,-7.898183e-06
1,riesgo_vaciado,categorical__station_id_95,station_id,1.622538e-06,-9.3577836e-07
1,riesgo_vaciado,categorical__station_id_96,station_id,0.00011643441,1.5649654e-05
1,riesgo_vaciado,categorical__station_id_97,station_id,0.00024725994,-0.00010863592
1,riesgo_vaciado,categorical__station_id_98,station_id,0.00070466154,-6.508283e-05
1,riesgo_vaciado,categorical__station_id_99,station_id,0.0002346353,-7.7171775e-05
1,riesgo_vaciado,categorical__station_id_100,station_id,0.00033729116,-3.728654e-05
1,riesgo_vaciado,categorical__station_id_101,station_id,0.0,0.0
1,riesgo_vaciado,categorical__station_id_102,station_id,1.3284668e-05,-5.579311e-07
1,riesgo_vaciado,categorical__station_id_103,station_id,3.962943e-05,-2.1062206e-05
1,riesgo_vaciado,categorical__station_id_104,station_id,1.7791455e-05,-6.992825e-06
1,riesgo_vaciado,categorical__station_id_105,station_id,2.346527e-05,9.053124e-06
1,riesgo_vaciado,categorical__station_id_106,station_id,2.999669e-05,3.219375e-06
1,riesgo_vaciado,categorical__station_id_107,station_id,0.00012418145,-5.0791066e-05
1,riesgo_vaciado,categorical__station_id_108,station_id,0.00044907664,4.957981e-05
1,riesgo_vaciado,categorical__station_id_109,station_id,0.00027865573,-1.9109004e-05
1,riesgo_vaciado,categorical__station_id_110,station_id,0.0001604133,-3.8875012e-05
1,riesgo_vaciado,categorical__station_id_111,station_id,5.3819516e-05,-3.462858e-05
1,riesgo_vaciado,categorical__station_id_112,station_id,2.4752649e-06,-5.686152e-07
1,riesgo_vaciado,categorical__station_id_113,station_id,0.00021101588,-1.4044188e-05
1,riesgo_vaciado,categorical__station_id_114,station_id,0.00013904528,-6.0122275e-05
1,riesgo_vaciado,categorical__station_id_115,station_id,0.00013091933,-6.998883e-05
1,riesgo_vaciado,categorical__station_id_116,station_id,9.387676e-06,2.7483245e-06
1,riesgo_vaciado,categorical__station_id_117,station_id,3.123476e-06,4.6646034e-07
1,riesgo_vaciado,categorical__station_id_118,station_id,0.00011822878,3.575021e-05
1,riesgo_vaciado,categorical__station_id_119,station_id,5.7384917e-05,1.483628e-06
1,riesgo_vaciado,categorical__station_id_120,station_id,0.0002714318,2.7070673e-05
1,riesgo_vaciado,categorical__station_id_121,station_id,0.00021465699,-1.0767917e-05
1,riesgo_vaciado,categorical__station_id_122,station_id,1.5824397e-05,4.361183e-06
1,riesgo_vaciado,categorical__station_id_123,station_id,0.00016808709,-3.345487e-05
1,riesgo_vaciado,categorical__station_id_124,station_id,1.8961675e-05,-6.997191e-06
1,riesgo_vaciado,categorical__station_id_125,station_id,0.0001410509,1.4039899e-05
1,riesgo_vaciado,categorical__station_id_126,station_id,0.00015770855,-9.515316e-05
1,riesgo_vaciado,categorical__station_id_127,station_id,0.0008211479,-0.0001642213
1,riesgo_vaciado,categorical__station_id_128,station_id,0.00084561406,-0.0003250584
1,riesgo_vaciado,categorical__station_id_129,station_id,0.0007197124,-3.994687e-05
1,riesgo_vaciado,categorical__station_id_130,station_id,3.9894853e-06,-9.659499e-07
1,riesgo_vaciado,categorical__station_id_131,station_id,4.8288653e-05,1.0372742e-05
1,riesgo_vaciado,categorical__station_id_132,station_id,0.00073448743,-0.00037090108
1,riesgo_vaciado,categorical__station_id_133,station_id,0.0004385308,-0.000112687456
1,riesgo_vaciado,categorical__station_id_134,station_id,0.0001921527,-9.762005e-06
1,riesgo_vaciado,categorical__station_id_135,station_id,0.0001496776,-7.453076e-05
1,riesgo_vaciado,categorical__station_id_136,station_id,1.591233e-06,7.9860195e-07
1,riesgo_vaciado,categorical__station_id_137,station_id,0.00018905668,5.4767806e-05
1,riesgo_vaciado,categorical__station_id_138,station_id,0.0,0.0
1,riesgo_vaciado,categorical__station_id_139,station_id,7.4065494e-05,-2.5808153e-05
1,riesgo_vaciado,categorical__station_id_140,station_id,0.00024456903,-9.5816125e-05
1,riesgo_vaciado,categorical__station_id_141,station_id,3.9074016e-06,-4.1355267e-07
1,riesgo_vaciado,categorical__station_id_142,station_id,0.00032063387,-0.00021363584
1,riesgo_vaciado,categorical__station_id_143,station_id,0.0005572372,3.2790056e-05
1,riesgo_vaciado,categorical__station_id_144,station_id,1.9360637e-06,-1.0642568e-06
1,riesgo_vaciado,categorical__station_id_145,station_id,0.0003968548,-8.915952e-05
1,riesgo_vaciado,categorical__station_id_146,station_id,0.0,0.0
1,riesgo_vaciado,categorical__station_id_147,station_id,3.7933838e-05,-5.548772e-06
1,riesgo_vaciado,categorical__station_id_148,station_id,0.00016094891,3.4488694e-05
1,riesgo_vaciado,categorical__station_id_149,station_id,0.0007653675,-0.0003206981
1,riesgo_vaciado,categorical__station_id_150,station_id,0.000114185335,-4.9615825e-05
1,riesgo_vaciado,categorical__station_id_151,station_id,0.00012373712,4.4262282e-07
1,riesgo_vaciado,categorical__station_id_152,station_id,2.1464424e-05,-1.6373024e-06
1,riesgo_vaciado,categorical__station_id_153,station_id,1.9092506e-05,1.06694415e-05
1,riesgo_vaciado,categorical__station_id_154,station_id,0.00094060396,-0.00012275658
1,riesgo_vaciado,categorical__station_id_155,station_id,1.1608228e-05,5.556748e-06
1,riesgo_vaciado,categorical__station_id_156,station_id,4.6831436e-05,1.4014105e-05
1,riesgo_vaciado,categorical__station_id_157,station_id,0.00052329537,-5.4748212e-05
1,riesgo_vaciado,categorical__station_id_158,station_id,0.0,0.0
1,riesgo_vaciado,categorical__station_id_159,station_id,2.3393855e-05,-3.9835677e-06
1,riesgo_vaciado,categorical__station_id_160,station_id,1.7142156e-05,8.214831e-06
1,riesgo_vaciado,categorical__station_id_161,station_id,0.00014921304,-3.613942e-05
1,riesgo_vaciado,categorical__station_id_162,station_id,0.000539002,-0.0001287575
1,riesgo_vaciado,categorical__station_id_163,station_id,7.16996e-05,-9.025339e-06
1,riesgo_vaciado,categorical__station_id_164,station_id,2.4563291e-05,-3.781433e-06
1,riesgo_vaciado,categorical__station_id_165,station_id,5.4071064e-05,-2.1424123e-06
1,riesgo_vaciado,categorical__station_id_166,station_id,1.0500217e-05,-2.950173e-06
1,riesgo_vaciado,categorical__station_id_167,station_id,0.00025793983,-9.017038e-05
1,riesgo_vaciado,categorical__station_id_168,station_id,4.5061286e-05,-2.7269602e-05
1,riesgo_vaciado,categorical__station_id_169,station_id,6.6063485e-06,1.8583066e-06
1,riesgo_vaciado,categorical__station_id_170,station_id,3.3871172e-05,-1.4703091e-05
1,riesgo_vaciado,categorical__station_id_171,station_id,8.967758e-05,-3.619929e-05
1,riesgo_vaciado,categorical__station_id_172,station_id,0.00014811118,2.5336289e-05
1,riesgo_vaciado,categorical__station_id_173,station_id,0.0,0.0
1,riesgo_vaciado,categorical__station_id_174,station_id,4.5579116e-05,5.1701436e-06
1,riesgo_vaciado,categorical__station_id_175,station_id,5.119202e-06,-2.5513261e-06
1,riesgo_vaciado,categorical__station_id_176,station_id,7.3414274e-05,-3.3377328e-05
1,riesgo_vaciado,categorical__station_id_177,station_id,0.00036970497,-0.00018337363
1,riesgo_vaciado,categorical__station_id_178,station_id,0.0003858017,-9.965111e-05
1,riesgo_vaciado,categorical__station_id_179,station_id,0.0,0.0
1,riesgo_vaciado,categorical__station_id_180,station_id,0.0,0.0
1,riesgo_vaciado,categorical__station_id_181,station_id,6.404687e-06,-1.8875384e-06
1,riesgo_vaciado,categorical__station_id_182,station_id,0.00069116626,-0.00034885618
1,riesgo_vaciado,categorical__station_id_183,station_id,0.0,0.0
1,riesgo_vaciado,categorical__station_id_184,station_id,0.0,0.0
1,riesgo_vaciado,categorical__station_id_185,station_id,0.00033403691,-0.00023284456
1,riesgo_vaciado,categorical__station_id_186,station_id,1.877028e-05,8.9218875e-06
1,riesgo_vaciado,categorical__station_id_187,station_id,4.6734138e-05,1.5904929e-05
1,riesgo_vaciado,categorical__station_id_188,station_id,1.5882926e-05,-6.4958017e-06
1,riesgo_vaciado,categorical__station_id_189,station_id,1.5061919e-05,1.9633487e-07
1,riesgo_vaciado,categorical__station_id_190,station_id,0.00014431885,2.223176e-06
1,riesgo_vaciado,categorical__station_id_191,station_id,0.0,0.0
1,riesgo_vaciado,categorical__station_id_192,station_id,0.0002919025,-0.00010121236
1,riesgo_vaciado,categorical__station_id_193,station_id,0.00011082243,-3.721933e-05
1,riesgo_vaciado,categorical__station_id_194,station_id,1.2315453e-05,-2.7622295e-06
1,riesgo_vaciado,categorical__station_id_195,station_id,0.000110786896,1.8408919e-05
1,riesgo_vaciado,categorical__station_id_196,station_id,3.43578e-05,2.1859127e-07
1,riesgo_vaciado,categorical__station_id_197,station_id,7.755959e-05,-1.044619e-05
1,riesgo_vaciado,categorical__station_id_198,station_id,3.0988715e-05,-2.3584962e-06
1,riesgo_vaciado,categorical__station_id_199,station_id,3.392849e-05,6.8865033e-06
1,riesgo_vaciado,categorical__station_id_200,station_id,0.00010201689,-4.0923267e-05
1,riesgo_vaciado,categorical__station_id_201,station_id,1.75859e-05,8.1633325e-06
1,riesgo_vaciado,categorical__station_id_202,station_id,7.991963e-05,-1.1433768e-05
1,riesgo_vaciado,categorical__station_id_203,station_id,0.0003088895,2.9508024e-05
1,riesgo_vaciado,categorical__station_id_204,station_id,2.4319892e-05,-3.0990745e-06
1,riesgo_vaciado,categorical__station_id_205,station_id,0.0,0.0
1,riesgo_vaciado,categorical__station_id_206,station_id,0.00012209009,2.6764843e-05
1,riesgo_vaciado,categorical__station_id_207,station_id,1.0803455e-05,-8.160734e-06
1,riesgo_vaciado,categorical__station_id_208,station_id,0.0002655313,2.76784e-05
1,riesgo_vaciado,categorical__station_id_209,station_id,2.0487902e-05,-4.600481e-06
1,riesgo_vaciado,categorical__station_id_210,station_id,0.0,0.0
1,riesgo_vaciado,categorical__station_id_211,station_id,0.0,0.0
1,riesgo_vaciado,categorical__station_id_212,station_id,0.00044459346,-0.00011421781
1,riesgo_vaciado,categorical__station_id_213,station_id,0.00067891035,-7.2874664e-06
1,riesgo_vaciado,categorical__station_id_214,station_id,6.3558145e-05,-1.7843064e-05
1,riesgo_vaciado,categorical__station_id_215,station_id,3.791397e-05,1.2854428e-05
1,riesgo_vaciado,categorical__station_id_216,station_id,0.0,0.0
1,riesgo_vaciado,categorical__station_id_217,station_id,5.9743652e-05,-7.1420745e-06
1,riesgo_vaciado,categorical__station_id_218,station_id,2.1489359e-05,-1.5761997e-06
1,riesgo_vaciado,categorical__station_id_219,station_id,0.0,0.0
1,riesgo_vaciado,categorical__station_id_220,station_id,0.00067124184,-0.00049780565
1,riesgo_vaciado,categorical__station_id_221,station_id,0.0015737171,-0.0013491021
1,riesgo_vaciado,categorical__station_id_222,station_id,0.0005665759,8.938071e-05
1,riesgo_vaciado,categorical__station_id_223,station_id,0.0,0.0
1,riesgo_vaciado,categorical__station_id_224,station_id,0.0,0.0
1,riesgo_vaciado,categorical__station_id_225,station_id,1.5594916e-05,1.322445e-06
1,riesgo_vaciado,categorical__station_id_226,station_id,0.00083684834,-0.00062219746
1,riesgo_vaciado,categorical__station_id_227,station_id,0.0,0.0
1,riesgo_vaciado,categorical__station_id_228,station_id,0.0,0.0
1,riesgo_vaciado,categorical__station_id_229,station_id,0.0,0.0
1,riesgo_vaciado,categorical__station_id_230,station_id,0.0,0.0
1,riesgo_vaciado,categorical__station_id_231,station_id,5.0792725e-05,-2.9348244e-05
1,riesgo_vaciado,categorical__station_id_232,station_id,0.0,0.0
1,riesgo_vaciado,categorical__station_id_233,station_id,0.0,0.0
1,riesgo_vaciado,categorical__station_id_234,station_id,0.0,0.0
1,riesgo_vaciado,categorical__station_id_235,station_id,0.0012308083,-0.00094631314
1,riesgo_vaciado,categorical__station_id_236,station_id,1.6238163e-06,-2.053738e-07
1,riesgo_vaciado,categorical__station_id_237,station_id,6.0409548e-06,-2.243744e-07
1,riesgo_vaciado,categorical__station_id_238,station_id,0.00043741273,-0.00013872293
1,riesgo_vaciado,categorical__station_id_239,station_id,0.0,0.0
1,riesgo_vaciado,categorical__station_id_240,station_id,0.0,0.0
1,riesgo_vaciado,categorical__station_id_241,station_id,0.0,0.0
1,riesgo_vaciado,categorical__station_id_242,station_id,4.6191017e-05,-2.37779e-05
1,riesgo_vaciado,categorical__station_id_243,station_id,0.0,0.0
1,riesgo_vaciado,categorical__station_id_244,station_id,3.329686e-05,2.6643468e-06
1,riesgo_vaciado,categorical__station_id_245,station_id,7.4275245e-05,1.5921294e-05
1,riesgo_vaciado,categorical__station_id_246,station_id,4.82346e-05,1.8891516e-05
1,riesgo_vaciado,categorical__station_id_247,station_id,0.0,0.0
1,riesgo_vaciado,categorical__station_id_248,station_id,0.0,0.0
1,riesgo_vaciado,categorical__station_id_249,station_id,0.0,0.0
1,riesgo_vaciado,categorical__station_id_250,station_id,3.4079385e-05,-6.688149e-06
1,riesgo_vaciado,categorical__station_id_251,station_id,6.2111144e-06,-1.7050776e-06
1,riesgo_vaciado,categorical__station_id_252,station_id,4.6847334e-05,4.3030836e-06
1,riesgo_vaciado,categorical__station_id_253,station_id,6.521362e-05,5.8480723e-06
1,riesgo_vaciado,categorical__station_id_254,station_id,0.0,0.0
1,riesgo_vaciado,categorical__station_id_256,station_id,0.0,0.0
1,riesgo_vaciado,categorical__station_id_257,station_id,0.0,0.0
1,riesgo_vaciado,categorical__station_id_258,station_id,0.0,0.0
1,riesgo_vaciado,categorical__station_id_259,station_id,3.0723757e-05,-4.0714112e-06
1,riesgo_vaciado,categorical__station_id_260,station_id,0.0,0.0
1,riesgo_vaciado,categorical__station_id_261,station_id,8.02086e-06,4.463186e-07
1,riesgo_vaciado,categorical__station_id_262,station_id,0.0,0.0
1,riesgo_vaciado,categorical__station_id_263,station_id,0.0,0.0
1,riesgo_vaciado,categorical__station_id_264,station_id,0.0,0.0
1,riesgo_vaciado,categorical__station_id_265,station_id,0.0,0.0
1,riesgo_vaciado,categorical__station_id_266,station_id,4.1724397e-05,-2.113016e-05
1,riesgo_vaciado,categorical__station_id_267,station_id,3.046986e-06,9.44604e-07
1,riesgo_vaciado,categorical__station_id_268,station_id,0.0,0.0
1,riesgo_vaciado,categorical__station_id_269,station_id,0.0,0.0
1,riesgo_vaciado,categorical__station_id_270,station_id,0.00057716854,-6.878317e-05
1,riesgo_vaciado,categorical__tipo_dia_domingo,tipo_dia,5.3276668e-05,-1.2510429e-05
1,riesgo_vaciado,categorical__tipo_dia_festivo,tipo_dia,0.00017563956,-5.3664375e-05
1,riesgo_vaciado,categorical__tipo_dia_laborable,tipo_dia,0.00582028,-0.0013234129
1,riesgo_vaciado,categorical__tipo_dia_sabado,tipo_dia,0.00033888148,3.730354e-05
2,riesgo_saturacion,numeric__capacity,capacity,0.012298202,-0.0023125794
2,riesgo_saturacion,numeric__bikes_available,bikes_available,0.118007526,-0.01838373
2,riesgo_saturacion,numeric__docks_available,docks_available,0.2561518,-0.21231185
2,riesgo_saturacion,numeric__reservations_count,reservations_count,0.0774281,-0.040949658
2,riesgo_saturacion,numeric__occupancy_ratio,occupancy_ratio,2.7101479,-1.3259996
2,riesgo_saturacion,numeric__light,light,0.0697191,-0.022393854
2,riesgo_saturacion,numeric__weather_available,weather_available,0.0,0.0
2,riesgo_saturacion,numeric__uv_radiation_median_mw_m2,uv_radiation_median_mw_m2,0.0021311557,-0.001852581
2,riesgo_saturacion,numeric__wind_speed_median_m_s,wind_speed_median_m_s,0.005176503,-0.0005552516
2,riesgo_saturacion,numeric__wind_direction_sin_mean,wind_direction_sin_mean,0.009301288,-0.0045594387
2,riesgo_saturacion,numeric__wind_direction_cos_mean,wind_direction_cos_mean,0.010632163,-0.002891576
2,riesgo_saturacion,numeric__temperature_median_c,temperature_median_c,0.0074993065,-0.0044701174
2,riesgo_saturacion,numeric__relative_humidity_median_pct,relative_humidity_median_pct,0.013268506,-0.0063971356
2,riesgo_saturacion,numeric__barometric_pressure_median_mb,barometric_pressure_median_mb,0.011738934,-0.0067492346
2,riesgo_saturacion,numeric__solar_radiation_median_w_m2,solar_radiation_median_w_m2,0.014851343,0.009378458
2,riesgo_saturacion,numeric__precipitation_mean_l_m2,precipitation_mean_l_m2,0.0034360758,0.0002141483
2,riesgo_saturacion,numeric__precipitation_max_l_m2,precipitation_max_l_m2,0.0014797233,-0.00041327393
2,riesgo_saturacion,numeric__n_temperature,n_temperature,0.005240509,-0.001644564
2,riesgo_saturacion,numeric__n_relative_humidity,n_relative_humidity,0.008157341,-0.0014706192
2,riesgo_saturacion,numeric__n_precipitation,n_precipitation,0.008890521,0.007331845
2,riesgo_saturacion,numeric__hour,hour,0.051942576,-0.008180013
2,riesgo_saturacion,numeric__day_of_week,day_of_week,0.013731597,-0.0045065936
2,riesgo_saturacion,numeric__month,month,0.010627494,-0.0105705345
2,riesgo_saturacion,numeric__week_of_year,week_of_year,0.02057496,-0.018239489
2,riesgo_saturacion,numeric__occupancy_ratio_lag_1h,occupancy_ratio_lag_1h,0.04260697,0.008268484
2,riesgo_saturacion,numeric__occupancy_ratio_lag_2h,occupancy_ratio_lag_2h,0.018683987,0.0024142505
2,riesgo_saturacion,numeric__occupancy_ratio_lag_24h,occupancy_ratio_lag_24h,0.010348408,-0.0033436967
2,riesgo_saturacion,numeric__bikes_available_lag_1h,bikes_available_lag_1h,0.011450451,0.0060961405
2,riesgo_saturacion,numeric__bikes_available_lag_2h,bikes_available_lag_2h,0.007555831,-0.0021962477
2,riesgo_saturacion,numeric__bikes_available_lag_24h,bikes_available_lag_24h,0.0065690167,0.0004601033
2,riesgo_saturacion,numeric__net_flow_lag_1h,net_flow_lag_1h,0.049211696,-0.025402432
2,riesgo_saturacion,numeric__net_flow_lag_2h,net_flow_lag_2h,0.0056326906,-0.0017770663
2,riesgo_saturacion,numeric__net_flow_lag_24h,net_flow_lag_24h,0.04925278,-0.02132087
2,riesgo_saturacion,numeric__departures_count_lag_1h,departures_count_lag_1h,0.0073462613,-0.004548772
2,riesgo_saturacion,numeric__departures_count_lag_2h,departures_count_lag_2h,0.014884678,0.00087373727
2,riesgo_saturacion,numeric__departures_count_lag_24h,departures_count_lag_24h,0.02228372,0.0020868164
2,riesgo_saturacion,numeric__arrivals_count_lag_1h,arrivals_count_lag_1h,0.069594346,-0.040987372
2,riesgo_saturacion,numeric__arrivals_count_lag_2h,arrivals_count_lag_2h,0.0052217185,-0.0024321582
2,riesgo_saturacion,numeric__arrivals_count_lag_24h,arrivals_count_lag_24h,0.026407529,-0.018090172
2,riesgo_saturacion,numeric__occupancy_ratio_mean_previous_3h,occupancy_ratio_mean_previous_3h,0.022633873,0.012179445
2,riesgo_saturacion,numeric__occupancy_ratio_mean_previous_24h,occupancy_ratio_mean_previous_24h,0.0786243,-0.054956272
2,riesgo_saturacion,numeric__net_flow_mean_previous_3h,net_flow_mean_previous_3h,0.024558209,-0.013502466
2,riesgo_saturacion,numeric__net_flow_mean_previous_24h,net_flow_mean_previous_24h,0.020359125,-0.008503129
2,riesgo_saturacion,numeric__departures_count_mean_previous_3h,departures_count_mean_previous_3h,0.02508646,-0.0004248888
2,riesgo_saturacion,numeric__departures_count_mean_previous_24h,departures_count_mean_previous_24h,0.00837475,-0.004470666
2,riesgo_saturacion,numeric__arrivals_count_mean_previous_3h,arrivals_count_mean_previous_3h,0.0236142,-0.010520069
2,riesgo_saturacion,numeric__arrivals_count_mean_previous_24h,arrivals_count_mean_previous_24h,0.010772263,-0.00265989
2,riesgo_saturacion,numeric__missingindicator_uv_radiation_median_mw_m2,uv_radiation_median_mw_m2,0.0022477314,-0.0021166166
2,riesgo_saturacion,numeric__missingindicator_wind_speed_median_m_s,wind_speed_median_m_s,0.0,0.0
2,riesgo_saturacion,numeric__missingindicator_wind_direction_sin_mean,wind_direction_sin_mean,0.0,0.0
2,riesgo_saturacion,numeric__missingindicator_wind_direction_cos_mean,wind_direction_cos_mean,0.0,0.0
2,riesgo_saturacion,numeric__missingindicator_temperature_median_c,temperature_median_c,0.0,0.0
2,riesgo_saturacion,numeric__missingindicator_relative_humidity_median_pct,relative_humidity_median_pct,0.0,0.0
2,riesgo_saturacion,numeric__missingindicator_barometric_pressure_median_mb,barometric_pressure_median_mb,0.0,0.0
2,riesgo_saturacion,numeric__missingindicator_solar_radiation_median_w_m2,solar_radiation_median_w_m2,0.0,0.0
2,riesgo_saturacion,numeric__missingindicator_precipitation_mean_l_m2,precipitation_mean_l_m2,0.0,0.0
2,riesgo_saturacion,numeric__missingindicator_precipitation_max_l_m2,precipitation_max_l_m2,0.0,0.0
2,riesgo_saturacion,numeric__missingindicator_n_temperature,n_temperature,0.0,0.0
2,riesgo_saturacion,numeric__missingindicator_n_relative_humidity,n_relative_humidity,0.0,0.0
2,riesgo_saturacion,numeric__missingindicator_n_precipitation,n_precipitation,0.0,0.0
2,riesgo_saturacion,numeric__missingindicator_occupancy_ratio_lag_1h,occupancy_ratio_lag_1h,7.6040155e-06,-5.085308e-06
2,riesgo_saturacion,numeric__missingindicator_occupancy_ratio_lag_2h,occupancy_ratio_lag_2h,0.00012953316,-9.919129e-05
2,riesgo_saturacion,numeric__missingindicator_occupancy_ratio_lag_24h,occupancy_ratio_lag_24h,0.0005277098,-0.0001937792
2,riesgo_saturacion,numeric__missingindicator_bikes_available_lag_1h,bikes_available_lag_1h,0.0,0.0
2,riesgo_saturacion,numeric__missingindicator_bikes_available_lag_2h,bikes_available_lag_2h,0.0,0.0
2,riesgo_saturacion,numeric__missingindicator_bikes_available_lag_24h,bikes_available_lag_24h,7.993619e-05,2.611587e-05
2,riesgo_saturacion,numeric__missingindicator_net_flow_lag_1h,net_flow_lag_1h,0.0,0.0
2,riesgo_saturacion,numeric__missingindicator_net_flow_lag_2h,net_flow_lag_2h,0.0,0.0
2,riesgo_saturacion,numeric__missingindicator_net_flow_lag_24h,net_flow_lag_24h,0.0,0.0
2,riesgo_saturacion,numeric__missingindicator_departures_count_lag_1h,departures_count_lag_1h,0.0,0.0
2,riesgo_saturacion,numeric__missingindicator_departures_count_lag_2h,departures_count_lag_2h,0.0,0.0
2,riesgo_saturacion,numeric__missingindicator_departures_count_lag_24h,departures_count_lag_24h,0.0,0.0
2,riesgo_saturacion,numeric__missingindicator_arrivals_count_lag_1h,arrivals_count_lag_1h,0.0,0.0
2,riesgo_saturacion,numeric__missingindicator_arrivals_count_lag_2h,arrivals_count_lag_2h,0.0,0.0
2,riesgo_saturacion,numeric__missingindicator_arrivals_count_lag_24h,arrivals_count_lag_24h,0.0,0.0
2,riesgo_saturacion,numeric__missingindicator_occupancy_ratio_mean_previous_3h,occupancy_ratio_mean_previous_3h,0.0,0.0
2,riesgo_saturacion,numeric__missingindicator_occupancy_ratio_mean_previous_24h,occupancy_ratio_mean_previous_24h,0.0,0.0
2,riesgo_saturacion,numeric__missingindicator_net_flow_mean_previous_3h,net_flow_mean_previous_3h,0.0,0.0
2,riesgo_saturacion,numeric__missingindicator_net_flow_mean_previous_24h,net_flow_mean_previous_24h,0.0,0.0
2,riesgo_saturacion,numeric__missingindicator_departures_count_mean_previous_3h,departures_count_mean_previous_3h,0.0,0.0
2,riesgo_saturacion,numeric__missingindicator_departures_count_mean_previous_24h,departures_count_mean_previous_24h,0.0,0.0
2,riesgo_saturacion,numeric__missingindicator_arrivals_count_mean_previous_3h,arrivals_count_mean_previous_3h,0.0,0.0
2,riesgo_saturacion,numeric__missingindicator_arrivals_count_mean_previous_24h,arrivals_count_mean_previous_24h,0.0,0.0
2,riesgo_saturacion,categorical__station_id_1,station_id,0.00012451578,-5.3924934e-05
2,riesgo_saturacion,categorical__station_id_2,station_id,0.0005893242,-0.00023119386
2,riesgo_saturacion,categorical__station_id_3,station_id,6.365429e-06,2.3577736e-06
2,riesgo_saturacion,categorical__station_id_4,station_id,6.277054e-06,7.2060465e-07
2,riesgo_saturacion,categorical__station_id_5,station_id,0.0,0.0
2,riesgo_saturacion,categorical__station_id_6,station_id,0.0,0.0
2,riesgo_saturacion,categorical__station_id_7,station_id,4.9937807e-06,-1.4759946e-06
2,riesgo_saturacion,categorical__station_id_8,station_id,0.00019540769,-8.040772e-05
2,riesgo_saturacion,categorical__station_id_9,station_id,1.6965518e-05,-9.8491554e-08
2,riesgo_saturacion,categorical__station_id_10,station_id,0.00016390963,1.7799724e-05
2,riesgo_saturacion,categorical__station_id_11,station_id,0.0,0.0
2,riesgo_saturacion,categorical__station_id_12,station_id,2.6414871e-05,3.4871225e-06
2,riesgo_saturacion,categorical__station_id_13,station_id,0.00032334315,0.00010454867
2,riesgo_saturacion,categorical__station_id_14,station_id,2.7867154e-05,-1.0322282e-05
2,riesgo_saturacion,categorical__station_id_15,station_id,1.027229e-05,6.0413827e-06
2,riesgo_saturacion,categorical__station_id_16,station_id,4.4593917e-06,3.95326e-06
2,riesgo_saturacion,categorical__station_id_17,station_id,0.000103791346,9.556665e-07
2,riesgo_saturacion,categorical__station_id_18,station_id,4.9300183e-06,1.990169e-06
2,riesgo_saturacion,categorical__station_id_19,station_id,4.3388267e-05,1.9037326e-06
2,riesgo_saturacion,categorical__station_id_20,station_id,0.0,0.0
2,riesgo_saturacion,categorical__station_id_21,station_id,2.9186705e-05,-1.0254751e-05
2,riesgo_saturacion,categorical__station_id_23,station_id,0.0,0.0
2,riesgo_saturacion,categorical__station_id_24,station_id,0.0,0.0
2,riesgo_saturacion,categorical__station_id_25,station_id,1.663844e-05,-5.4566867e-06
2,riesgo_saturacion,categorical__station_id_26,station_id,0.0003910042,-0.00011864803
2,riesgo_saturacion,categorical__station_id_27,station_id,5.147365e-06,-1.3664214e-06
2,riesgo_saturacion,categorical__station_id_28,station_id,0.0,0.0
2,riesgo_saturacion,categorical__station_id_29,station_id,0.0,0.0
2,riesgo_saturacion,categorical__station_id_30,station_id,2.5508525e-05,-1.4082351e-05
2,riesgo_saturacion,categorical__station_id_31,station_id,0.0,0.0
2,riesgo_saturacion,categorical__station_id_32,station_id,2.3423081e-05,-1.592955e-05
2,riesgo_saturacion,categorical__station_id_33,station_id,2.3264798e-05,-1.4227743e-05
2,riesgo_saturacion,categorical__station_id_34,station_id,0.0,0.0
2,riesgo_saturacion,categorical__station_id_35,station_id,5.0016075e-05,-1.3754317e-05
2,riesgo_saturacion,categorical__station_id_36,station_id,0.00011134088,-5.9619517e-05
2,riesgo_saturacion,categorical__station_id_37,station_id,0.0001489308,6.113928e-05
2,riesgo_saturacion,categorical__station_id_38,station_id,0.00030031547,-0.00012918992
2,riesgo_saturacion,categorical__station_id_39,station_id,0.0,0.0
2,riesgo_saturacion,categorical__station_id_40,station_id,0.0,0.0
2,riesgo_saturacion,categorical__station_id_41,station_id,0.00039198168,-0.0001612495
2,riesgo_saturacion,categorical__station_id_42,station_id,0.003038942,-0.0015951744
2,riesgo_saturacion,categorical__station_id_43,station_id,0.00023715987,-9.045112e-05
2,riesgo_saturacion,categorical__station_id_44,station_id,1.972609e-05,-1.0722977e-05
2,riesgo_saturacion,categorical__station_id_45,station_id,3.1588806e-05,4.9690047e-06
2,riesgo_saturacion,categorical__station_id_46,station_id,0.00074163225,-0.00018256294
2,riesgo_saturacion,categorical__station_id_47,station_id,6.961011e-05,-4.404577e-05
2,riesgo_saturacion,categorical__station_id_48,station_id,0.0002842733,-0.00012718621
2,riesgo_saturacion,categorical__station_id_49,station_id,0.00040277536,-0.00015709068
2,riesgo_saturacion,categorical__station_id_50,station_id,0.00012045636,-6.446834e-05
2,riesgo_saturacion,categorical__station_id_51,station_id,3.208395e-05,-1.4132177e-05
2,riesgo_saturacion,categorical__station_id_52,station_id,1.2867825e-05,5.61286e-06
2,riesgo_saturacion,categorical__station_id_53,station_id,0.00010487324,2.460733e-05
2,riesgo_saturacion,categorical__station_id_54,station_id,1.7513019e-05,1.1665591e-05
2,riesgo_saturacion,categorical__station_id_55,station_id,3.801773e-06,8.248491e-07
2,riesgo_saturacion,categorical__station_id_56,station_id,5.1786883e-05,-1.5236787e-05
2,riesgo_saturacion,categorical__station_id_57,station_id,5.2963824e-05,-1.51139e-05
2,riesgo_saturacion,categorical__station_id_58,station_id,5.9289163e-05,-2.2668833e-05
2,riesgo_saturacion,categorical__station_id_59,station_id,0.0004979369,-0.00019925299
2,riesgo_saturacion,categorical__station_id_60,station_id,7.749681e-06,2.4866725e-07
2,riesgo_saturacion,categorical__station_id_61,station_id,0.0,0.0
2,riesgo_saturacion,categorical__station_id_62,station_id,0.00029507963,6.636657e-05
2,riesgo_saturacion,categorical__station_id_63,station_id,3.854663e-05,-7.501015e-07
2,riesgo_saturacion,categorical__station_id_64,station_id,0.00298831,-0.0013922143
2,riesgo_saturacion,categorical__station_id_65,station_id,5.883574e-05,1.559976e-05
2,riesgo_saturacion,categorical__station_id_66,station_id,0.00025457467,-3.697995e-05
2,riesgo_saturacion,categorical__station_id_67,station_id,0.00013592998,-0.0001002651
2,riesgo_saturacion,categorical__station_id_69,station_id,0.0005868478,-0.0002082463
2,riesgo_saturacion,categorical__station_id_71,station_id,0.00015602009,-6.7916056e-07
2,riesgo_saturacion,categorical__station_id_72,station_id,8.562704e-05,3.6933372e-05
2,riesgo_saturacion,categorical__station_id_73,station_id,4.1683903e-05,-2.127425e-05
2,riesgo_saturacion,categorical__station_id_74,station_id,5.3859985e-06,3.1025127e-06
2,riesgo_saturacion,categorical__station_id_75,station_id,8.721589e-05,-2.7292375e-05
2,riesgo_saturacion,categorical__station_id_76,station_id,7.183655e-05,-4.1052805e-05
2,riesgo_saturacion,categorical__station_id_77,station_id,0.0001176817,-2.1700827e-05
2,riesgo_saturacion,categorical__station_id_78,station_id,4.7007004e-05,1.9723002e-05
2,riesgo_saturacion,categorical__station_id_79,station_id,0.00017808407,-7.775818e-05
2,riesgo_saturacion,categorical__station_id_80,station_id,2.9972749e-05,-6.6258763e-06
2,riesgo_saturacion,categorical__station_id_81,station_id,0.00072766835,-0.000265714
2,riesgo_saturacion,categorical__station_id_82,station_id,0.00017561193,-8.427211e-05
2,riesgo_saturacion,categorical__station_id_83,station_id,9.288173e-05,-1.6553578e-05
2,riesgo_saturacion,categorical__station_id_84,station_id,0.0001707153,4.5745786e-05
2,riesgo_saturacion,categorical__station_id_85,station_id,0.00089057983,-0.0002789743
2,riesgo_saturacion,categorical__station_id_86,station_id,0.00013276898,2.3738978e-06
2,riesgo_saturacion,categorical__station_id_87,station_id,4.1396593e-06,2.5249278e-06
2,riesgo_saturacion,categorical__station_id_88,station_id,0.0,0.0
2,riesgo_saturacion,categorical__station_id_89,station_id,5.6417634e-06,-3.3129547e-06
2,riesgo_saturacion,categorical__station_id_90,station_id,0.0007511114,0.00016576333
2,riesgo_saturacion,categorical__station_id_91,station_id,0.0009850372,-0.0003809607
2,riesgo_saturacion,categorical__station_id_92,station_id,9.466962e-06,3.5515063e-06
2,riesgo_saturacion,categorical__station_id_93,station_id,0.000114442526,-3.596715e-05
2,riesgo_saturacion,categorical__station_id_94,station_id,0.0,0.0
2,riesgo_saturacion,categorical__station_id_95,station_id,8.157619e-05,-7.833735e-05
2,riesgo_saturacion,categorical__station_id_96,station_id,0.0,0.0
2,riesgo_saturacion,categorical__station_id_97,station_id,0.0,0.0
2,riesgo_saturacion,categorical__station_id_98,station_id,1.1156369e-05,-4.7037024e-06
2,riesgo_saturacion,categorical__station_id_99,station_id,2.6020203e-05,3.6481317e-06
2,riesgo_saturacion,categorical__station_id_100,station_id,0.0,0.0
2,riesgo_saturacion,categorical__station_id_101,station_id,0.0,0.0
2,riesgo_saturacion,categorical__station_id_102,station_id,0.00070770294,-0.00013087827
2,riesgo_saturacion,categorical__station_id_103,station_id,0.0008044688,-8.787366e-05
2,riesgo_saturacion,categorical__station_id_104,station_id,0.0,0.0
2,riesgo_saturacion,categorical__station_id_105,station_id,3.5885305e-06,-3.0547842e-06
2,riesgo_saturacion,categorical__station_id_106,station_id,0.00031954073,-3.5758171e-06
2,riesgo_saturacion,categorical__station_id_107,station_id,2.8406896e-05,-1.2439037e-05
2,riesgo_saturacion,categorical__station_id_108,station_id,0.0010382782,-0.000535543
2,riesgo_saturacion,categorical__station_id_109,station_id,7.7755234e-05,-2.3139795e-05
2,riesgo_saturacion,categorical__station_id_110,station_id,6.557613e-06,-4.590955e-06
2,riesgo_saturacion,categorical__station_id_111,station_id,2.7119819e-05,-6.610502e-06
2,riesgo_saturacion,categorical__station_id_112,station_id,0.0006041712,-0.00019458808
2,riesgo_saturacion,categorical__station_id_113,station_id,0.0007660173,-0.00011261697
2,riesgo_saturacion,categorical__station_id_114,station_id,5.8185733e-06,1.8720124e-06
2,riesgo_saturacion,categorical__station_id_115,station_id,1.0536708e-05,-6.5150416e-06
2,riesgo_saturacion,categorical__station_id_116,station_id,0.00049459125,0.00012023249
2,riesgo_saturacion,categorical__station_id_117,station_id,0.0,0.0
2,riesgo_saturacion,categorical__station_id_118,station_id,0.000100173085,-6.694856e-05
2,riesgo_saturacion,categorical__station_id_119,station_id,7.812252e-05,-1.76135e-05
2,riesgo_saturacion,categorical__station_id_120,station_id,0.0,0.0
2,riesgo_saturacion,categorical__station_id_121,station_id,4.2511447e-06,2.1275055e-06
2,riesgo_saturacion,categorical__station_id_122,station_id,0.0001331407,1.5843172e-05
2,riesgo_saturacion,categorical__station_id_123,station_id,0.0,0.0
2,riesgo_saturacion,categorical__station_id_124,station_id,6.3302745e-05,-2.4486673e-05
2,riesgo_saturacion,categorical__station_id_125,station_id,0.00012821608,-4.4965618e-05
2,riesgo_saturacion,categorical__station_id_126,station_id,2.0712436e-05,9.234098e-06
2,riesgo_saturacion,categorical__station_id_127,station_id,2.0885665e-05,-9.764313e-06
2,riesgo_saturacion,categorical__station_id_128,station_id,0.000103454004,-5.7284662e-05
2,riesgo_saturacion,categorical__station_id_129,station_id,6.299281e-05,2.4625133e-05
2,riesgo_saturacion,categorical__station_id_130,station_id,0.0005188115,-6.868488e-05
2,riesgo_saturacion,categorical__station_id_131,station_id,4.7296558e-06,9.956858e-07
2,riesgo_saturacion,categorical__station_id_132,station_id,0.00017475,-1.5760454e-05
2,riesgo_saturacion,categorical__station_id_133,station_id,7.503909e-05,-4.6462264e-05
2,riesgo_saturacion,categorical__station_id_134,station_id,0.00011269743,-3.5355012e-07
2,riesgo_saturacion,categorical__station_id_135,station_id,0.00010977324,-1.16136935e-05
2,riesgo_saturacion,categorical__station_id_136,station_id,4.5652192e-05,-1.4804983e-05
2,riesgo_saturacion,categorical__station_id_137,station_id,0.0,0.0
2,riesgo_saturacion,categorical__station_id_138,station_id,0.0,0.0
2,riesgo_saturacion,categorical__station_id_139,station_id,2.2168668e-05,-1.4489578e-05
2,riesgo_saturacion,categorical__station_id_140,station_id,0.0,0.0
2,riesgo_saturacion,categorical__station_id_141,station_id,0.0,0.0
2,riesgo_saturacion,categorical__station_id_142,station_id,0.0,0.0
2,riesgo_saturacion,categorical__station_id_143,station_id,0.0,0.0
2,riesgo_saturacion,categorical__station_id_144,station_id,0.0,0.0
2,riesgo_saturacion,categorical__station_id_145,station_id,0.00022148037,-7.746047e-05
2,riesgo_saturacion,categorical__station_id_146,station_id,0.0,0.0
2,riesgo_saturacion,categorical__station_id_147,station_id,0.0,0.0
2,riesgo_saturacion,categorical__station_id_148,station_id,0.00016273312,-2.6260916e-05
2,riesgo_saturacion,categorical__station_id_149,station_id,0.0003083924,6.740391e-05
2,riesgo_saturacion,categorical__station_id_150,station_id,0.0,0.0
2,riesgo_saturacion,categorical__station_id_151,station_id,2.8406983e-05,-8.977744e-06
2,riesgo_saturacion,categorical__station_id_152,station_id,0.0,0.0
2,riesgo_saturacion,categorical__station_id_153,station_id,0.0,0.0
2,riesgo_saturacion,categorical__station_id_154,station_id,0.0,0.0
2,riesgo_saturacion,categorical__station_id_155,station_id,2.596922e-05,1.3621867e-05
2,riesgo_saturacion,categorical__station_id_156,station_id,0.0,0.0
2,riesgo_saturacion,categorical__station_id_157,station_id,2.7319125e-05,-1.3894502e-05
2,riesgo_saturacion,categorical__station_id_158,station_id,0.0,0.0
2,riesgo_saturacion,categorical__station_id_159,station_id,4.077005e-06,1.1926616e-06
2,riesgo_saturacion,categorical__station_id_160,station_id,7.278484e-05,-3.2231987e-05
2,riesgo_saturacion,categorical__station_id_161,station_id,0.00041485613,4.95292e-06
2,riesgo_saturacion,categorical__station_id_162,station_id,0.00073522684,-0.00030501955
2,riesgo_saturacion,categorical__station_id_163,station_id,0.0008681825,0.0003229064
2,riesgo_saturacion,categorical__station_id_164,station_id,0.0005937585,-0.0003012358
2,riesgo_saturacion,categorical__station_id_165,station_id,1.3541764e-05,-4.5376614e-06
2,riesgo_saturacion,categorical__station_id_166,station_id,0.00069118914,-2.4472189e-05
2,riesgo_saturacion,categorical__station_id_167,station_id,1.0656029e-05,-1.4414761e-06
2,riesgo_saturacion,categorical__station_id_168,station_id,0.00014692136,2.4123518e-05
2,riesgo_saturacion,categorical__station_id_169,station_id,1.3313558e-05,-1.0027526e-06
2,riesgo_saturacion,categorical__station_id_170,station_id,7.901488e-06,2.0053149e-06
2,riesgo_saturacion,categorical__station_id_171,station_id,0.0,0.0
2,riesgo_saturacion,categorical__station_id_172,station_id,0.00015457014,-2.2414208e-05
2,riesgo_saturacion,categorical__station_id_173,station_id,0.0,0.0
2,riesgo_saturacion,categorical__station_id_174,station_id,8.307329e-06,-4.6005766e-06
2,riesgo_saturacion,categorical__station_id_175,station_id,0.00064059865,-0.00026176614
2,riesgo_saturacion,categorical__station_id_176,station_id,4.638388e-06,-4.1034928e-06
2,riesgo_saturacion,categorical__station_id_177,station_id,3.6603727e-05,-1.1902961e-05
2,riesgo_saturacion,categorical__station_id_178,station_id,0.0,0.0
2,riesgo_saturacion,categorical__station_id_179,station_id,9.934629e-05,-1.6951471e-05
2,riesgo_saturacion,categorical__station_id_180,station_id,0.0,0.0
2,riesgo_saturacion,categorical__station_id_181,station_id,0.00035553923,2.1290916e-05
2,riesgo_saturacion,categorical__station_id_182,station_id,1.7614017e-05,-3.5742682e-06
2,riesgo_saturacion,categorical__station_id_183,station_id,0.00028060854,-0.00017003088
2,riesgo_saturacion,categorical__station_id_184,station_id,0.00012607445,-1.5424297e-05
2,riesgo_saturacion,categorical__station_id_185,station_id,0.0012501357,-0.0004146254
2,riesgo_saturacion,categorical__station_id_186,station_id,7.5540547e-06,7.657631e-09
2,riesgo_saturacion,categorical__station_id_187,station_id,0.00017633589,-7.499657e-05
2,riesgo_saturacion,categorical__station_id_188,station_id,2.4474217e-05,-7.1724926e-06
2,riesgo_saturacion,categorical__station_id_189,station_id,0.00019478987,-2.1928861e-05
2,riesgo_saturacion,categorical__station_id_190,station_id,1.3257928e-05,-9.488223e-06
2,riesgo_saturacion,categorical__station_id_191,station_id,0.0,0.0
2,riesgo_saturacion,categorical__station_id_192,station_id,0.0,0.0
2,riesgo_saturacion,categorical__station_id_193,station_id,0.0,0.0
2,riesgo_saturacion,categorical__station_id_194,station_id,0.0,0.0
2,riesgo_saturacion,categorical__station_id_195,station_id,0.0,0.0
2,riesgo_saturacion,categorical__station_id_196,station_id,0.0,0.0
2,riesgo_saturacion,categorical__station_id_197,station_id,0.0,0.0
2,riesgo_saturacion,categorical__station_id_198,station_id,0.00012203997,-1.6452314e-05
2,riesgo_saturacion,categorical__station_id_199,station_id,0.0,0.0
2,riesgo_saturacion,categorical__station_id_200,station_id,0.0,0.0
2,riesgo_saturacion,categorical__station_id_201,station_id,0.0,0.0
2,riesgo_saturacion,categorical__station_id_202,station_id,0.0,0.0
2,riesgo_saturacion,categorical__station_id_203,station_id,0.0,0.0
2,riesgo_saturacion,categorical__station_id_204,station_id,0.0,0.0
2,riesgo_saturacion,categorical__station_id_205,station_id,0.0,0.0
2,riesgo_saturacion,categorical__station_id_206,station_id,1.9675148e-05,4.2829815e-06
2,riesgo_saturacion,categorical__station_id_207,station_id,0.0,0.0
2,riesgo_saturacion,categorical__station_id_208,station_id,1.5903737e-05,-4.843533e-06
2,riesgo_saturacion,categorical__station_id_209,station_id,0.0,0.0
2,riesgo_saturacion,categorical__station_id_210,station_id,4.446743e-05,-1.29772925e-05
2,riesgo_saturacion,categorical__station_id_211,station_id,7.7002205e-06,-6.6229205e-07
2,riesgo_saturacion,categorical__station_id_212,station_id,0.0,0.0
2,riesgo_saturacion,categorical__station_id_213,station_id,0.0,0.0
2,riesgo_saturacion,categorical__station_id_214,station_id,0.0,0.0
2,riesgo_saturacion,categorical__station_id_215,station_id,0.00017553422,-5.915444e-05
2,riesgo_saturacion,categorical__station_id_216,station_id,0.0,0.0
2,riesgo_saturacion,categorical__station_id_217,station_id,0.0,0.0
2,riesgo_saturacion,categorical__station_id_218,station_id,0.0,0.0
2,riesgo_saturacion,categorical__station_id_219,station_id,0.0,0.0
2,riesgo_saturacion,categorical__station_id_220,station_id,0.0001941177,7.0992983e-06
2,riesgo_saturacion,categorical__station_id_221,station_id,0.00038279884,4.7296508e-05
2,riesgo_saturacion,categorical__station_id_222,station_id,0.0,0.0
2,riesgo_saturacion,categorical__station_id_223,station_id,1.18840535e-05,9.504547e-08
2,riesgo_saturacion,categorical__station_id_224,station_id,9.687554e-05,-1.6786311e-06
2,riesgo_saturacion,categorical__station_id_225,station_id,0.0,0.0
2,riesgo_saturacion,categorical__station_id_226,station_id,0.0,0.0
2,riesgo_saturacion,categorical__station_id_227,station_id,0.00037323518,0.00015946657
2,riesgo_saturacion,categorical__station_id_228,station_id,9.909722e-05,-3.857475e-05
2,riesgo_saturacion,categorical__station_id_229,station_id,0.0,0.0
2,riesgo_saturacion,categorical__station_id_230,station_id,3.241517e-05,-5.026422e-06
2,riesgo_saturacion,categorical__station_id_231,station_id,1.2939987e-05,-4.7740355e-06
2,riesgo_saturacion,categorical__station_id_232,station_id,0.00066530163,-7.198733e-05
2,riesgo_saturacion,categorical__station_id_233,station_id,3.629589e-05,-1.6780197e-05
2,riesgo_saturacion,categorical__station_id_234,station_id,2.6264739e-05,-1.3028183e-05
2,riesgo_saturacion,categorical__station_id_235,station_id,9.168758e-05,-7.0726914e-05
2,riesgo_saturacion,categorical__station_id_236,station_id,0.0005081365,0.00018125158
2,riesgo_saturacion,categorical__station_id_237,station_id,0.0,0.0
2,riesgo_saturacion,categorical__station_id_238,station_id,0.0,0.0
2,riesgo_saturacion,categorical__station_id_239,station_id,4.0030045e-05,-8.649897e-06
2,riesgo_saturacion,categorical__station_id_240,station_id,0.0,0.0
2,riesgo_saturacion,categorical__station_id_241,station_id,4.096789e-05,-2.6093826e-06
2,riesgo_saturacion,categorical__station_id_242,station_id,2.6694684e-05,2.9987286e-06
2,riesgo_saturacion,categorical__station_id_243,station_id,3.831157e-06,9.635103e-07
2,riesgo_saturacion,categorical__station_id_244,station_id,0.0001505396,-8.957014e-05
2,riesgo_saturacion,categorical__station_id_245,station_id,0.0,0.0
2,riesgo_saturacion,categorical__station_id_246,station_id,0.0,0.0
2,riesgo_saturacion,categorical__station_id_247,station_id,0.0,0.0
2,riesgo_saturacion,categorical__station_id_248,station_id,0.0,0.0
2,riesgo_saturacion,categorical__station_id_249,station_id,0.0,0.0
2,riesgo_saturacion,categorical__station_id_250,station_id,0.0,0.0
2,riesgo_saturacion,categorical__station_id_251,station_id,0.0,0.0
2,riesgo_saturacion,categorical__station_id_252,station_id,8.140107e-06,-2.392104e-07
2,riesgo_saturacion,categorical__station_id_253,station_id,0.0,0.0
2,riesgo_saturacion,categorical__station_id_254,station_id,0.0,0.0
2,riesgo_saturacion,categorical__station_id_256,station_id,5.690454e-05,-1.6020438e-05
2,riesgo_saturacion,categorical__station_id_257,station_id,4.70236e-06,2.874975e-06
2,riesgo_saturacion,categorical__station_id_258,station_id,0.0,0.0
2,riesgo_saturacion,categorical__station_id_259,station_id,0.0,0.0
2,riesgo_saturacion,categorical__station_id_260,station_id,0.0,0.0
2,riesgo_saturacion,categorical__station_id_261,station_id,0.0,0.0
2,riesgo_saturacion,categorical__station_id_262,station_id,0.00028455906,-9.864903e-05
2,riesgo_saturacion,categorical__station_id_263,station_id,0.0,0.0
2,riesgo_saturacion,categorical__station_id_264,station_id,8.9651774e-05,-3.6355574e-05
2,riesgo_saturacion,categorical__station_id_265,station_id,0.0,0.0
2,riesgo_saturacion,categorical__station_id_266,station_id,0.0,0.0
2,riesgo_saturacion,categorical__station_id_267,station_id,0.0,0.0
2,riesgo_saturacion,categorical__station_id_268,station_id,2.2053095e-05,-1.3393557e-05
2,riesgo_saturacion,categorical__station_id_269,station_id,0.0,0.0
2,riesgo_saturacion,categorical__station_id_270,station_id,0.0,0.0
2,riesgo_saturacion,categorical__tipo_dia_domingo,tipo_dia,1.1590586e-05,-7.1249037e-06
2,riesgo_saturacion,categorical__tipo_dia_festivo,tipo_dia,0.00046997948,-1.491436e-05
2,riesgo_saturacion,categorical__tipo_dia_laborable,tipo_dia,0.0053472463,0.00039301452
2,riesgo_saturacion,categorical__tipo_dia_sabado,tipo_dia,0.0007164572,-0.00014667114
