fecha_hora_local,transfer_pairs,transferred_units,mean_distance_km,max_distance_km,stable_support_pairs
2022-11-01 00:00:00,23,60,1.4654648854894792,2.980398162527081,16
2022-11-01 01:00:00,30,53,1.558823124863215,2.980398162527081,27
2022-11-01 02:00:00,26,69,1.6557966452949495,2.8752423851966027,20
2022-11-01 03:00:00,30,79,2.2203433683536327,2.975217883381519,20
2022-11-01 04:00:00,41,103,2.336910089194038,2.9642325942133643,31
2022-11-01 05:00:00,40,114,2.2373029379526552,2.9642325942133643,24
2022-11-01 06:00:00,45,148,2.294337608247408,2.9678111795796,21
2022-11-01 07:00:00,43,148,2.2898552553829274,2.9478191173665853,21
2022-11-01 08:00:00,44,113,2.12639556022011,2.999742697357236,32
2022-11-01 09:00:00,35,88,2.154433810626885,2.9883092036134644,33
2022-11-01 10:00:00,27,62,2.340332564511901,2.9906142699008527,23
2022-11-01 11:00:00,16,31,2.1458348704279313,2.9883092036134644,15
2022-11-01 12:00:00,14,33,1.3180804312244312,2.310671808130708,13
2022-11-01 13:00:00,21,43,1.8423462908824773,2.9974833511348415,21
2022-11-01 14:00:00,18,51,1.865048125915562,2.9883092036134644,13
2022-11-01 15:00:00,19,55,1.764465870918418,2.982711193973219,14
2022-11-01 16:00:00,23,56,1.7248391325913448,2.8689189112762667,20
2022-11-01 17:00:00,13,27,1.6022346894803443,2.98663980259526,12
2022-11-01 18:00:00,15,29,1.3878549976559174,2.820476125356612,14
2022-11-01 19:00:00,23,55,1.216455648972541,2.7042089684159043,20
2022-11-01 20:00:00,24,54,1.4735635320335192,2.9739082685578304,21
2022-11-01 21:00:00,22,60,1.6414395984110273,2.9739082685578304,17
2022-11-01 22:00:00,28,67,1.786816642587309,2.9739082685578304,26
2022-11-01 23:00:00,24,55,1.861599388508952,2.8880386980636854,19
2022-11-02 00:00:00,30,71,1.8027962106419602,2.9739082685578304,23
2022-11-02 01:00:00,33,79,1.7346012653172085,2.9739082685578304,29
2022-11-02 02:00:00,31,72,1.512445534071948,2.6457454863142336,27
2022-11-02 03:00:00,33,71,1.659955077449581,2.857468767727598,30
2022-11-02 04:00:00,28,67,1.7899629036600733,2.977607801282799,26
2022-11-02 05:00:00,28,59,1.7265283293622147,2.977607801282799,27
2022-11-02 06:00:00,20,45,1.7129049473487932,2.9739082685578304,18
2022-11-02 07:00:00,19,49,1.5422719296175158,2.958904987064682,17
2022-11-02 08:00:00,18,46,1.9451601016469608,2.9894903885886586,13
2022-11-02 09:00:00,45,120,1.899093803565104,2.960300577834872,25
2022-11-02 10:00:00,64,210,1.5859459573579946,2.9512440739689603,23
2022-11-02 11:00:00,64,192,1.7078352498866702,2.975217883381519,27
2022-11-02 12:00:00,52,169,1.8778675035736871,2.9285481027257863,33
2022-11-02 13:00:00,50,150,1.846112102894073,2.9636516236073205,32
2022-11-02 14:00:00,40,113,1.6500865582227882,2.9974833511348415,30
2022-11-02 18:00:00,16,40,1.9677232379936025,2.9873363892474165,12
2022-11-02 19:00:00,26,69,1.7844432358234503,2.991893719081627,17
2022-11-02 20:00:00,29,82,1.7204573258180214,2.9375976583669163,24
2022-11-02 21:00:00,41,106,2.20314651686648,2.994092093540302,30
2022-11-02 22:00:00,42,122,2.333751645585844,2.9591636216614146,27
2022-11-02 23:00:00,53,157,2.068928012419231,2.997215567171587,32
2022-11-03 00:00:00,62,168,2.2077349958527543,2.997215567171587,34
2022-11-03 01:00:00,60,169,2.2359018289222896,2.991893719081627,44
2022-11-03 02:00:00,56,153,2.1632765163976795,2.978171843692269,39
2022-11-03 03:00:00,55,153,2.091472432059463,2.994092093540302,44
2022-11-03 04:00:00,54,156,2.057941379369273,2.961741483940063,47
2022-11-03 05:00:00,53,140,2.086972587853015,2.9535475850605364,49
2022-11-03 06:00:00,53,128,2.103872545765942,2.9535475850605364,51
2022-11-03 07:00:00,32,74,1.9288630855631892,2.9535475850605364,31
2022-11-03 08:00:00,23,44,1.6278762028499094,2.961741483940063,23
2022-11-03 09:00:00,20,62,1.4354361528426316,2.7565526956978235,10
2022-11-03 10:00:00,26,70,1.395084890219797,2.8074732239161615,16
2022-11-03 11:00:00,26,61,1.4463540652209057,2.86481117429619,21
2022-11-03 12:00:00,22,55,1.4649642703071286,2.680129126241738,19
2022-11-03 13:00:00,25,51,1.5495376271137729,2.620460216307119,23
2022-11-03 14:00:00,19,49,1.3827347813478907,2.6673377569380357,19
2022-11-03 15:00:00,17,35,1.478022522760342,2.2667506017547994,16
2022-11-03 16:00:00,20,41,1.7027739645443067,2.947514708380268,18
2022-11-03 17:00:00,24,52,2.0083980187797112,2.9654684684464487,22
2022-11-03 18:00:00,26,63,1.9547247058939907,2.9591636216614146,24
2022-11-03 19:00:00,30,86,2.2310210816386453,2.9714724361309406,18
2022-11-03 20:00:00,35,94,2.205152141036351,2.969187562532279,26
2022-11-03 21:00:00,40,114,2.1154057228504874,2.9998453672609906,23
2022-11-03 22:00:00,46,128,2.2149096837022966,2.9529999536181255,26
2022-11-03 23:00:00,48,125,2.198525547732762,2.969187562532279,36
2022-11-04 00:00:00,55,148,2.3201962906203404,2.969187562532279,40
2022-11-04 01:00:00,64,195,2.2926238199451654,2.9873553829715465,38
2022-11-04 02:00:00,53,178,2.3652889714255587,2.9837264523343774,34
2022-11-04 03:00:00,53,157,2.4648100717803185,2.999742697357236,36
2022-11-04 04:00:00,60,168,2.321799343754811,2.9642325942133643,44
2022-11-04 05:00:00,62,164,2.3451486127428023,2.9408124701923266,46
2022-11-04 06:00:00,58,157,2.4269849683758955,2.9921042254955874,49
2022-11-04 07:00:00,34,96,2.2109337114207093,2.9010086374590562,31
2022-11-04 08:00:00,26,50,1.7222909616116941,2.92935364289056,26
2022-11-04 09:00:00,26,63,2.0003066885048257,2.9417272839797945,21
2022-11-04 10:00:00,34,88,1.7386899677979284,2.856970784897675,24
2022-11-04 11:00:00,38,96,1.8569443272394346,2.7981318012595096,27
2022-11-04 12:00:00,43,103,1.682593373606194,2.9915362329805224,36
2022-11-04 13:00:00,38,85,1.5370711146257987,2.9739082685578304,37
2022-11-04 14:00:00,16,48,1.7752357111044832,2.92935364289056,15
2022-11-04 15:00:00,15,35,1.5479050574125766,2.7220390059633104,12
2022-11-04 16:00:00,33,84,1.9047491985362384,2.8871635954849095,26
2022-11-04 17:00:00,32,77,2.1254698846372406,2.9930903274831326,25
2022-11-04 18:00:00,24,53,1.6213474309516551,2.8404490060730314,17
2022-11-04 19:00:00,19,44,2.0432547406268,2.9998453672609906,16
2022-11-04 20:00:00,24,52,1.9753232347384964,2.9998453672609906,20
2022-11-04 21:00:00,38,90,1.9704624419540577,2.997215567171587,30
2022-11-04 22:00:00,42,115,1.937504613114267,2.968617963285602,29
2022-11-04 23:00:00,35,100,1.8744702484028188,2.932425645854431,28
2022-11-05 00:00:00,41,105,2.057749764854318,2.9998453672609906,31
2022-11-05 01:00:00,41,107,1.91475545825666,2.945957546846371,33
2022-11-05 02:00:00,34,87,2.0996219520591777,2.9356616281546843,28
2022-11-05 03:00:00,40,102,2.190335781502247,2.9611027332660997,33
2022-11-05 04:00:00,55,144,2.2894155763508235,2.9591636216614146,42
2022-11-05 05:00:00,51,159,2.30015270381531,2.937223062768421,35
2022-11-05 06:00:00,56,166,2.288815977615491,2.993283236673996,39
2022-11-05 07:00:00,56,158,2.192044703907475,2.940501588106303,37
2022-11-05 08:00:00,53,130,2.1803166035653767,2.8975139983997646,50
2022-11-05 09:00:00,42,129,2.1279195772485178,2.993283236673996,35
2022-11-05 10:00:00,35,95,2.2039114379923093,2.9524961356260686,26
2022-11-05 11:00:00,24,60,2.005596463836009,2.928930205872771,19
2022-11-05 12:00:00,34,66,1.7037356554031309,2.5472526615360485,31
2022-11-05 13:00:00,26,56,2.008216800350031,2.887230567456605,25
2022-11-05 14:00:00,25,53,1.6353520867761535,2.8069763849884515,24
2022-11-05 15:00:00,29,62,1.5856144461565351,2.9236341809469266,27
2022-11-05 16:00:00,30,78,1.9543197541484392,2.949600215807047,23
2022-11-05 17:00:00,31,86,1.9112683770883234,2.9516951148844,24
2022-11-05 18:00:00,29,75,1.6099859546133621,2.887230567456605,26
2022-11-05 19:00:00,33,77,1.9982752454560473,2.9880650135376294,30
2022-11-05 20:00:00,29,83,1.9991603338420707,2.9836441202748905,25
2022-11-05 21:00:00,30,87,1.704830876889762,2.9216114784453415,27
2022-11-05 22:00:00,32,97,2.1376581555139893,2.994014281000683,22
2022-11-05 23:00:00,40,106,1.7658417641816295,2.9629581818438506,31
2022-11-06 00:00:00,35,91,1.7112204842286698,2.992374345819115,27
2022-11-06 01:00:00,42,100,2.0293986900996366,2.9844765786739114,37
2022-11-06 02:00:00,48,132,2.145974659267686,2.9844765786739114,35
2022-11-06 03:00:00,55,151,2.0797432858572655,2.941599321578124,41
2022-11-06 04:00:00,63,160,2.0469611979366515,2.941599321578124,48
2022-11-06 05:00:00,64,166,1.9999757356911048,2.972286011954123,45
2022-11-06 06:00:00,63,182,1.909081607298992,2.975217883381519,41
2022-11-06 07:00:00,66,189,2.0302893667989714,2.999742697357236,46
2022-11-06 08:00:00,55,159,2.1069136785682674,2.975217883381519,37
2022-11-06 09:00:00,50,150,1.9783738960885087,2.9873363892474165,38
2022-11-06 10:00:00,44,132,1.8688754521674915,2.934718675343973,39
2022-11-06 11:00:00,48,125,2.063886676358662,2.999742697357236,37
2022-11-06 12:00:00,35,87,2.150886084805527,2.975217883381519,31
2022-11-06 13:00:00,38,92,2.0600316281688116,2.97404121884825,31
2022-11-06 14:00:00,28,85,1.80478932282044,2.9472601405543273,25
2022-11-06 15:00:00,38,96,1.690995536712094,2.972286011954123,32
2022-11-06 16:00:00,36,91,1.6697754838113184,2.994092093540302,30
2022-11-06 17:00:00,23,58,2.1074911840297044,2.946560511388148,20
2022-11-06 18:00:00,35,87,1.9924542920711312,2.968149458166557,24
2022-11-06 19:00:00,31,106,2.1461495457477513,2.9282384263944743,16
2022-11-06 20:00:00,29,98,2.013287737056942,2.9739082685578304,17
2022-11-06 21:00:00,27,94,1.8033822415636804,2.920072928065539,16
2022-11-06 22:00:00,36,110,2.05138711620239,2.9739082685578304,26
2022-11-06 23:00:00,41,123,1.9728632659254273,2.999742697357236,27
2022-11-07 00:00:00,40,137,2.12022771503399,2.9853283521741942,22
2022-11-07 01:00:00,46,144,2.215423662631802,2.9739082685578304,27
2022-11-07 02:00:00,56,153,2.1269636596561976,2.969187562532279,37
2022-11-07 03:00:00,51,158,2.1610032117769884,2.9529999536181255,32
2022-11-07 04:00:00,53,167,2.1302350024425034,2.9520557460431522,32
2022-11-07 05:00:00,49,148,2.124800147336195,2.9520557460431522,30
2022-11-07 06:00:00,51,142,2.1557454167264463,2.9739082685578304,34
2022-11-07 07:00:00,41,108,2.1253173292597762,2.9921042254955874,34
2022-11-07 08:00:00,25,64,1.9481153523814203,2.961741483940063,21
2022-11-07 09:00:00,35,83,1.7157221685710746,2.9933138448249914,26
2022-11-07 10:00:00,45,117,1.6017159392279066,2.9764377809400178,33
2022-11-07 11:00:00,49,117,1.4326991044945894,2.9512440739689603,39
2022-11-07 12:00:00,43,131,1.4701950886182658,2.8945554225815266,33
2022-11-07 13:00:00,43,133,1.4429075981880422,2.925015686017265,28
2022-11-07 14:00:00,31,75,1.7089083194279007,2.9529999536181255,26
2022-11-07 15:00:00,30,62,1.6282649746021585,2.8614504324918655,29
2022-11-07 16:00:00,27,58,1.35224343970942,2.9129502812301573,23
2022-11-07 17:00:00,20,33,1.6120891189558137,2.7212468230327076,20
2022-11-07 18:00:00,12,29,2.24678428008234,2.9512440739689603,10
2022-11-07 19:00:00,26,78,1.9294675183603602,2.967878386154807,16
2022-11-07 20:00:00,33,103,2.249615856317336,2.988532001888316,19
2022-11-07 21:00:00,48,133,2.1340180352795666,2.98663980259526,31
2022-11-07 22:00:00,50,153,2.252180705276176,2.993283236673996,36
2022-11-07 23:00:00,59,191,2.1969318054817033,2.95970493023988,36
2022-11-08 00:00:00,69,195,2.158889632752038,2.95970493023988,42
2022-11-08 01:00:00,71,211,2.174630549987829,2.9858438437604904,45
2022-11-08 02:00:00,77,222,2.1342442245193594,2.95970493023988,49
2022-11-08 03:00:00,73,221,2.2082673330697506,2.9677369343211306,44
2022-11-08 04:00:00,72,222,2.150350808863161,2.9529999536181255,40
2022-11-08 05:00:00,68,209,2.1486564218399233,2.975217883381519,45
2022-11-08 06:00:00,65,180,2.1485197990072478,2.948671018659574,48
2022-11-08 07:00:00,43,104,1.8077611635992317,2.9285305616729094,42
2022-11-08 08:00:00,17,39,2.09803208335081,2.980398162527081,17
2022-11-08 09:00:00,19,50,1.6378828572284552,2.7204868446649457,11
2022-11-08 10:00:00,36,93,1.6066340585288286,2.7306635228740403,25
2022-11-08 13:00:00,51,124,1.4762165241069005,2.9033257736967655,39
2022-11-08 14:00:00,38,81,1.585045679114766,2.853480009304101,33
2022-11-08 15:00:00,21,45,1.8278532844038875,2.990347042620198,17
2022-11-08 16:00:00,20,45,1.5037883114037365,2.541085581119669,18
2022-11-08 17:00:00,24,63,1.8149809172626938,2.8967489905236095,21
2022-11-08 18:00:00,25,72,1.956625701839626,2.851915086331982,17
2022-11-08 19:00:00,30,65,2.459281607977584,2.9873363892474165,25
2022-11-08 20:00:00,28,81,2.343987421182338,2.967565539506262,15
2022-11-08 21:00:00,37,100,2.2440270374875553,2.967565539506262,24
2022-11-08 22:00:00,50,154,2.353332452701867,2.992985815176507,26
2022-11-08 23:00:00,52,155,2.2766856386751155,2.95970493023988,24
2022-11-09 00:00:00,46,149,2.106068311430564,2.9837264523343774,19
2022-11-09 01:00:00,38,127,2.1971471707579386,2.986741722729922,21
2022-11-09 02:00:00,41,112,2.15881834711421,2.9853283521741942,28
2022-11-09 03:00:00,47,120,2.317533142061246,2.9853283521741942,33
2022-11-09 04:00:00,53,137,2.3081628859922794,2.958479470372534,34
2022-11-09 05:00:00,50,149,2.2717591891973266,2.9635343777545144,30
2022-11-09 06:00:00,53,151,2.3069228548829552,2.9883092036134644,35
2022-11-09 07:00:00,52,127,2.456895454066184,2.9635343777545144,38
2022-11-09 08:00:00,43,109,2.3694403927673373,2.905966247971999,32
2022-11-09 09:00:00,42,91,2.3514694599764496,2.9849275983981993,38
2022-11-09 10:00:00,35,79,2.4185297735685105,2.913120796387579,31
2022-11-09 11:00:00,25,61,2.0723604804102527,2.960947464442152,21
2022-11-09 12:00:00,32,75,2.224855002925459,2.9849275983981993,28
2022-11-09 13:00:00,26,56,2.3113362638407855,2.9849275983981993,25
2022-11-09 14:00:00,28,62,2.0780590016301193,2.8614504324918655,27
2022-11-09 15:00:00,34,83,2.07035953376583,2.994419135717356,24
2022-11-09 16:00:00,38,89,2.215798207444239,2.9059405516415517,30
2022-11-09 17:00:00,30,83,2.3675734286387473,2.958750327954015,21
2022-11-09 18:00:00,27,64,2.290256873262515,2.9658345613575268,21
2022-11-09 19:00:00,27,61,2.0214832713970226,2.9059405516415517,21
2022-11-09 20:00:00,25,67,2.226585162008543,2.8934019575479395,18
2022-11-09 21:00:00,31,73,1.5916279819736998,2.94482907478242,31
2022-11-09 22:00:00,26,74,1.830961473426212,2.990951819049587,21
2022-11-09 23:00:00,37,86,1.7759848783954593,2.996342551942213,27
2022-11-10 00:00:00,42,117,1.941772844309185,2.990951819049587,33
2022-11-10 01:00:00,39,116,2.1530253085119297,2.990951819049587,25
2022-11-10 02:00:00,42,112,2.1088287861182953,2.990951819049587,29
2022-11-10 03:00:00,41,106,2.042751143152925,2.97956828706784,35
2022-11-10 04:00:00,41,109,2.119214585940132,2.954598037225178,34
2022-11-10 05:00:00,39,101,1.956820408045557,2.990951819049587,32
2022-11-10 06:00:00,36,95,1.7951039376905693,2.7326778672399894,32
2022-11-10 07:00:00,33,84,1.9459453457109688,2.990951819049587,25
2022-11-10 08:00:00,23,48,1.653482687131747,2.990951819049587,21
2022-11-10 09:00:00,33,81,1.787458850217283,2.989933810139827,22
2022-11-10 10:00:00,51,147,1.3536900683409485,2.6555828442259273,32
2022-11-10 11:00:00,46,129,1.3397386611064799,2.6555828442259273,32
2022-11-10 12:00:00,42,123,1.4977641073032706,2.9764377809400178,28
2022-11-10 13:00:00,51,126,1.5560737946170116,2.949768958692853,41
2022-11-10 14:00:00,31,85,1.5676043038786796,2.6472466942203505,25
2022-11-10 15:00:00,25,69,1.7954722968672743,2.806238794682705,19
2022-11-10 16:00:00,27,53,1.6312191884735712,2.745331237174647,27
2022-11-10 17:00:00,21,49,1.9591710734654169,2.890495523976211,14
2022-11-10 18:00:00,20,44,2.0026817628784785,2.9294441410805607,18
2022-11-10 19:00:00,24,83,2.265874837821302,2.9262987698196685,12
2022-11-10 20:00:00,36,103,2.4055481376125245,2.9372628203455142,20
2022-11-10 21:00:00,53,129,2.10500704377338,2.895034679395085,40
2022-11-10 22:00:00,55,160,2.115300111710575,2.962583155507108,36
2022-11-10 23:00:00,65,189,2.228552196796522,2.9815557204326284,34
2022-11-11 00:00:00,68,194,2.3352201465795908,2.9642325942133643,44
2022-11-11 01:00:00,63,193,2.394655154242369,2.999742697357236,28
2022-11-11 02:00:00,62,191,2.4256974925987937,2.9837264523343774,32
2022-11-11 03:00:00,66,191,2.29466327055692,2.9642325942133643,44
2022-11-11 04:00:00,60,182,2.268895630197216,2.994092093540302,42
2022-11-11 05:00:00,67,190,2.3754631934136086,2.994092093540302,46
2022-11-11 06:00:00,68,187,2.249834848694324,2.9658345613575268,47
2022-11-11 07:00:00,40,117,2.226029501561441,2.962583155507108,30
2022-11-11 08:00:00,28,74,2.073289571392491,2.851915086331982,22
2022-11-11 09:00:00,28,68,1.8393697849184514,2.8695337931152753,18
2022-11-11 10:00:00,31,78,1.6617747387508897,2.8574923911517445,18
2022-11-11 11:00:00,40,95,1.606877992763632,2.9462608816020657,28
2022-11-11 12:00:00,42,105,1.580465424527467,2.902661375461355,33
2022-11-11 13:00:00,35,82,1.8722893797030475,2.997638618345306,26
2022-11-11 14:00:00,20,44,2.049244158932951,2.9300609858865307,18
2022-11-11 15:00:00,29,61,1.9161167130231462,2.990951819049587,26
2022-11-11 16:00:00,28,74,2.122638974990526,2.984271120292503,21
2022-11-11 17:00:00,22,54,1.8601832551059687,2.9998453672609906,19
2022-11-11 18:00:00,25,59,2.04671657679738,2.996342551942213,23
2022-11-11 19:00:00,21,49,2.034323988877847,2.9988761581829175,18
2022-11-11 20:00:00,25,58,2.2082529215348323,2.9998453672609906,22
2022-11-11 21:00:00,38,84,2.0126219255520144,2.9636516236073205,28
2022-11-11 22:00:00,35,93,2.0228878273826103,2.988304475101719,23
2022-11-11 23:00:00,43,112,2.199885426888181,2.9969314028674727,32
2022-11-12 00:00:00,39,92,2.1876791359348076,2.982711193973219,28
2022-11-12 01:00:00,52,128,2.119535536434507,2.9858438437604904,38
2022-11-12 02:00:00,54,144,2.208157886706493,2.9858438437604904,40
2022-11-12 03:00:00,54,141,2.2897322641535305,2.996768519158892,36
2022-11-12 04:00:00,65,154,2.350142799408653,2.967878386154807,51
2022-11-12 05:00:00,59,155,2.2921280681037484,2.9899741026144837,41
2022-11-12 06:00:00,64,169,2.288309746865218,2.967878386154807,43
2022-11-12 07:00:00,68,176,2.2621756524483807,2.9998453672609906,54
2022-11-12 08:00:00,54,159,2.152523805073568,2.9642325942133643,40
2022-11-12 09:00:00,57,147,2.1229805826593418,2.905225243096705,47
2022-11-12 10:00:00,46,115,2.1578460444368126,2.974529353346772,36
2022-11-12 11:00:00,33,80,2.322121362135107,2.90330389730576,24
2022-11-12 12:00:00,25,60,2.3264542437853417,2.990971997753824,23
2022-11-12 13:00:00,22,55,2.1981919813972404,2.9994949385099043,18
2022-11-12 14:00:00,27,68,1.960884613347044,2.9317986236318108,22
2022-11-12 15:00:00,29,79,1.907151137129201,2.9623674489303116,21
2022-11-12 16:00:00,23,62,2.064515299762767,2.999199801062778,17
2022-11-12 17:00:00,28,70,1.8129520523955787,2.9317986236318108,23
2022-11-12 18:00:00,23,54,1.7564894437850058,2.9317986236318108,20
2022-11-12 19:00:00,21,53,1.8456150680057886,2.9470834205940757,17
2022-11-12 20:00:00,30,67,1.7661357136143998,2.9579935485974573,21
2022-11-12 21:00:00,29,64,2.0360239698054206,2.972155932857351,23
2022-11-12 22:00:00,36,75,1.7701319770541462,2.8232558783458863,30
2022-11-12 23:00:00,42,83,1.7263755225913244,2.943068964344738,38
2022-11-13 00:00:00,37,74,1.9662246238999936,2.9853283521741942,33
2022-11-13 01:00:00,35,87,1.8958243410254978,2.828539564035949,29
2022-11-13 02:00:00,54,127,2.203742035271525,2.9853283521741942,45
2022-11-13 03:00:00,53,138,2.381339131011346,2.9849275983981993,39
2022-11-13 04:00:00,67,168,2.3212994528989435,2.9512440739689603,50
2022-11-13 05:00:00,68,185,2.3903075275764714,2.999742697357236,50
2022-11-13 06:00:00,76,199,2.3009918444842037,2.97404121884825,53
2022-11-13 07:00:00,65,190,2.3113899279822463,2.975217883381519,43
2022-11-13 08:00:00,63,172,2.342452423873195,2.9805056911515084,55
2022-11-13 09:00:00,61,152,2.2732760280683366,2.9805056911515084,50
2022-11-13 10:00:00,53,117,2.4295281975745917,2.975217883381519,43
2022-11-13 11:00:00,38,92,2.1612253824283294,2.975217883381519,30
2022-11-13 12:00:00,46,125,1.7838712507466024,2.9130845914487704,29
2022-11-13 13:00:00,50,126,1.8972242145132696,2.794719584298246,32
2022-11-13 14:00:00,49,114,1.685631818755475,2.8852828129600554,43
2022-11-13 15:00:00,47,121,1.8491800906814024,2.997373360123162,36
2022-11-13 16:00:00,49,127,2.1560185550138335,2.9610906683650966,40
2022-11-13 17:00:00,37,86,1.9246478299731666,2.997373360123162,30
2022-11-13 18:00:00,36,90,1.9409494417837867,2.9285305616729094,30
2022-11-13 19:00:00,39,103,2.2727218922147845,2.917378459619858,32
2022-11-13 20:00:00,47,118,2.0826742531102966,2.883370452957249,37
2022-11-13 21:00:00,55,138,2.183618105438623,2.950603304770184,43
2022-11-13 22:00:00,50,153,2.1184205986208706,2.9408124701923266,30
2022-11-13 23:00:00,58,173,2.191903508834235,2.940501588106303,34
2022-11-14 00:00:00,59,186,2.112570438499025,2.9591636216614146,30
2022-11-14 01:00:00,64,187,2.202425864679067,2.8935434338453447,36
2022-11-14 02:00:00,65,194,2.3203944323614802,2.930874975177461,37
2022-11-14 03:00:00,67,195,2.2878763360999943,2.9408124701923266,35
2022-11-14 04:00:00,66,187,2.2238508658452556,2.9143645918203003,37
2022-11-14 05:00:00,58,166,2.236629197451805,2.9524961356260686,31
2022-11-14 06:00:00,51,145,2.25536606610718,2.9591636216614146,33
2022-11-14 07:00:00,41,108,2.075574223116559,2.9763136772941556,26
2022-11-14 08:00:00,29,82,2.0482245772990013,2.9610906683650966,24
2022-11-14 09:00:00,31,84,1.6418699742991807,2.94900776815891,21
2022-11-14 10:00:00,43,122,1.5929068725250468,2.94900776815891,25
2022-11-14 11:00:00,48,134,1.606002114859107,2.9764377809400178,30
2022-11-14 12:00:00,50,131,1.5076875363661477,2.94900776815891,31
2022-11-14 13:00:00,50,136,1.5765298657929145,2.9514166115637535,33
2022-11-14 14:00:00,30,82,1.5712144350470028,2.666664986888616,24
2022-11-14 15:00:00,25,63,1.8714795568769187,2.869061584425381,19
2022-11-14 16:00:00,25,50,1.8306859758522618,2.9514166115637535,23
2022-11-14 17:00:00,22,52,2.3501237572183515,2.9678111795796,17
2022-11-14 18:00:00,23,45,2.0930652796506575,2.9914464280724875,19
2022-11-14 19:00:00,25,65,1.8652233764695165,2.734652342690544,21
2022-11-14 20:00:00,35,73,1.9571226355983766,2.9873553829715465,28
2022-11-14 21:00:00,28,68,2.284107426358028,2.9535475850605364,17
2022-11-14 22:00:00,37,86,2.139860918261414,2.997215567171587,27
2022-11-14 23:00:00,45,111,2.259570287739315,2.982711193973219,31
2022-11-15 00:00:00,40,118,2.1599228307417757,2.975217883381519,25
2022-11-15 01:00:00,49,120,2.350765442493751,2.9873553829715465,34
2022-11-15 02:00:00,40,98,2.4009308984662345,2.940501588106303,27
2022-11-15 03:00:00,36,87,2.233117388062543,2.9237718806032946,29
2022-11-15 04:00:00,36,89,2.3312585654046294,2.9375976583669163,28
2022-11-15 05:00:00,36,77,2.341135873944667,2.9642325942133643,29
2022-11-15 06:00:00,28,65,2.263848456789862,2.9356616281546843,22
2022-11-15 07:00:00,23,51,2.113922448038485,2.996342551942213,19
2022-11-15 08:00:00,21,37,2.289200984896037,2.929450390948545,21
2022-11-15 09:00:00,30,86,1.6485050665596745,2.9150805910085755,14
2022-11-15 10:00:00,45,114,1.599625270158988,2.9636516236073205,23
2022-11-15 11:00:00,42,110,1.5618212411572348,2.949768958692853,28
2022-11-15 12:00:00,41,105,1.7193009182592571,2.8871635954849095,31
2022-11-15 13:00:00,45,104,1.6105987218499993,2.8871635954849095,40
2022-11-15 14:00:00,27,47,1.7061486679260278,2.727212111104564,27
2022-11-15 15:00:00,22,45,1.6958984673706978,2.8154236843131217,17
2022-11-15 16:00:00,18,46,1.386827976191717,2.4765367884996587,18
2022-11-15 17:00:00,14,36,1.7402659079081857,2.997416123626818,14
2022-11-15 18:00:00,22,41,1.749421781372841,2.8939278552048453,22
2022-11-15 19:00:00,23,39,1.963744230786629,2.9143645918203003,23
2022-11-15 20:00:00,21,53,2.0726692681519063,2.9654684684464487,19
2022-11-15 21:00:00,27,62,2.2455896791316357,2.997416123626818,21
2022-11-15 22:00:00,25,70,2.224064140036955,2.906787282992784,18
2022-11-15 23:00:00,22,59,2.1888105146295334,2.906787282992784,17
2022-11-16 00:00:00,30,75,1.8578036227182282,2.9207823037088056,22
2022-11-16 01:00:00,34,81,1.895716609739191,2.9207823037088056,28
2022-11-16 02:00:00,27,75,1.7937942677582799,2.906787282992784,25
2022-11-16 03:00:00,32,73,2.0019488003074644,2.9158356156090934,31
2022-11-16 04:00:00,34,79,1.9612225025232808,2.9358558622008335,33
2022-11-16 05:00:00,29,74,1.9141970091033238,2.7970427090916057,27
2022-11-16 06:00:00,25,64,1.754635868298044,2.924374640373585,22
2022-11-16 07:00:00,22,54,1.8711834560405172,2.832622791807693,22
2022-11-16 08:00:00,16,43,1.9345675978245673,2.8828424739544407,12
2022-11-16 09:00:00,53,150,1.52817552055933,2.9021276141177816,27
2022-11-16 10:00:00,64,211,1.512327158684039,2.968259950772563,29
2022-11-16 11:00:00,74,233,1.6245070825866101,2.8614504324918655,35
2022-11-16 12:00:00,63,185,1.7885974668147946,2.997215567171587,31
2022-11-16 13:00:00,51,150,1.7398688503639759,2.8875014646840436,21
2022-11-16 14:00:00,47,138,1.6253912397355517,2.9857742644660914,30
2022-11-16 15:00:00,45,143,1.5723006090534926,2.972709966501314,21
2022-11-16 16:00:00,35,112,1.5310975237394455,2.907284552111612,11
2022-11-16 17:00:00,49,134,1.739669248667865,2.9873553829715465,29
2022-11-16 18:00:00,35,94,1.4595551065425665,2.8931523824249523,23
2022-11-16 19:00:00,17,48,1.4940258533193294,2.968259950772563,13
2022-11-16 20:00:00,26,54,1.288152574601215,2.8973424535537995,20
2022-11-16 21:00:00,22,54,1.7113259828776677,2.805158764312585,16
2022-11-16 22:00:00,27,66,1.9732730583426275,2.917378459619858,22
2022-11-16 23:00:00,27,65,1.6303612564557484,2.917378459619858,22
2022-11-17 00:00:00,32,74,1.7222070925062043,2.88919591379737,28
2022-11-17 01:00:00,29,71,1.6340880270441374,2.881346416380164,25
2022-11-17 02:00:00,27,66,1.8984769867987856,2.9177260044427196,24
2022-11-17 03:00:00,20,52,1.9060447517003645,2.969187562532279,16
2022-11-17 04:00:00,21,49,1.778440011317864,2.969187562532279,17
2022-11-17 05:00:00,23,51,1.7316425158880784,2.7872496929283876,20
2022-11-17 06:00:00,20,46,1.4451449988258822,2.5332957969627703,16
2022-11-17 07:00:00,12,29,1.505826294921575,2.7131987078957422,11
2022-11-17 08:00:00,15,25,1.775722942306169,2.9913233488130837,15
2022-11-17 09:00:00,32,70,1.6976572138845398,2.9294441410805607,27
2022-11-17 10:00:00,37,91,1.6571663754498636,2.9910601316260057,26
2022-11-17 11:00:00,30,87,1.776315591236575,2.9158221323313054,23
2022-11-17 12:00:00,35,89,1.8326057817413817,2.9910601316260057,27
2022-11-17 13:00:00,41,91,1.93245839552655,2.9509866033036225,34
2022-11-17 14:00:00,29,56,1.9805935018108063,2.9910601316260057,26
2022-11-17 15:00:00,19,50,1.6398174645119428,2.6730027089635056,17
2022-11-17 16:00:00,17,42,1.8489180668665088,2.8440289193089043,14
2022-11-17 17:00:00,13,40,1.6180768679292337,2.752265861167806,10
2022-11-17 18:00:00,9,26,1.7330804035541547,2.557515089459751,8
2022-11-17 19:00:00,17,30,1.776682519535663,2.72344838963057,16
2022-11-17 20:00:00,18,41,1.6243162322259335,2.8040422695754845,17
2022-11-17 21:00:00,30,74,1.8883471080060612,2.9512440739689603,16
2022-11-17 22:00:00,41,102,2.0226387046328584,2.9512440739689603,33
2022-11-17 23:00:00,55,136,2.0580461619671135,2.9635343777545144,42
2022-11-18 00:00:00,51,143,2.081023050263257,2.995813220704853,34
2022-11-18 01:00:00,67,177,2.0456122199681372,2.980398162527081,46
2022-11-18 02:00:00,66,184,2.0573106520088613,2.9207823037088056,41
2022-11-18 03:00:00,66,184,2.074358134589941,2.9529999536181255,38
2022-11-18 04:00:00,66,180,2.0618140760623174,2.957056163313279,37
2022-11-18 05:00:00,53,159,2.0355402296167346,2.9930903274831326,28
2022-11-18 06:00:00,56,151,1.9755345762242464,2.9883092036134644,42
2022-11-18 07:00:00,37,90,1.9363153505293316,2.928930205872771,33
2022-11-18 08:00:00,19,45,2.112285718082305,2.8595237353509986,17
2022-11-18 09:00:00,12,24,2.2826784701832463,2.872137857524218,11
2022-11-18 10:00:00,10,25,1.97791727025326,2.826863551750512,9
2022-11-18 11:00:00,13,29,1.7642293075181001,2.746583054235278,12
2022-11-18 12:00:00,12,24,1.4598350428702924,2.1551577481884543,12
2022-11-18 13:00:00,16,33,1.6837885212755608,2.9177260044427196,16
2022-11-18 14:00:00,9,20,2.188842812540631,2.949600215807047,9
2022-11-18 15:00:00,16,38,1.8384077131634022,2.541085581119669,16
2022-11-18 16:00:00,24,67,1.7806787501177925,2.9873553829715465,22
2022-11-18 17:00:00,25,66,1.9392596971271552,2.9470834205940757,23
2022-11-18 18:00:00,30,71,2.073934623799498,2.986741722729922,28
2022-11-18 19:00:00,28,67,2.0350049130840064,2.972155932857351,24
2022-11-18 20:00:00,36,80,1.9074743300621866,2.885863279799513,32
2022-11-18 21:00:00,45,115,1.9460031607157253,2.9277402246869495,31
2022-11-18 22:00:00,42,119,2.1039986388664182,2.9706222268458635,23
2022-11-18 23:00:00,47,129,2.0488952584136473,2.9706222268458635,34
2022-11-19 00:00:00,41,109,2.015324376197576,2.9512440739689603,27
2022-11-19 01:00:00,37,106,1.9965118495523662,2.993283236673996,30
2022-11-19 02:00:00,36,86,2.229835880367672,2.9873363892474165,32
2022-11-19 03:00:00,34,90,2.3487006022996093,2.9591636216614146,29
2022-11-19 04:00:00,39,98,2.3762789406851477,2.999742697357236,35
2022-11-19 05:00:00,44,106,2.4693190000620686,2.999742697357236,37
2022-11-19 06:00:00,42,113,2.450828782634563,2.997638618345306,34
2022-11-19 07:00:00,40,94,2.2174530343971965,2.997638618345306,33
2022-11-19 08:00:00,39,94,2.275557358561712,2.997638618345306,37
2022-11-19 09:00:00,30,73,1.9878960968984287,2.9158221323313054,29
2022-11-19 10:00:00,27,64,2.0151919472362416,2.9542296768606913,26
2022-11-19 11:00:00,27,74,1.8701667089002407,2.9524961356260686,23
2022-11-19 12:00:00,29,61,1.6476896861769694,2.6170771312948307,29
2022-11-19 13:00:00,25,58,1.9270431888513229,2.841013882097192,23
2022-11-19 14:00:00,21,46,1.6510930780445836,2.831611970011878,21
2022-11-19 15:00:00,29,71,1.4341536504734405,2.764028823276991,26
2022-11-19 16:00:00,25,64,1.9207483482497774,2.6504050318826446,21
2022-11-19 17:00:00,25,64,1.6750753564786047,2.9460448983332763,25
2022-11-19 18:00:00,21,56,2.0167125124186525,2.946560511388148,17
2022-11-19 19:00:00,30,82,1.8325030361538064,2.946560511388148,24
2022-11-19 20:00:00,36,84,1.806755523151789,2.9277402246869495,29
2022-11-19 21:00:00,40,100,1.7615770589643163,2.9895484507459833,34
2022-11-19 22:00:00,42,103,1.4256594714844542,2.925803204954359,39
2022-11-19 23:00:00,40,89,1.3477600753869956,2.8041404179712885,38
2022-11-20 00:00:00,34,82,1.5603133954974364,2.936052185899513,30
2022-11-20 01:00:00,33,71,1.6690190343101983,2.868145340055469,30
2022-11-20 02:00:00,29,70,1.7171820117091723,2.928246805021496,27
2022-11-20 03:00:00,29,73,1.8221599540994082,2.940501588106303,28
2022-11-20 04:00:00,32,79,2.1018553198973633,2.999742697357236,29
2022-11-20 05:00:00,36,93,2.102494467541186,2.999742697357236,26
2022-11-20 06:00:00,36,106,2.1524337569857477,2.9591636216614146,31
2022-11-20 07:00:00,38,104,2.1733053548799743,2.944028682730479,31
2022-11-20 08:00:00,37,89,2.0233346225548186,2.944028682730479,32
2022-11-20 09:00:00,33,85,1.9392209551744164,2.74859986300467,30
2022-11-20 10:00:00,31,74,2.150828898876759,2.967695116843932,28
2022-11-20 11:00:00,24,59,2.131104416960851,2.9129502812301573,18
2022-11-20 12:00:00,25,69,1.771007285190877,2.6916339474969573,24
2022-11-20 13:00:00,35,84,2.0044820236958993,2.9635343777545144,32
2022-11-20 14:00:00,34,82,2.011489874796794,2.9635343777545144,29
2022-11-20 15:00:00,32,89,2.22358090172181,2.9849140169330988,28
2022-11-20 16:00:00,37,73,2.0036749763204855,2.9205329614615416,36
2022-11-20 17:00:00,24,59,2.36391449589952,2.958479470372534,23
2022-11-20 18:00:00,23,58,2.0283339040033117,2.946560511388148,20
2022-11-20 19:00:00,26,58,2.0084726659533536,2.9871483785582944,22
2022-11-20 20:00:00,18,59,2.1400082388241364,2.9871483785582944,14
2022-11-20 21:00:00,26,66,2.278625290436872,2.9661610987297924,16
2022-11-20 22:00:00,26,76,2.247544170950658,2.9237718806032946,19
2022-11-20 23:00:00,27,84,2.2847603799832576,2.969187562532279,16
2022-11-21 00:00:00,25,85,2.4390785412172162,2.945526248923593,15
2022-11-21 01:00:00,28,87,2.2706029722231533,2.9529999536181255,17
2022-11-21 02:00:00,30,89,2.1870963656714233,2.9591636216614146,19
2022-11-21 03:00:00,28,74,2.264105106407612,2.946560511388148,19
2022-11-21 04:00:00,27,74,2.198649130060174,2.9591636216614146,19
2022-11-21 05:00:00,29,72,2.3564280065790837,2.9720230792686353,20
2022-11-21 06:00:00,29,74,2.4474843310769656,2.98048201485541,25
2022-11-21 07:00:00,25,50,2.110255700554481,2.9591636216614146,21
2022-11-21 08:00:00,12,25,1.5517617919947655,2.7043970635673102,12
2022-11-21 09:00:00,35,88,1.6543494219294583,2.850414415294445,22
2022-11-21 10:00:00,44,119,1.6848774687988515,2.9505270995768322,33
2022-11-21 11:00:00,50,127,1.8208695277406606,2.8891036104915724,30
2022-11-21 12:00:00,49,129,1.7537424587950485,2.997638618345306,39
2022-11-21 13:00:00,46,129,1.6447213819591393,2.951663533867184,32
2022-11-21 14:00:00,48,133,1.58728872573264,2.997638618345306,33
2022-11-21 15:00:00,40,99,1.5826589369300617,2.990951819049587,35
2022-11-21 16:00:00,38,96,1.6093057227401377,2.997638618345306,31
2022-11-21 17:00:00,28,78,1.4930741282594382,2.997638618345306,23
2022-11-21 18:00:00,19,36,1.607550430327553,2.860810365195407,19
2022-11-21 19:00:00,19,46,1.812436517931618,2.9611027332660997,17
2022-11-21 20:00:00,28,69,1.7238552848164608,2.9444280209002955,24
2022-11-21 21:00:00,28,69,1.8949048765180605,2.8530885346682626,25
2022-11-21 22:00:00,32,78,2.0406963439465717,2.997215567171587,24
2022-11-21 23:00:00,28,68,1.97855147419097,2.9413889716629456,24
2022-11-22 00:00:00,30,61,1.9083797354660672,2.93153735352019,27
2022-11-22 01:00:00,30,63,1.9414206825179516,2.925015686017265,28
2022-11-22 02:00:00,28,60,2.051264529047155,2.925015686017265,26
2022-11-22 03:00:00,26,62,2.150604932236199,2.954808424704024,24
2022-11-22 04:00:00,24,56,1.962018289416336,2.805158764312585,24
2022-11-22 05:00:00,25,52,1.9959455387970888,2.969187562532279,25
2022-11-22 06:00:00,21,40,2.095187593703799,2.8522137501192035,21
2022-11-22 07:00:00,16,28,2.1542511442483705,2.844142105660638,16
2022-11-22 08:00:00,12,24,2.3468802566133338,2.941288355170281,12
2022-11-22 09:00:00,41,104,1.59667741747025,2.94900776815891,19
2022-11-22 10:00:00,42,115,1.7779642922416459,2.9915730894030315,25
2022-11-22 11:00:00,47,105,1.9155453712177686,2.8713063555044775,34
2022-11-22 12:00:00,40,90,1.7128819093746745,2.9844765786739114,37
2022-11-22 13:00:00,41,88,1.734864728199499,2.8571039137699814,40
2022-11-22 14:00:00,40,85,1.5635982970548656,2.947757497293188,38
2022-11-22 15:00:00,19,46,1.181981932262555,2.9408124701923266,16
2022-11-22 16:00:00,12,27,1.4289003692833975,2.7381785597240693,8
2022-11-22 17:00:00,8,21,1.349299283450645,2.3199572500765213,6
2022-11-22 18:00:00,9,20,1.4298419444166264,2.484005124495479,8
2022-11-22 19:00:00,13,27,1.8158751695460256,2.6961776059276503,12
2022-11-22 20:00:00,16,39,2.118336046479304,2.861932890886631,14
2022-11-22 21:00:00,17,46,2.1734331131731044,2.977937113557638,13
2022-11-22 22:00:00,21,53,1.7987019572919276,2.977937113557638,19
2022-11-22 23:00:00,25,61,1.9556326690858694,2.909631322324553,21
2022-11-23 00:00:00,21,51,1.3567411042644055,2.5829547176550443,18
2022-11-23 01:00:00,34,78,1.6212492507704834,2.8194709763364414,32
2022-11-23 02:00:00,28,72,1.5045998221742047,2.7212468230327076,27
2022-11-23 03:00:00,24,57,1.8566749597118324,2.7339007313888692,22
2022-11-23 04:00:00,23,52,1.6309583002248207,2.643963075482008,22
2022-11-23 05:00:00,18,44,1.4524728094416506,2.3777834138446234,17
2022-11-23 06:00:00,13,31,1.105269337825566,2.207082523162294,12
2022-11-23 07:00:00,7,17,0.8758516862385284,1.488184258416705,7
2022-11-23 08:00:00,15,44,2.0099312670960563,2.909631322324553,11
2022-11-23 09:00:00,37,82,1.3443707072478879,2.7043970635673102,34
2022-11-23 10:00:00,49,128,1.3475645556441436,2.9858438437604904,43
2022-11-23 11:00:00,40,109,1.5363145903816138,2.962583155507108,31
2022-11-23 12:00:00,41,110,1.61844215947344,2.962583155507108,33
2022-11-23 13:00:00,40,98,1.6406999260495094,2.6324631470520896,33
2022-11-23 14:00:00,26,59,1.451202514534017,2.6730027089635056,25
2022-11-23 15:00:00,15,36,1.4032037122312182,2.541005161659726,13
2022-11-23 16:00:00,13,33,1.517537559798531,2.5348651580146666,12
2022-11-23 17:00:00,13,29,1.1773937336502258,2.1173479481685,13
2022-11-23 18:00:00,10,19,1.798866329650514,2.917378459619858,10
2022-11-23 19:00:00,15,30,1.830587245377981,2.72344838963057,12
2022-11-23 20:00:00,23,66,2.033708922473598,2.9356616281546843,20
2022-11-23 21:00:00,38,103,1.638288282026863,2.9423367092557755,30
2022-11-23 22:00:00,49,131,1.831328076121818,2.9844765786739114,33
2022-11-23 23:00:00,46,134,1.954988957397877,2.8723260837031495,26
2022-11-24 00:00:00,51,135,2.111497290599688,2.8681313589330966,37
2022-11-24 01:00:00,51,140,2.1770975136329174,2.982711193973219,36
2022-11-24 02:00:00,50,136,2.312925405472599,2.937782768712792,40
2022-11-24 03:00:00,48,124,2.1764585694244687,2.9873363892474165,42
2022-11-24 04:00:00,45,116,2.1558251385785954,2.94900776815891,41
2022-11-24 05:00:00,42,106,2.2021415533589948,2.937062867927636,36
2022-11-24 06:00:00,32,74,2.0442530886705437,2.895034679395085,29
2022-11-24 07:00:00,21,52,2.11421767278354,2.769241023639181,18
2022-11-24 08:00:00,19,36,1.6232895572441295,2.9610906683650966,14
2022-11-24 09:00:00,27,66,1.568098274141119,2.7697577583743604,18
2022-11-24 10:00:00,37,90,1.9352572776968155,2.7910193221944355,24
2022-11-24 11:00:00,39,97,1.6742096723332316,2.926287922921606,30
2022-11-24 12:00:00,31,84,1.758586180786501,2.947963254184222,25
2022-11-24 13:00:00,34,93,1.8695492853869815,2.976333943510905,23
2022-11-24 14:00:00,24,60,1.3580526865194926,2.9460448983332763,21
2022-11-24 15:00:00,23,51,1.3706371618562547,2.9983733515788877,22
2022-11-24 16:00:00,25,48,1.814794787275776,2.8611081727162624,22
2022-11-24 17:00:00,12,32,1.7132594822391758,2.908282611299696,11
2022-11-24 18:00:00,11,26,1.984167686542395,2.9170407202933197,9
2022-11-24 19:00:00,18,47,1.7030288073495927,2.9579935485974573,12
2022-11-24 20:00:00,23,60,1.9742310363471025,2.9716545805546297,17
2022-11-24 21:00:00,13,45,1.7668764696659072,2.9170955396583103,7
2022-11-24 22:00:00,22,60,1.6392108523171347,2.8814031551142945,16
2022-11-24 23:00:00,17,42,1.2358716431629626,2.538631144261238,13
2022-11-25 00:00:00,23,54,1.5012604796467726,2.8871422566561433,20
2022-11-25 01:00:00,20,57,1.6391803094451642,2.8078362019045686,12
2022-11-25 02:00:00,23,54,1.4565816595590064,2.8124413109177815,19
2022-11-25 03:00:00,17,39,1.6927061311041647,2.897310018035801,13
2022-11-25 04:00:00,7,24,1.9095146839574721,2.897310018035801,3
2022-11-25 05:00:00,23,56,1.6058273708222586,2.897310018035801,19
2022-11-25 06:00:00,21,49,1.546745795626504,2.897310018035801,19
2022-11-25 07:00:00,7,20,1.2261608474094188,2.897310018035801,5
2022-11-25 08:00:00,18,33,1.193535863320445,2.7979175516892907,16
2022-11-25 09:00:00,26,56,1.4866086262227667,2.9880650135376294,19
2022-11-25 10:00:00,39,88,1.8909157263305456,2.8754469548137247,30
2022-11-25 11:00:00,48,124,1.4875133343680977,2.731365885010312,38
2022-11-25 12:00:00,44,109,1.5627606752352234,2.8754469548137247,33
2022-11-25 13:00:00,31,83,1.4096483408441476,2.8754469548137247,27
2022-11-25 14:00:00,22,52,1.757069082846688,2.9991267581701933,19
2022-11-25 15:00:00,19,41,1.5564946349694575,2.9696466237669874,17
2022-11-25 16:00:00,16,43,1.3462084894712087,2.7251101810434886,13
2022-11-25 17:00:00,20,53,1.5430330492573519,2.992051247161936,14
2022-11-25 18:00:00,23,47,1.6943288864993378,2.9325838204553825,18
2022-11-25 19:00:00,29,60,1.6815385249298125,2.895053457738015,26
2022-11-25 20:00:00,30,75,1.5618569936390927,2.6100988396433884,23
2022-11-25 21:00:00,35,104,2.0363679249949085,2.9716545805546297,20
2022-11-25 22:00:00,32,104,2.1578048327697132,2.9610483212483323,20
2022-11-25 23:00:00,45,116,1.7638125305129253,2.9716545805546297,34
2022-11-26 00:00:00,36,92,1.497419522813943,2.9362824889090393,27
2022-11-26 01:00:00,38,86,1.7601453898269213,2.9408124701923266,34
2022-11-26 02:00:00,31,65,2.070164201567058,2.9408124701923266,30
2022-11-26 03:00:00,41,80,2.0187626262672285,2.9535475850605364,37
2022-11-26 04:00:00,32,72,1.9457193897008873,2.977607801282799,30
2022-11-26 05:00:00,39,92,1.8558902859328055,2.9764916313409535,37
2022-11-26 06:00:00,38,95,1.9839684005585176,2.9853283521741942,35
2022-11-26 07:00:00,43,93,1.8060392856274374,2.9529999536181255,40
2022-11-26 08:00:00,42,94,2.289072304177085,2.989933810139827,38
2022-11-26 09:00:00,25,66,1.9318859746125476,2.9529999536181255,23
2022-11-26 10:00:00,26,53,2.082924665063463,2.9894903885886586,26
2022-11-26 11:00:00,24,49,2.150145566675695,2.9894903885886586,24
2022-11-26 12:00:00,25,45,2.031612607401987,2.948409305137007,25
2022-11-26 13:00:00,26,51,1.9858212937670376,2.9385896549150976,24
2022-11-26 14:00:00,24,55,1.681503836014422,2.896974406500574,24
2022-11-26 15:00:00,30,69,1.8300665102411142,2.896974406500574,26
2022-11-26 16:00:00,20,51,1.6494370683306325,2.7254054598952147,18
2022-11-26 17:00:00,18,41,2.070442505617115,2.9524961356260686,17
2022-11-26 18:00:00,20,47,1.7079711095391936,2.8786959225313185,20
2022-11-26 19:00:00,24,57,1.789433978126395,2.988304475101719,18
2022-11-26 20:00:00,30,68,1.7222150327767294,2.9917112337920164,26
2022-11-26 21:00:00,30,74,1.908145095356964,2.982711193973219,26
2022-11-26 22:00:00,29,67,1.6471386220363935,2.791222721620369,25
2022-11-26 23:00:00,33,81,1.5782628827957768,2.996342551942213,27
2022-11-27 00:00:00,28,59,1.0103957819686753,2.722707382414979,28
2022-11-27 01:00:00,22,54,1.522412954392206,2.887230567456605,20
2022-11-27 02:00:00,21,47,2.0778246020890343,2.974529353346772,16
2022-11-27 03:00:00,26,53,1.8514332004218896,2.9535475850605364,25
2022-11-27 04:00:00,30,66,2.1406197611104174,2.9535475850605364,21
2022-11-27 05:00:00,37,81,2.06010158241473,2.993283236673996,29
2022-11-27 06:00:00,35,80,1.9118386821237534,2.957056163313279,28
2022-11-27 07:00:00,37,99,2.1079941742019304,2.957056163313279,32
2022-11-27 08:00:00,41,102,1.9951440572118122,2.9408124701923266,34
2022-11-27 09:00:00,39,100,1.899109136149463,2.999199801062778,32
2022-11-27 10:00:00,34,102,2.2049492640204047,2.9696466237669874,29
2022-11-27 11:00:00,32,77,1.7728225570740819,2.9696466237669874,23
2022-11-27 12:00:00,31,70,2.0701381006472306,2.982711193973219,28
2022-11-27 13:00:00,19,51,2.2286218282976344,2.9894903885886586,12
2022-11-27 14:00:00,29,61,1.85454656045714,2.9098481479332694,22
2022-11-27 15:00:00,30,83,1.7900888133693915,2.9529999536181255,25
2022-11-27 16:00:00,32,88,1.6352125897733396,2.9529999536181255,27
2022-11-27 17:00:00,29,81,1.9640486604852367,2.962583155507108,17
2022-11-27 18:00:00,22,60,2.1453149445212643,2.837219673867505,14
2022-11-27 19:00:00,27,69,2.063767031640618,2.9180250582128497,16
2022-11-27 20:00:00,30,85,1.7711006848690398,2.9512440739689603,20
2022-11-27 21:00:00,36,94,1.9217064596389493,2.974529353346772,24
2022-11-27 22:00:00,36,106,1.9538406957239403,2.9789931594228216,23
2022-11-27 23:00:00,42,116,1.8241492585118606,2.9535475850605364,26
2022-11-28 00:00:00,42,118,1.8461202251421613,2.97956828706784,28
2022-11-28 01:00:00,43,114,1.8588841490791603,2.990951819049587,32
2022-11-28 02:00:00,42,98,1.88032962365508,2.982711193973219,36
2022-11-28 03:00:00,43,106,1.9141626074120774,2.97956828706784,36
2022-11-28 04:00:00,41,98,1.8111922467244406,2.7877677586905167,36
2022-11-28 05:00:00,43,100,1.9088512784576013,2.990951819049587,34
2022-11-28 06:00:00,39,91,1.8418204060372914,2.9921042254955874,34
2022-11-28 07:00:00,27,59,1.8887628861751593,2.9520557460431522,26
2022-11-28 08:00:00,23,55,1.9705757989890609,2.9915362329805224,19
2022-11-28 09:00:00,28,86,1.7722863324507654,2.979509234393889,16
2022-11-28 10:00:00,41,115,1.3322835360235334,2.747585452734209,25
2022-11-28 11:00:00,42,106,1.3628899668884127,2.50014688771471,30
2022-11-28 12:00:00,48,122,1.54335196172518,2.9681440166750024,39
2022-11-28 13:00:00,42,96,1.483682341199805,2.7856422706399515,41
2022-11-28 14:00:00,25,50,1.740473197889586,2.8383312924054174,25
2022-11-28 15:00:00,24,54,1.4816663481603731,2.750284580771555,22
2022-11-28 16:00:00,23,54,1.7606012343615622,2.8724075398477744,22
2022-11-28 17:00:00,20,47,1.9907278153842416,2.8724075398477744,20
2022-11-28 18:00:00,24,59,1.9193620993560183,2.608641558890003,19
2022-11-28 19:00:00,22,66,2.0528232942972795,2.9844765786739114,16
2022-11-28 20:00:00,40,103,2.224106881923185,2.958479470372534,27
2022-11-28 21:00:00,36,88,2.078326531660571,2.997215567171587,30
2022-11-28 22:00:00,44,102,2.163063180550138,2.997215567171587,36
2022-11-28 23:00:00,49,128,2.2740796790240942,2.997215567171587,37
2022-11-29 00:00:00,40,118,2.1677240558121786,2.9478191173665853,25
2022-11-29 01:00:00,52,139,2.322008674829563,2.9910601316260057,35
2022-11-29 02:00:00,47,114,2.298064148532272,2.9786701625125267,34
2022-11-29 03:00:00,43,105,2.2401111613359825,2.9267324700222894,36
2022-11-29 04:00:00,42,105,2.1466536168869665,2.9524961356260686,34
2022-11-29 05:00:00,42,100,2.256622719142703,2.9910601316260057,34
2022-11-29 06:00:00,32,77,2.1934320275172263,2.9524961356260686,27
2022-11-29 07:00:00,27,50,1.9957216865977263,2.7585821570550526,27
2022-11-29 08:00:00,13,18,1.7410571576991676,2.954808424704024,13
2022-11-29 09:00:00,20,46,1.3952699424072859,2.6230105854980845,17
2022-11-29 10:00:00,32,79,1.2924670858517255,2.61539941908343,25
2022-11-29 11:00:00,33,84,1.5898101532158184,2.9837264523343774,23
2022-11-29 12:00:00,33,79,1.5479234495511778,2.9837264523343774,31
2022-11-29 13:00:00,30,75,1.3064322677120308,2.622944002174063,25
2022-11-29 14:00:00,16,32,1.2959322288103516,2.6311790918576152,16
2022-11-29 15:00:00,8,20,1.8073291223129013,2.997416123626818,8
2022-11-29 16:00:00,10,21,1.8242621810404187,2.9144036972961977,9
2022-11-29 17:00:00,14,30,1.9180495812290468,2.940501588106303,13
2022-11-29 18:00:00,12,29,1.9663887363909103,2.996342551942213,12
2022-11-29 19:00:00,30,70,2.0483765117510337,2.9297396332436367,26
2022-11-29 20:00:00,34,90,2.0912762891361982,2.974529353346772,26
2022-11-29 21:00:00,36,93,2.056708399330186,2.9611027332660997,24
2022-11-29 22:00:00,41,114,2.3668832527718804,2.969187562532279,31
2022-11-29 23:00:00,49,134,2.3875012250709484,2.9654289651674826,40
2022-11-30 00:00:00,51,145,2.317895910390527,2.9529999536181255,38
2022-11-30 01:00:00,58,155,2.323609759480082,2.997215567171587,43
2022-11-30 02:00:00,52,136,2.2692696982488894,2.9910601316260057,44
2022-11-30 03:00:00,55,142,2.355668773868336,2.9910601316260057,44
2022-11-30 04:00:00,52,127,2.1757955334179178,2.9611027332660997,45
2022-11-30 05:00:00,47,121,2.2543199997740184,2.9611027332660997,41
2022-11-30 06:00:00,36,85,2.3276375112988097,2.958479470372534,33
2022-11-30 07:00:00,24,49,2.5320826028781416,2.958479470372534,24
2022-11-30 08:00:00,9,20,2.1627027527385727,2.870364091561543,8
2022-11-30 09:00:00,24,54,1.4430455421121735,2.6907792531168204,17
2022-11-30 10:00:00,27,66,1.4207514584007708,2.839590229951812,23
2022-11-30 11:00:00,29,80,1.7023070032935324,2.957051705575698,23
2022-11-30 12:00:00,31,78,1.7625103547183842,2.9164230158250506,22
2022-11-30 13:00:00,25,60,1.7374448176985247,2.887636075981634,24
2022-11-30 14:00:00,13,40,1.4000109831865781,2.660155785317918,13
2022-11-30 15:00:00,14,31,1.551307189681583,2.660155785317918,11
2022-11-30 16:00:00,8,19,1.3090797571315582,1.6124045139962733,7
2022-11-30 17:00:00,11,28,2.098014754330169,2.8041915832488544,11
2022-11-30 18:00:00,21,47,1.7229201770176616,2.683489629181522,20
2022-11-30 19:00:00,24,58,2.1759409873371576,2.9098481479332694,20
2022-11-30 20:00:00,37,84,2.02621100388789,2.94482907478242,29
2022-11-30 21:00:00,48,119,2.239297965361342,2.9915730894030315,37
2022-11-30 22:00:00,58,154,2.2645789556572464,2.9998453672609906,43
2022-11-30 23:00:00,70,172,2.246156109673143,2.9873363892474165,43
2022-12-01 00:00:00,65,170,2.334471782677945,2.9988761581829175,46
2022-12-01 01:00:00,59,183,2.349995486802832,2.997215567171587,38
2022-12-01 02:00:00,61,178,2.3988800510238217,2.9453022409655785,41
2022-12-01 03:00:00,61,172,2.350139378691343,2.997215567171587,44
2022-12-01 04:00:00,63,172,2.3826865462604205,2.9998453672609906,45
2022-12-01 05:00:00,59,165,2.417510971600499,2.9998453672609906,40
2022-12-01 06:00:00,54,143,2.402421680898488,2.9998453672609906,42
2022-12-01 07:00:00,28,62,2.068709740167808,2.9661610987297924,28
2022-12-01 08:00:00,11,23,2.156318144110459,2.982711193973219,11
2022-12-01 09:00:00,15,29,1.6861287135049965,2.82763635464069,11
2022-12-01 10:00:00,29,63,1.7458491686630415,2.9573997918041757,27
2022-12-01 11:00:00,34,73,1.5585839330386453,2.981392988592819,26
2022-12-01 12:00:00,28,61,1.7224155490065611,2.9866788969610165,22
2022-12-01 13:00:00,25,50,1.63445118234491,2.9866788969610165,24
2022-12-01 14:00:00,18,31,1.6163425895931303,2.96720903231701,18
2022-12-01 15:00:00,16,38,1.4951429046465727,2.8158674643222117,14
2022-12-01 16:00:00,23,51,2.0068417155170537,2.994419135717356,19
2022-12-01 17:00:00,18,43,2.083694354968066,2.947757497293188,16
2022-12-01 18:00:00,24,46,2.338996462039668,2.9551062072008305,19
2022-12-01 19:00:00,23,61,2.3982763617594918,2.9579935485974573,17
2022-12-01 20:00:00,34,101,2.280496437035174,2.993283236673996,23
2022-12-01 21:00:00,39,116,2.057692650068624,2.974529353346772,23
2022-12-01 22:00:00,51,130,2.2436508936021498,2.945957546846371,34
2022-12-01 23:00:00,55,148,2.252864437680338,2.994419135717356,33
2022-12-02 00:00:00,52,157,2.2616376615783853,2.9678111795796,30
2022-12-02 01:00:00,54,155,2.3668948912065604,2.990347042620198,30
2022-12-02 02:00:00,57,166,2.457733221808021,2.990347042620198,33
2022-12-02 03:00:00,53,149,2.4394416520091573,2.9591636216614146,33
2022-12-02 04:00:00,56,158,2.4374697597054,2.9642325942133643,29
2022-12-02 05:00:00,58,164,2.430678204524842,2.9998453672609906,38
2022-12-02 06:00:00,53,154,2.3723000416035065,2.9635343777545144,43
2022-12-02 07:00:00,46,111,2.2316318040650094,2.9930903274831326,41
2022-12-02 08:00:00,21,63,1.990097649564097,2.9064987801974187,16
2022-12-02 09:00:00,15,36,1.7673139820167436,2.9933138448249914,14
2022-12-02 10:00:00,19,37,1.5078049629038683,2.9774605210415297,19
2022-12-02 11:00:00,21,41,1.3250165250492905,2.9613108084377626,21
2022-12-02 12:00:00,23,46,1.379895412586705,2.947884315596129,23
2022-12-02 13:00:00,22,47,1.2433958674726446,2.507181335058058,22
2022-12-02 14:00:00,18,40,1.5486594156686453,2.984271120292503,17
2022-12-02 15:00:00,19,43,2.243340256445493,2.9624426507453165,15
2022-12-02 16:00:00,27,48,1.9442949620944878,2.948671018659574,26
2022-12-02 17:00:00,20,46,1.8268590540987337,2.8871422566561433,19
2022-12-02 18:00:00,25,62,2.0924573313038084,2.9849275983981993,21
2022-12-02 19:00:00,22,51,1.7862516918308804,2.9346548666766057,18
2022-12-02 20:00:00,30,66,2.1933302061028916,2.937782768712792,28
2022-12-02 21:00:00,31,73,2.1456864536318667,2.997215567171587,27
2022-12-02 22:00:00,24,64,2.4712605156116227,2.9844765786739114,19
2022-12-02 23:00:00,32,76,2.2947876079858722,2.937782768712792,28
2022-12-03 00:00:00,28,67,1.9969848889124937,2.9642325942133643,24
2022-12-03 01:00:00,31,82,2.2292387060872603,2.9988761581829175,22
2022-12-03 02:00:00,30,73,2.263630364322926,2.9988761581829175,22
2022-12-03 03:00:00,31,82,2.099517570208518,2.9988761581829175,23
2022-12-03 04:00:00,42,109,2.2071354669578906,2.9849275983981993,32
2022-12-03 05:00:00,40,119,2.108489782995778,2.996342551942213,31
2022-12-03 06:00:00,48,136,2.226349984152488,2.8975139983997646,34
2022-12-03 07:00:00,46,125,2.3662781913492794,2.996342551942213,38
2022-12-03 08:00:00,42,111,2.239242222275454,2.9930903274831326,34
2022-12-03 09:00:00,39,103,2.0677856505444376,2.9994949385099043,34
2022-12-03 10:00:00,28,76,1.9037252022765667,2.9158356156090934,25
2022-12-03 11:00:00,26,60,1.7955002637396025,2.9158356156090934,25
2022-12-03 12:00:00,31,61,1.8694303520823472,2.9551062072008305,28
2022-12-03 13:00:00,25,64,1.689907187744277,2.9158356156090934,23
2022-12-03 14:00:00,21,55,1.7010381817899205,2.9322567308273997,14
2022-12-03 15:00:00,26,78,1.6638036224924473,2.937006109812551,18
2022-12-03 16:00:00,27,68,2.0020319415891428,2.9572779357097585,21
2022-12-03 17:00:00,29,75,1.9192412802153027,2.9994949385099043,19
2022-12-03 18:00:00,19,48,1.7838944640364518,2.995277740725267,16
2022-12-03 19:00:00,30,68,1.6675532133678823,2.9917112337920164,27
2022-12-03 20:00:00,26,66,1.5165856964400404,2.9389350412355735,19
2022-12-03 21:00:00,23,63,1.4605603714334212,2.706877906715095,15
2022-12-03 22:00:00,19,44,1.5988620774396691,2.926287922921606,14
2022-12-03 23:00:00,21,51,0.8182944261792725,2.109687982721052,17
2022-12-04 00:00:00,34,66,1.2864438026168372,2.581271649337941,33
2022-12-04 01:00:00,32,74,1.886035320786614,2.8379581051428704,26
2022-12-04 02:00:00,30,71,2.0867918536060572,2.912713752351259,22
2022-12-04 03:00:00,37,87,2.1562913229659744,2.919953114388951,25
2022-12-04 04:00:00,35,90,2.0991609189484093,2.937062867927636,27
2022-12-04 05:00:00,39,104,2.2370025524790735,2.926857186790625,30
2022-12-04 06:00:00,38,117,2.3167906623838426,2.8964818209597047,24
2022-12-04 07:00:00,39,119,2.2513438282336926,2.984271120292503,24
2022-12-04 08:00:00,40,122,2.1426611714014467,2.9470834205940757,25
2022-12-04 09:00:00,32,90,2.279334436096884,2.9921042254955874,19
2022-12-04 10:00:00,22,54,2.087572576878391,2.9499770648041386,20
2022-12-04 11:00:00,18,48,1.9934512552504104,2.895034679395085,14
2022-12-04 12:00:00,17,46,1.8828287958032712,2.935071886015265,13
2022-12-04 13:00:00,12,36,2.0427850167206096,2.9583435936184905,8
2022-12-04 14:00:00,13,41,2.479252365882022,2.9444280209002955,7
2022-12-04 15:00:00,14,41,1.8529341499838592,2.7813810643296506,11
2022-12-04 16:00:00,10,31,1.8325387622808553,2.6689082068454026,5
2022-12-04 17:00:00,14,32,1.8892747037795432,2.870105844240624,12
2022-12-04 18:00:00,11,27,1.5403727233090494,2.648572062156909,8
2022-12-04 19:00:00,12,32,1.659641514824144,2.9576708914380654,12
2022-12-04 20:00:00,5,13,1.592868997551843,2.6237137836867714,4
2022-12-04 21:00:00,9,28,1.3329396878493296,2.655886463573682,7
2022-12-04 22:00:00,12,36,1.4819461518175734,2.655886463573682,9
2022-12-04 23:00:00,15,42,1.938060630688862,2.857349161566285,9
2022-12-05 00:00:00,27,65,1.5662285911658727,2.2922324896511928,18
2022-12-05 01:00:00,21,56,1.6086614094321678,2.615786264297883,15
2022-12-05 02:00:00,20,49,1.6177641343079734,2.906787282992784,15
2022-12-05 03:00:00,16,39,1.57491495507856,2.906787282992784,13
2022-12-05 04:00:00,20,51,1.6666831354753846,2.906787282992784,17
2022-12-05 05:00:00,24,60,1.8440712393927834,2.906787282992784,21
2022-12-05 06:00:00,27,58,1.7393249788779572,2.9849275983981993,26
2022-12-05 07:00:00,17,39,1.7177375920696272,2.906787282992784,15
2022-12-05 08:00:00,16,31,1.6098158653730328,2.485957666253792,15
2022-12-05 09:00:00,14,25,1.401106162538517,2.642884282594561,14
2022-12-05 10:00:00,11,20,1.4915912794801327,2.752265861167806,10
2022-12-05 11:00:00,7,15,1.6463050178816585,2.752265861167806,5
2022-12-05 12:00:00,6,12,1.69045991147679,2.281772791596577,4
2022-12-05 13:00:00,7,18,1.478687180705799,2.8553220636887846,5
2022-12-05 14:00:00,5,11,1.9707676322899552,2.93153735352019,3
2022-12-05 15:00:00,7,19,1.7472914521318412,2.9012363031549353,5
2022-12-05 16:00:00,5,19,1.7759298572546782,2.390168298627991,3
2022-12-05 17:00:00,7,19,2.1308303942961198,2.792000681916184,4
2022-12-05 18:00:00,4,14,1.9147636127598635,2.522427664219458,3
2022-12-05 19:00:00,3,8,1.0268990110077105,2.1170027326955574,2
2022-12-05 20:00:00,5,14,0.6590986895254373,1.1349525699348308,4
2022-12-05 21:00:00,4,13,1.705592884485646,2.857075383437888,3
2022-12-05 22:00:00,3,9,1.7199241623998847,2.58867286012461,2
2022-12-05 23:00:00,3,5,1.04199851861304,1.2980699730406173,3
2022-12-06 00:00:00,8,12,2.0527961315014362,2.911937256831482,8
2022-12-06 01:00:00,10,19,1.4871189605750137,2.65196223526392,10
2022-12-06 02:00:00,11,23,1.5926473853355712,2.65196223526392,11
2022-12-06 03:00:00,16,31,2.045691009495364,2.8282371862648086,16
2022-12-06 04:00:00,16,29,2.174358828556567,2.8759701402664666,16
2022-12-06 05:00:00,17,34,2.3648865302441373,2.88919591379737,17
2022-12-06 06:00:00,16,36,2.0198927271648603,2.9525380733422293,16
2022-12-06 07:00:00,19,34,2.2924772176940635,2.878425493248525,19
2022-12-06 08:00:00,17,27,2.1221090350386618,2.911937256831482,17
2022-12-06 09:00:00,13,26,1.9680533521758954,2.85633073381895,13
2022-12-06 10:00:00,11,21,1.953965883528875,2.9499770648041386,11
2022-12-06 11:00:00,9,20,1.984315671574757,2.8404029182382677,9
2022-12-06 12:00:00,5,12,0.9321492705082906,1.7302254719494508,5
2022-12-06 13:00:00,5,11,1.4449323535046055,2.5392400089242764,4
2022-12-06 14:00:00,10,25,1.736465402735756,2.8757768529054215,9
2022-12-06 15:00:00,14,30,1.8416953090250403,2.97427020635857,11
2022-12-06 16:00:00,4,13,1.8765630715429618,2.044847055850506,3
2022-12-06 17:00:00,6,17,1.5900827985325494,2.3326247684970953,3
2022-12-06 18:00:00,8,23,1.1664853243439792,1.9556490658282404,6
2022-12-06 19:00:00,17,36,1.5517610898606962,2.9087268726341855,13
2022-12-06 20:00:00,12,25,0.9724444619860666,1.8925432898523564,10
2022-12-06 21:00:00,14,30,1.215114922102163,2.4977418486838654,13
2022-12-06 22:00:00,19,36,1.5098612293268945,2.8723260837031495,18
2022-12-06 23:00:00,12,30,1.4509833221431816,2.856703715070457,11
2022-12-07 00:00:00,6,20,1.27343053165997,2.856703715070457,4
2022-12-07 01:00:00,23,49,1.7451785877516617,2.7193559684926716,21
2022-12-07 02:00:00,22,43,1.6347422135035443,2.8757768529054215,21
2022-12-07 03:00:00,22,47,1.7915964802679425,2.936601065670462,21
2022-12-07 04:00:00,27,50,1.9575612531981834,2.8819250247883303,26
2022-12-07 05:00:00,22,43,1.9394545255823465,2.9857742644660914,21
2022-12-07 06:00:00,20,38,1.6118311618740062,2.9146937107882875,20
2022-12-07 07:00:00,8,15,0.7999937619423798,1.5370459685109603,8
2022-12-07 08:00:00,13,22,1.519566784919828,2.8442613071211045,11
2022-12-07 09:00:00,12,22,1.9719216050860613,2.870871834369403,12
2022-12-07 10:00:00,14,29,1.3997748529780287,2.5000971341093123,11
2022-12-07 11:00:00,19,41,1.6361485135965892,2.937223062768421,19
2022-12-07 12:00:00,25,46,1.7231073173784777,2.937223062768421,22
2022-12-07 13:00:00,20,44,1.438567931343081,2.7604469740547395,20
2022-12-07 14:00:00,9,18,1.4943920391855112,2.4886213593194486,8
2022-12-07 15:00:00,15,31,1.5364660708148672,2.946560511388148,13
2022-12-07 16:00:00,12,24,1.5536790803197773,2.8752423851966027,11
2022-12-07 17:00:00,7,14,1.1286648940137716,1.7507792986674624,7
2022-12-07 18:00:00,4,7,1.5850980115254671,2.133530041696875,4
2022-12-07 19:00:00,14,35,1.873510488481727,2.949600215807047,12
2022-12-07 20:00:00,15,46,1.6857872461924985,2.9298907861950614,10
2022-12-07 21:00:00,26,65,1.8084064009415937,2.9298907861950614,19
2022-12-07 22:00:00,30,73,2.0079858990146713,2.9285305616729094,19
2022-12-07 23:00:00,32,74,1.8685669220422287,2.988304475101719,26
2022-12-08 00:00:00,25,48,1.9010378723106418,2.817829032108938,23
2022-12-08 01:00:00,19,42,1.9879402670371134,2.923859220620637,17
2022-12-08 02:00:00,25,52,2.2397823016624603,2.980398162527081,23
2022-12-08 03:00:00,24,54,1.9871904862479817,2.8343601934740437,23
2022-12-08 04:00:00,27,47,2.081187559675979,2.852681737121843,26
2022-12-08 05:00:00,21,41,1.9118703192599606,2.9588233888120072,20
2022-12-08 06:00:00,25,48,2.0788438930489463,2.997638618345306,24
2022-12-08 07:00:00,24,51,2.1494784952551274,2.948592838375149,24
2022-12-08 08:00:00,23,57,2.125523904767138,2.945487632956901,22
2022-12-08 09:00:00,22,47,2.2299446942203143,2.997638618345306,21
2022-12-08 10:00:00,20,47,2.1453513756433154,2.857468767727598,18
2022-12-08 11:00:00,20,38,1.8915086681606705,2.9049235261293704,20
2022-12-08 12:00:00,20,38,2.2971339491622755,2.964525358493826,19
2022-12-08 13:00:00,24,48,2.265895264449521,2.999742697357236,21
2022-12-08 14:00:00,19,41,1.77222124893181,2.964525358493826,18
2022-12-08 15:00:00,20,42,1.7801383584440433,2.5977744977179977,20
2022-12-08 16:00:00,18,39,1.7931808590388494,2.8177562336710507,16
2022-12-08 17:00:00,17,32,1.5123801445580909,2.947615667337622,15
2022-12-08 18:00:00,6,11,0.8724010499610978,1.4827536350587533,6
2022-12-08 19:00:00,14,28,1.7751025776736864,2.705757862928434,13
2022-12-08 20:00:00,4,13,1.7802828215536746,2.8293522904099415,1
2022-12-08 21:00:00,5,15,0.827894724844515,0.9959641974414337,4
2022-12-08 22:00:00,10,25,1.4103142541234388,2.7007619560853673,6
2022-12-08 23:00:00,12,31,1.7016658094064214,2.9930903274831326,9
2022-12-09 00:00:00,11,31,1.4750516169167207,2.476761378149915,10
2022-12-09 01:00:00,17,29,1.7785359360041875,2.898396967163064,17
2022-12-09 02:00:00,11,24,1.895778630723705,2.562055620430702,11
2022-12-09 03:00:00,14,32,2.023993860032347,2.7595796789971483,13
2022-12-09 04:00:00,15,25,2.0392155017573654,2.7820207183649783,15
2022-12-09 05:00:00,10,19,1.7660730435297929,2.887636075981634,9
2022-12-09 06:00:00,17,32,1.751199377545875,2.887636075981634,16
2022-12-09 07:00:00,9,20,1.969215650915993,2.904111270234424,8
2022-12-09 08:00:00,12,23,1.9465682396927269,2.96720903231701,12
2022-12-09 09:00:00,15,32,1.6155431963925004,2.85442787689477,15
2022-12-09 10:00:00,12,29,1.8521363774372637,2.9010086374590562,11
2022-12-09 11:00:00,12,24,1.7651000882106993,2.984572283269234,12
2022-12-09 12:00:00,10,26,1.573574923739565,2.984572283269234,10
2022-12-09 13:00:00,14,30,1.5990210960107305,2.1934692281538686,14
2022-12-09 14:00:00,13,29,1.913126000279143,2.653260215299257,10
2022-12-09 15:00:00,14,26,1.5529868544301757,2.653260215299257,13
2022-12-09 16:00:00,14,24,1.4097636446986512,2.653260215299257,14
2022-12-09 17:00:00,10,16,1.4744308826731638,2.3695537174279093,10
2022-12-09 18:00:00,2,6,1.4321005656987416,2.3663043867204454,1
2022-12-09 19:00:00,10,19,1.5496654378805652,2.960832790074952,10
2022-12-09 20:00:00,13,29,1.330092683835328,2.7609510260074424,11
2022-12-09 21:00:00,19,42,1.1063771556359705,2.212102473678158,17
2022-12-09 22:00:00,8,25,1.9589666000184551,2.6148322097543457,3
2022-12-09 23:00:00,21,52,1.6180786711600936,2.77222261648001,15
2022-12-10 00:00:00,19,49,1.7538419020260665,2.9299427619482388,18
2022-12-10 01:00:00,25,50,1.4980411044495385,2.84284277542701,23
2022-12-10 02:00:00,17,39,1.6830061809928842,2.4693015134008824,16
2022-12-10 03:00:00,21,45,1.9020854771195312,2.9917112337920164,20
2022-12-10 04:00:00,20,47,1.7294121612070108,2.984271120292503,17
2022-12-10 05:00:00,23,62,1.9202861467830812,2.984271120292503,16
2022-12-10 06:00:00,35,82,2.108520426388315,2.9525380733422293,32
2022-12-10 07:00:00,30,74,2.0411014991385787,2.8718331868889546,25
2022-12-10 08:00:00,25,67,2.1749895958761734,2.9917112337920164,21
2022-12-10 09:00:00,24,54,2.1072881936782717,2.9917112337920164,23
2022-12-10 10:00:00,15,40,1.8880258758594395,2.6195530327219676,14
2022-12-10 11:00:00,12,30,2.1582318339937707,2.9514166115637535,11
2022-12-10 12:00:00,18,47,1.6947368203732063,2.9686031319987527,11
2022-12-10 13:00:00,23,54,1.4714853052718269,2.972199453054229,19
2022-12-10 14:00:00,27,66,1.6479533712957557,2.796201104852347,25
2022-12-10 15:00:00,22,55,1.5258546097886478,2.947884315596129,17
2022-12-10 16:00:00,19,46,1.5863260703382072,2.4778761203630535,18
2022-12-10 17:00:00,11,33,1.4083946899696076,2.3358521772680745,9
2022-12-10 18:00:00,25,66,1.6020701283911905,2.9930903274831326,21
2022-12-10 19:00:00,26,63,1.4163649345038438,2.9541506069908534,22
2022-12-10 20:00:00,31,82,1.9308641209116355,2.959643241295579,17
2022-12-10 21:00:00,25,63,1.8929419904576654,2.716567942018026,23
2022-12-10 22:00:00,33,69,1.8052476580879926,2.9611027332660997,31
2022-12-10 23:00:00,31,79,1.8868027559439153,2.95970493023988,24
2022-12-11 00:00:00,29,65,2.050337688490668,2.996342551942213,25
2022-12-11 01:00:00,25,58,1.7642413115100992,2.9285305616729094,23
2022-12-11 02:00:00,21,61,2.2174234692591606,2.9357572134665717,15
2022-12-11 03:00:00,22,66,2.223459838219547,2.9917112337920164,14
2022-12-11 04:00:00,29,84,2.210678278055718,2.996342551942213,20
2022-12-11 05:00:00,28,82,2.010386790468166,2.996342551942213,22
2022-12-11 06:00:00,28,79,2.0367924644068145,2.9607985740902727,24
2022-12-11 07:00:00,30,77,2.001842561702276,2.9285305616729094,26
2022-12-11 08:00:00,28,71,2.06830127172168,2.9285305616729094,25
2022-12-11 09:00:00,27,71,2.067440393811454,2.91826069805755,25
2022-12-11 10:00:00,27,59,1.9000761845481544,2.9285305616729094,24
2022-12-11 11:00:00,19,46,1.9469183394579987,2.8681313589330966,17
2022-12-11 12:00:00,20,44,1.7936029665108335,2.9285305616729094,18
2022-12-11 13:00:00,21,50,2.0128702328173596,2.9285305616729094,17
2022-12-11 14:00:00,24,67,1.8586598397299652,2.9285305616729094,17
2022-12-11 15:00:00,29,63,1.7043496894275671,2.8658583304312444,24
2022-12-11 16:00:00,30,73,1.7887284406877542,2.9629581818438506,23
2022-12-11 17:00:00,24,49,1.90415257118247,2.946560511388148,22
2022-12-11 18:00:00,19,43,1.325556565398833,2.5146573925694486,18
2022-12-11 19:00:00,14,36,1.5309139600448183,2.8239812404277314,12
2022-12-11 20:00:00,19,55,1.4070695347669055,2.906787282992784,15
2022-12-11 21:00:00,28,69,1.5730475538097688,2.9325838204553825,20
2022-12-11 22:00:00,30,83,1.7149186550542506,2.946560511388148,22
2022-12-11 23:00:00,35,95,1.5928329225134747,2.797144547426169,25
2022-12-12 00:00:00,34,97,1.7439837519861223,2.932070170813467,23
2022-12-12 01:00:00,40,104,1.7682658014480765,2.921314449360022,32
2022-12-12 02:00:00,34,96,1.8238256807847077,2.8422674245496946,23
2022-12-12 03:00:00,37,100,1.954208841944959,2.97956828706784,26
2022-12-12 04:00:00,35,99,1.9135188158353031,2.9993381897320246,23
2022-12-12 05:00:00,32,92,1.8414922258895297,2.9993381897320246,25
2022-12-12 06:00:00,30,80,1.7988229834100329,2.879388782337,26
2022-12-12 07:00:00,28,65,1.6991374443060485,2.930874975177461,25
2022-12-12 08:00:00,22,54,1.7793484952808496,2.932070170813467,19
2022-12-12 09:00:00,21,49,1.7146770998362983,2.923934659564923,19
2022-12-12 10:00:00,15,37,1.5965979002950879,2.883623532468021,14
2022-12-12 11:00:00,12,22,1.1870815571492128,2.883623532468021,11
2022-12-12 12:00:00,17,32,1.6230460619790288,2.9403611221961587,16
2022-12-12 13:00:00,17,31,1.318788198112742,2.3672343607342166,16
2022-12-12 14:00:00,21,40,1.8024039571839578,2.9694631126212876,20
2022-12-12 15:00:00,26,45,1.682129450707515,2.803713090258654,24
2022-12-12 16:00:00,13,28,1.3266251058902796,2.9694631126212876,12
2022-12-12 17:00:00,11,20,1.3014866332169361,2.207147614210424,11
2022-12-12 18:00:00,13,26,1.3912524878520538,2.9629581818438506,12
2022-12-12 19:00:00,11,18,1.3241334007021839,2.3844642122053874,11
2022-12-12 20:00:00,12,21,2.177072958535289,2.9694631126212876,11
2022-12-12 21:00:00,13,21,2.121082362948207,2.9267324700222894,13
2022-12-12 22:00:00,18,50,2.360009630859677,2.9883092036134644,15
2022-12-12 23:00:00,24,50,2.1789345594819745,2.907155504250296,23
2022-12-13 00:00:00,25,50,1.8962806332987563,2.7628460883400314,25
2022-12-13 01:00:00,27,53,1.9175679757405302,2.8785309376251678,27
2022-12-13 02:00:00,27,53,1.9485576386076657,2.9837264523343774,27
2022-12-13 03:00:00,26,51,1.9578936423772022,2.9267324700222894,26
2022-12-13 04:00:00,29,54,1.9091536880953601,2.906787282992784,29
2022-12-13 05:00:00,28,48,1.8876578738188587,2.907155504250296,28
2022-12-13 06:00:00,30,52,2.1538795079164372,2.907155504250296,29
2022-12-13 07:00:00,27,47,2.0521902398213228,2.907155504250296,26
2022-12-13 08:00:00,18,37,1.8535842319397773,2.907155504250296,17
2022-12-13 09:00:00,22,31,1.9649856383993447,2.717810810129493,22
2022-12-13 10:00:00,18,28,1.9984708108752751,2.831629857431146,18
2022-12-13 11:00:00,22,30,1.9761618196141852,2.831629857431146,22
2022-12-13 12:00:00,24,35,1.9548249345215158,2.9930903274831326,24
2022-12-13 13:00:00,18,30,1.9471307113543128,2.603105872599926,18
2022-12-13 14:00:00,18,35,1.9331750356076651,2.8995700787638685,18
2022-12-13 15:00:00,17,33,2.010687995869106,2.9764916313409535,17
2022-12-13 16:00:00,14,26,1.815897750029757,2.603105872599926,13
2022-12-13 17:00:00,18,36,2.0391074439942525,2.750068741928983,17
2022-12-13 18:00:00,24,54,2.162009685402485,2.9292376206794613,22
2022-12-13 19:00:00,31,65,1.9274156597096108,2.991893719081627,26
2022-12-13 20:00:00,30,68,2.0501019068689628,2.96050931414927,23
2022-12-13 21:00:00,38,94,2.033734772693376,2.975217883381519,31
2022-12-13 22:00:00,38,99,2.0173392737290516,2.9844765786739114,30
2022-12-13 23:00:00,35,92,1.980925342093271,2.950730199308719,28
2022-12-14 00:00:00,42,111,2.123859516176894,2.999859243417591,36
2022-12-14 01:00:00,47,119,2.1610431780754014,2.9844765786739114,41
2022-12-14 02:00:00,50,124,2.2154325926271303,2.9591636216614146,41
2022-12-14 03:00:00,46,119,2.1994464783475083,2.997638618345306,39
2022-12-14 04:00:00,42,99,2.1266481553799266,2.950730199308719,36
2022-12-14 05:00:00,43,104,2.112473492806522,2.905966247971999,38
2022-12-14 06:00:00,41,96,1.9220237765455375,2.9243598394152643,35
2022-12-14 07:00:00,31,78,1.7635203331087874,2.888064593397573,28
2022-12-14 08:00:00,24,54,1.574029677123326,2.445020359772879,23
2022-12-14 09:00:00,30,77,1.4263569902324542,2.9385896549150976,21
2022-12-14 10:00:00,39,104,1.4092680575184902,2.826252581739357,28
2022-12-14 11:00:00,39,90,1.3279826479629342,2.9774605210415297,28
2022-12-14 12:00:00,33,84,1.5045560799559623,2.936601065670462,25
2022-12-14 13:00:00,30,74,1.6674843871976008,2.7381785597240693,24
2022-12-14 14:00:00,21,53,1.7066901079586934,2.984572283269234,15
2022-12-14 15:00:00,24,62,1.5359058618849835,2.9998453672609906,19
2022-12-14 16:00:00,23,47,1.6526394802994258,2.9998453672609906,20
2022-12-14 17:00:00,19,39,1.752858168972361,2.868145340055469,17
2022-12-14 18:00:00,18,34,1.565380365152759,2.9577209297755247,18
2022-12-14 19:00:00,19,32,1.4496051662819596,2.8402953966131887,19
2022-12-14 20:00:00,20,38,1.8001837585532114,2.93439439074294,20
2022-12-14 21:00:00,22,49,1.9396891175914315,2.9541506069908534,21
2022-12-14 22:00:00,21,50,1.9011218023538226,2.9541506069908534,16
2022-12-14 23:00:00,15,39,2.252129640030632,2.93439439074294,12
2022-12-15 00:00:00,20,45,1.9036072464735834,2.9541506069908534,17
2022-12-15 01:00:00,27,57,1.8023653589386537,2.9541506069908534,26
2022-12-15 02:00:00,25,63,1.9647748929158404,2.899234356136377,21
2022-12-15 03:00:00,23,58,2.0972517412862355,2.874208465364015,21
2022-12-15 04:00:00,24,61,2.064279100765687,2.91826069805755,22
2022-12-15 05:00:00,22,62,1.9538041503406942,2.74859986300467,19
2022-12-15 06:00:00,25,55,1.9468964229450192,2.8462133358785042,24
2022-12-15 07:00:00,18,45,1.850917273636369,2.8759701402664666,14
2022-12-15 08:00:00,25,51,1.7789242587960574,2.9403611221961587,24
2022-12-15 09:00:00,29,67,1.580104107905517,2.8328056655623186,26
2022-12-15 10:00:00,25,55,1.73558947945688,2.9514166115637535,22
2022-12-15 11:00:00,27,61,1.4844510558076627,2.9294441410805607,19
2022-12-15 12:00:00,26,60,1.5963377467974962,2.529089448198061,25
2022-12-15 13:00:00,28,65,1.7840293187331882,2.7303910330327037,23
2022-12-15 14:00:00,22,45,1.5284677327978888,2.9922078780115275,21
2022-12-15 15:00:00,24,41,1.5533836065696425,2.754087146807282,24
2022-12-15 16:00:00,15,27,1.7987536196568927,2.8759701402664666,15
2022-12-15 17:00:00,12,19,1.8003716727659596,2.9898387773209105,12
2022-12-15 18:00:00,13,25,1.6120890633398994,2.9910601316260057,12
2022-12-15 19:00:00,17,32,1.550907698141392,2.96040666219929,16
2022-12-15 20:00:00,21,43,1.7588267365666899,2.9395041675054268,19
2022-12-15 21:00:00,25,65,2.069148329151923,2.920072928065539,14
2022-12-15 22:00:00,27,66,1.629953030052947,2.9873553829715465,23
2022-12-15 23:00:00,26,73,1.7612157602541152,2.9873553829715465,20
2022-12-16 00:00:00,36,88,1.9712405836099884,2.9873553829715465,29
2022-12-16 01:00:00,45,102,2.1805107497963996,2.9764916313409535,36
2022-12-16 02:00:00,49,123,2.2122136803182113,2.957056163313279,35
2022-12-16 03:00:00,55,143,2.151332438251498,2.957056163313279,39
2022-12-16 04:00:00,55,152,2.2029016126663845,2.9591636216614146,41
2022-12-16 05:00:00,61,163,2.2150931551234403,2.9529999536181255,48
2022-12-16 06:00:00,60,162,2.2370776393554332,2.9988761581829175,50
2022-12-16 07:00:00,42,95,1.9272569945222793,2.9384274305410343,37
2022-12-16 08:00:00,25,65,1.6392264665471843,2.49279664128707,21
2022-12-16 09:00:00,19,47,1.867603590320397,2.889112874118755,16
2022-12-16 10:00:00,21,57,1.7386859914834734,2.782316989243846,14
2022-12-16 11:00:00,23,53,1.6918288413589124,2.8586407392145436,19
2022-12-16 12:00:00,23,56,1.8077551631503277,2.997416123626818,18
2022-12-16 13:00:00,20,46,1.637512038373183,2.7278496654953366,17
2022-12-16 14:00:00,21,50,1.9484807340114962,2.9681440166750024,15
2022-12-16 15:00:00,21,44,1.9953443527305799,2.967179470539425,18
2022-12-16 16:00:00,22,44,1.6659129828836376,2.8718331868889546,20
2022-12-16 17:00:00,21,43,2.307580356864137,2.9515505069876307,17
2022-12-16 18:00:00,20,43,1.8511857230501132,2.9570280131288604,20
2022-12-16 19:00:00,24,60,1.913410926179206,2.9857742644660914,20
2022-12-16 20:00:00,23,55,1.8912283310638918,2.9277402246869495,17
2022-12-16 21:00:00,29,83,1.5346423056077716,2.9624426507453165,20
2022-12-16 22:00:00,34,85,1.7531462164362857,2.9364621710073124,26
2022-12-16 23:00:00,32,71,1.6215294324172598,2.8210281442426104,23
2022-12-17 09:00:00,55,125,2.0011015758581907,2.999859243417591,49
2022-12-17 10:00:00,43,109,2.2220792837782506,2.9491213924310062,36
2022-12-17 11:00:00,46,89,2.187139860343808,2.972709966501314,41
2022-12-17 12:00:00,29,64,1.9012615654886715,2.9021276141177816,28
2022-12-17 13:00:00,23,54,2.0672631765376592,2.9520557460431522,20
2022-12-17 14:00:00,27,61,2.0448910939222613,2.9021276141177816,27
2022-12-17 15:00:00,22,52,1.8793232341934811,2.934953105173136,21
2022-12-17 16:00:00,18,39,1.777456820837005,2.934953105173136,18
2022-12-17 17:00:00,18,41,1.8818101995590395,2.791763413586874,17
2022-12-17 18:00:00,17,36,1.7542725224207723,2.717810810129493,15
2022-12-17 19:00:00,19,43,1.7939183243823682,2.934953105173136,14
2022-12-17 20:00:00,23,52,2.0581436782041416,2.9129502812301573,17
2022-12-17 21:00:00,31,73,1.8526730861713065,2.941599321578124,23
2022-12-17 22:00:00,28,71,1.907817104488504,2.972870813967764,16
2022-12-17 23:00:00,27,73,1.4115447795808167,2.907155504250296,20
2022-12-18 00:00:00,24,66,1.4443731763844996,2.941599321578124,17
2022-12-18 01:00:00,25,67,1.738496277544688,2.967695116843932,21
2022-12-18 02:00:00,37,89,2.198955384218031,2.957056163313279,32
2022-12-18 03:00:00,40,111,2.112249920149332,2.983128059207637,28
2022-12-18 04:00:00,43,118,2.179332826629796,2.954808424704024,32
2022-12-18 05:00:00,45,133,2.0928087508453452,2.946299374400677,32
2022-12-18 06:00:00,48,148,2.0951375677898363,2.9764916313409535,33
2022-12-18 07:00:00,47,145,2.3244736298741397,2.991893719081627,29
2022-12-18 08:00:00,45,132,2.2680384867507377,2.9764916313409535,33
2022-12-18 09:00:00,41,110,2.339252052440365,2.990951819049587,33
2022-12-18 10:00:00,32,83,2.3088343129189832,2.9764916313409535,27
2022-12-18 22:00:00,27,75,1.922164376945338,2.950603304770184,21
2022-12-18 23:00:00,30,78,1.927578388679921,2.9207823037088056,23
2022-12-19 00:00:00,31,83,2.116827009542288,2.936601065670462,24
2022-12-19 01:00:00,33,93,2.2006276935843423,2.9853283521741942,25
2022-12-19 02:00:00,36,94,2.1731856529163163,2.999742697357236,29
2022-12-19 03:00:00,36,91,2.239516375805484,2.9356616281546843,29
2022-12-19 04:00:00,34,90,2.338058843535715,2.999742697357236,29
2022-12-19 05:00:00,38,97,2.300717306917432,2.9525380733422293,33
2022-12-19 06:00:00,31,84,2.0733798675968242,2.999742697357236,25
2022-12-19 07:00:00,22,51,1.9459188201296975,2.97404121884825,21
2022-12-19 08:00:00,22,52,1.9728621677342055,2.917378459619858,19
2022-12-19 09:00:00,31,79,1.688262689041934,2.9915362329805224,24
2022-12-19 10:00:00,34,82,1.8856269878300063,2.960300577834872,26
2022-12-19 11:00:00,31,72,1.5971232192111489,2.94900776815891,26
2022-12-19 12:00:00,33,74,1.8706442619395218,2.9915730894030315,26
2022-12-19 13:00:00,30,62,1.676958997770544,2.8333339134466358,29
2022-12-19 14:00:00,20,49,1.8040253217682314,2.922498651046747,20
2022-12-19 15:00:00,14,35,2.184889640665705,2.945205826120666,14
2022-12-19 16:00:00,15,33,2.0471380111793773,2.991893719081627,12
2022-12-19 17:00:00,18,38,1.7313265286127788,2.7572519621080005,16
2022-12-19 18:00:00,16,45,1.6009463994739583,2.917378459619858,13
2022-12-19 19:00:00,23,64,2.1499602814186893,2.961741483940063,16
2022-12-19 20:00:00,25,57,1.8134451841678492,2.9317986236318108,22
2022-12-19 21:00:00,37,90,1.834250623497303,2.9591636216614146,29
2022-12-19 22:00:00,35,89,1.7615034773607035,2.828539564035949,31
2022-12-19 23:00:00,36,94,1.9023365652456947,2.9356616281546843,28
2022-12-20 00:00:00,34,92,2.2263051830161715,2.9910601316260057,29
2022-12-20 01:00:00,42,107,2.273561154109406,2.982711193973219,39
2022-12-20 02:00:00,37,87,2.258144367569178,2.979882766120235,36
2022-12-20 03:00:00,40,95,2.293997191256359,2.996342551942213,39
2022-12-20 04:00:00,37,90,2.224324079082849,2.996342551942213,36
2022-12-20 05:00:00,32,79,2.2937616253882487,2.996342551942213,31
2022-12-20 06:00:00,30,67,2.106758956572642,2.986869568676431,29
2022-12-20 07:00:00,19,31,2.1417886554849073,2.9143645918203003,19
2022-12-20 08:00:00,10,17,1.6057385226117913,2.5097766542402655,10
2022-12-20 09:00:00,22,46,1.1283119980282077,2.0986848488420815,21
2022-12-20 10:00:00,25,62,1.4358146810871233,2.908282611299696,20
2022-12-20 11:00:00,29,69,1.2599326883579145,2.54987065551198,25
2022-12-20 14:00:00,30,64,1.4622853305453385,2.831902951004133,28
2022-12-20 15:00:00,25,58,1.3172644602222772,2.7813810643296506,22
2022-12-20 16:00:00,22,49,1.4819471869810845,2.90802228566882,18
2022-12-20 17:00:00,20,50,1.5429449845195706,2.680129126241738,14
2022-12-20 18:00:00,15,42,1.4024670986039367,2.5353412748091952,12
2022-12-20 19:00:00,18,37,1.762344263333194,2.658968278766872,16
2022-12-20 20:00:00,16,30,1.6030047584938345,2.7340897700307907,16
2022-12-20 21:00:00,17,33,1.9226981475968108,2.889112874118755,17
2022-12-20 22:00:00,11,26,2.0453670409250644,2.627441568715043,10
2022-12-20 23:00:00,14,32,1.7536950750643698,2.5208836239633534,13
2022-12-21 00:00:00,15,34,1.739444347409959,2.7905269572343494,15
2022-12-21 01:00:00,16,34,1.7369333281174328,2.9413889716629456,14
2022-12-21 02:00:00,17,35,1.943934210391311,2.7905269572343494,16
2022-12-21 03:00:00,17,36,2.0687338199902383,2.828539564035949,15
2022-12-21 04:00:00,19,36,2.2997425179877973,2.9143645918203003,17
2022-12-21 05:00:00,20,37,2.439177342138402,2.990971997753824,19
2022-12-21 06:00:00,20,39,2.1692442111376233,2.9143645918203003,18
2022-12-21 07:00:00,14,31,2.164966714973945,2.983128059207637,11
2022-12-21 08:00:00,13,23,1.8555845415606622,2.889112874118755,13
2022-12-21 09:00:00,28,68,1.6414346162927609,2.916076371495892,23
2022-12-21 10:00:00,40,105,1.6561614747106792,2.8891036104915724,24
2022-12-21 11:00:00,38,113,1.4802645853910388,2.8178831601068857,24
2022-12-21 12:00:00,43,113,1.6328128513049043,2.9844765786739114,31
2022-12-21 13:00:00,37,89,1.7118333206240464,2.977672831057483,33
2022-12-21 14:00:00,22,58,1.447344282816547,2.972709966501314,21
2022-12-21 15:00:00,17,41,2.014994685810404,2.994419135717356,16
2022-12-21 16:00:00,21,39,1.343275559808563,2.465185452085351,20
2022-12-21 17:00:00,19,46,1.5196391153984725,2.944028682730479,16
2022-12-21 18:00:00,12,33,1.724487931965491,2.8723260837031495,9
2022-12-21 19:00:00,19,33,1.4515459517448888,2.672264454135909,19
2022-12-21 20:00:00,10,31,1.9158188017692435,2.768567431447789,7
2022-12-21 21:00:00,24,63,1.6777538247289199,2.8693715256873475,17
2022-12-21 22:00:00,24,58,1.7840981615932987,2.920072928065539,18
2022-12-21 23:00:00,23,53,1.7312781297132895,2.920072928065539,21
2022-12-22 00:00:00,21,69,2.0590113435377675,2.993730925625825,16
2022-12-22 01:00:00,25,69,1.9673549529175856,2.8993291225138216,21
2022-12-22 02:00:00,36,88,2.0820817856828837,2.9143645918203003,27
2022-12-22 03:00:00,31,91,2.1387135617787782,2.957056163313279,21
2022-12-22 04:00:00,39,97,2.191022504954925,2.983128059207637,29
2022-12-22 05:00:00,38,94,2.2964065493237933,2.983128059207637,29
2022-12-22 06:00:00,34,80,2.320566986689914,2.940501588106303,29
2022-12-22 07:00:00,21,46,2.0728838897921826,2.867756817245822,20
2022-12-22 08:00:00,8,24,2.1700941919503314,2.4765367884996587,5
2022-12-22 09:00:00,14,30,1.9866690835520717,2.9197818918433693,13
2022-12-22 10:00:00,22,52,1.5783922140004578,2.295108641040684,19
2022-12-22 11:00:00,18,45,1.7704179817404342,2.9197818918433693,11
2022-12-22 12:00:00,20,53,1.8323801141352345,2.8871635954849095,13
2022-12-22 13:00:00,18,54,1.7779052732727247,2.4751029252530303,15
2022-12-22 14:00:00,16,32,1.813737933163922,2.600477764531086,16
2022-12-22 15:00:00,11,22,1.6216254682440665,2.1915716486901644,10
2022-12-22 16:00:00,11,22,1.8979788332275473,2.7368544563511668,11
2022-12-22 17:00:00,13,23,1.3049006927971982,2.5637359201515273,13
2022-12-22 18:00:00,10,17,1.97439171623226,2.9812908692880207,9
2022-12-22 19:00:00,13,28,1.6245784356757258,2.9812908692880207,13
2022-12-22 20:00:00,18,38,1.491093756591993,2.947884315596129,18
2022-12-22 21:00:00,29,69,1.8558435257458044,2.84284277542701,23
2022-12-22 22:00:00,24,62,1.6647348224093632,2.9865854949322848,19
2022-12-22 23:00:00,23,44,1.624155628976424,2.954808424704024,22
2022-12-23 00:00:00,31,59,1.5696103423600656,2.8494304835879496,28
2022-12-23 01:00:00,29,64,2.1530071693175943,2.9444280209002955,23
2022-12-23 02:00:00,30,77,2.180623790590792,2.9413889716629456,23
2022-12-23 03:00:00,36,86,2.2839172512501387,2.9499770648041386,26
2022-12-23 04:00:00,32,91,2.312437515103036,2.9158221323313054,22
2022-12-23 05:00:00,31,87,2.1602741436305157,2.940501588106303,21
2022-12-23 06:00:00,31,93,2.1796506686127577,2.954598037225178,20
2022-12-23 07:00:00,28,72,2.141406919956563,2.9654289651674826,25
2022-12-23 08:00:00,14,37,2.377629430161786,2.959412803095953,11
2022-12-23 09:00:00,21,43,1.9497827168830977,2.959412803095953,21
2022-12-23 10:00:00,18,44,1.6879383933185477,2.717810810129493,17
2022-12-23 11:00:00,12,31,1.5801147084425209,2.9576708914380654,12
2022-12-23 12:00:00,16,32,1.8378676239099643,2.9639523416619435,16
2022-12-23 13:00:00,15,37,1.818898822851253,2.7668086359840864,14
2022-12-23 14:00:00,16,40,1.5021413872944511,2.9591636216614146,14
2022-12-23 15:00:00,19,29,1.6248846055002606,2.8799069472967083,19
2022-12-23 16:00:00,21,55,1.6912161681060072,2.9720106807087623,20
2022-12-23 17:00:00,16,51,2.0500351173093803,2.9624426507453165,9
2022-12-23 18:00:00,22,52,1.9533943440290509,2.946560511388148,18
2022-12-23 19:00:00,19,48,1.6649662112436239,2.736780449332993,18
2022-12-23 20:00:00,24,60,2.1415536330618195,2.95970493023988,18
2022-12-23 21:00:00,25,67,1.9905882493491662,2.9624426507453165,19
2022-12-23 22:00:00,26,71,2.0534517812359403,2.95970493023988,15
2022-12-23 23:00:00,26,58,1.7058623358441243,2.9981671458118595,22
2022-12-24 00:00:00,28,68,1.883306734375892,2.796201104852347,25
2022-12-24 01:00:00,25,62,1.8629671824817242,2.949768958692853,24
2022-12-24 02:00:00,22,52,1.867043274827405,2.840600185891996,21
2022-12-24 03:00:00,25,56,1.96075593461295,2.937782768712792,24
2022-12-24 04:00:00,21,50,2.013978649481074,2.945526248923593,20
2022-12-24 05:00:00,22,52,2.13815942521528,2.9143645918203003,20
2022-12-24 06:00:00,31,70,2.1581030674681414,2.9158221323313054,29
2022-12-24 07:00:00,31,71,2.194494309999655,2.97427020635857,29
2022-12-24 08:00:00,29,75,2.187608825654138,2.9610906683650966,28
2022-12-24 09:00:00,26,62,2.149989719289165,2.9873553829715465,24
2022-12-24 10:00:00,17,40,1.789303671460279,2.7872496929283876,16
2022-12-24 11:00:00,15,40,1.7716220312284718,2.97427020635857,14
2022-12-24 12:00:00,19,40,1.7916842125983572,2.9342059040439668,19
2022-12-24 13:00:00,17,32,1.8758920508655994,2.7914332101854438,14
2022-12-24 14:00:00,15,35,1.476680030184861,2.7660600527864845,13
2022-12-24 15:00:00,22,42,1.7880378611713525,2.785232752276746,21
2022-12-24 16:00:00,16,42,1.9168412830732307,2.7660600527864845,15
2022-12-24 17:00:00,24,54,2.138432097716041,2.9520557460431522,22
2022-12-24 18:00:00,17,46,1.9879776901498891,2.852069950147786,13
2022-12-24 19:00:00,29,74,2.032615438937386,2.9292376206794613,18
2022-12-24 20:00:00,27,68,2.024169085986765,2.9611027332660997,20
2022-12-24 21:00:00,32,79,1.8777670461015632,2.9285305616729094,26
2022-12-24 22:00:00,33,78,1.9427430835926605,2.934718675343973,25
2022-12-24 23:00:00,29,72,1.8951899441930027,2.9849275983981993,26
2022-12-25 00:00:00,23,59,2.110101823446344,2.9849275983981993,17
2022-12-25 01:00:00,32,71,1.847193000370746,2.937782768712792,28
2022-12-25 02:00:00,31,65,1.9312094961659696,2.9588233888120072,28
2022-12-25 03:00:00,30,68,1.8467227710558662,2.9849275983981993,28
2022-12-25 04:00:00,30,59,2.0294434115874953,2.95970493023988,29
2022-12-25 05:00:00,26,56,1.6639069593888207,2.91826069805755,25
2022-12-25 06:00:00,25,60,1.7925871635146284,2.8945554225815266,21
2022-12-25 07:00:00,26,53,1.706949814019025,2.8557975452818236,24
2022-12-25 08:00:00,26,49,1.879546346495375,2.9251243357939445,24
2022-12-25 09:00:00,25,54,1.7959435801510037,2.9291642484069125,22
2022-12-25 10:00:00,18,41,1.9383242794043367,2.913120796387579,16
2022-12-25 11:00:00,15,35,1.9683305043186299,2.9291642484069125,14
2022-12-25 12:00:00,13,26,1.9424890942635207,2.8959069865253837,12
2022-12-25 13:00:00,16,34,1.8798838724879423,2.962583155507108,16
2022-12-25 14:00:00,19,43,1.764892566889334,2.600385755360963,19
2022-12-25 15:00:00,21,47,1.7661955533977092,2.9541506069908534,18
2022-12-25 16:00:00,12,31,1.586094578318739,2.946560511388148,12
2022-12-25 17:00:00,12,31,2.1545621851601027,2.95970493023988,11
2022-12-25 18:00:00,13,29,1.6142997995350115,2.658968278766872,11
2022-12-25 19:00:00,16,31,2.0257671399492407,2.8649375070457865,14
2022-12-25 20:00:00,16,36,2.685214336726764,2.9669694389066152,14
2022-12-25 21:00:00,16,35,2.0198672302520753,2.9857742644660914,16
2022-12-25 22:00:00,19,34,1.7267839589109755,2.8864762272742746,19
2022-12-25 23:00:00,16,31,1.696584973118668,2.9654289651674826,15
2022-12-26 00:00:00,19,27,1.827019963305393,2.8108229173882204,19
2022-12-26 01:00:00,20,28,2.045391116647122,2.894888764180551,20
2022-12-26 02:00:00,14,16,1.9701507990732714,2.798149567125355,14
2022-12-26 03:00:00,12,20,2.302198069267863,2.9535475850605364,12
2022-12-26 04:00:00,12,19,2.1478401967156686,2.937782768712792,12
2022-12-26 05:00:00,13,22,2.0505415818602817,2.937782768712792,13
2022-12-26 06:00:00,14,25,2.2200724030228973,2.937782768712792,14
2022-12-26 07:00:00,12,25,2.3102200175915475,2.9535475850605364,12
2022-12-26 08:00:00,13,19,2.163461341515404,2.937782768712792,13
2022-12-26 09:00:00,10,15,1.936436909861051,2.6901062719696327,10
2022-12-26 10:00:00,11,16,2.3361349675757377,2.9356616281546843,11
2022-12-26 11:00:00,12,22,1.4559194158018014,2.9177260044427196,11
2022-12-26 12:00:00,15,26,1.7524528237068495,2.8501249192519627,14
2022-12-26 13:00:00,17,37,1.9082512417935746,2.9857742644660914,12
2022-12-26 14:00:00,17,34,1.6534258779128035,2.934742366840764,16
2022-12-26 15:00:00,16,31,1.3937370946027294,2.5150197183912364,13
2022-12-26 16:00:00,16,39,1.9467281590521055,2.949600215807047,14
2022-12-26 17:00:00,17,34,2.0155223724297207,2.990951819049587,17
2022-12-26 18:00:00,18,43,2.0360299361702534,2.937782768712792,16
2022-12-26 19:00:00,11,24,1.420597756758804,2.7798847195640275,10
2022-12-26 20:00:00,7,18,2.035179215628434,2.5697746917610704,6
2022-12-26 21:00:00,10,26,1.6887564516600349,2.5697746917610704,8
2022-12-26 22:00:00,17,39,1.7223505095350728,2.827951783485304,16
2022-12-26 23:00:00,12,27,1.5065464372647621,2.7653337719928466,12
2022-12-27 00:00:00,20,44,1.5886298698711612,2.8618879985771652,18
2022-12-27 01:00:00,17,42,1.683689153334844,2.9285305616729094,16
2022-12-27 02:00:00,19,38,1.7876166967579834,2.9285305616729094,19
2022-12-27 03:00:00,20,44,2.0587034734208927,2.937782768712792,20
2022-12-27 04:00:00,22,45,2.062465148528796,2.937782768712792,22
2022-12-27 05:00:00,24,50,2.1634832314748027,2.9285305616729094,21
2022-12-27 06:00:00,19,38,2.0529988652795894,2.9375976583669163,18
2022-12-27 07:00:00,13,24,1.8477748515352972,2.8102840917395326,13
2022-12-27 08:00:00,15,30,1.6477494544892293,2.8658583304312444,13
2022-12-27 09:00:00,11,24,1.7945876917759782,2.9624426507453165,10
2022-12-27 10:00:00,19,36,1.5923422302298047,2.9602929791408994,18
2022-12-27 11:00:00,24,51,1.3747263121085824,2.534479731682556,23
2022-12-27 12:00:00,30,61,1.5873856665123753,2.874621595127766,25
2022-12-27 13:00:00,22,57,1.3992970488190548,2.6456561832082737,19
2022-12-27 14:00:00,23,52,1.4966347620155442,2.7891031513819775,22
2022-12-27 15:00:00,21,33,1.8498260274791753,2.8785309376251678,21
2022-12-27 16:00:00,14,28,1.7382768154618138,2.946560511388148,14
2022-12-27 17:00:00,10,26,1.8172676425838052,2.681334148879179,9
2022-12-27 18:00:00,17,41,1.8837366849281882,2.8785549378711845,12
2022-12-27 19:00:00,16,38,2.2966404814176946,2.8785549378711845,10
2022-12-27 20:00:00,31,73,2.0607596760601297,2.9815557204326284,22
2022-12-27 21:00:00,28,78,2.1170071640192565,2.968617963285602,18
2022-12-27 22:00:00,26,60,1.765022664915595,2.9815557204326284,23
2022-12-27 23:00:00,25,62,1.6329475524621415,2.9064987801974187,23
2022-12-28 00:00:00,30,74,1.9414956360180478,2.9473394900335674,24
2022-12-28 01:00:00,31,75,2.0350262849291143,2.968259950772563,26
2022-12-28 02:00:00,24,65,2.1169521010006083,2.9237718806032946,22
2022-12-28 03:00:00,25,64,2.1216898400017126,2.9865854949322848,24
2022-12-28 04:00:00,26,59,1.9973504077660957,2.9865854949322848,23
2022-12-28 05:00:00,24,53,1.7538902724272016,2.7351089685771135,22
2022-12-28 06:00:00,25,47,1.986208838445441,2.9237718806032946,24
2022-12-28 07:00:00,22,46,2.045921653788653,2.9635343777545144,21
2022-12-28 08:00:00,16,29,1.71264128397153,2.895034679395085,15
2022-12-28 09:00:00,12,26,1.8938457304165217,2.903045788185006,11
2022-12-28 10:00:00,16,27,2.237572896115472,2.9554432399677983,15
2022-12-28 11:00:00,18,32,1.7312514674232355,2.640844635034382,17
2022-12-28 12:00:00,14,26,1.6532690934378398,2.934742366840764,13
2022-12-28 13:00:00,14,34,1.737831319072059,2.705516095410304,13
2022-12-28 14:00:00,11,21,1.922432786408997,2.7751394187320026,11
2022-12-28 15:00:00,14,27,1.7624356388276274,2.8523837309578606,13
2022-12-28 16:00:00,12,27,1.9731945909125368,2.946493802872001,10
2022-12-28 17:00:00,16,34,1.3928188366607843,2.0794891063036403,16
2022-12-28 18:00:00,20,46,1.7043484666789066,2.584176287698193,14
2022-12-28 19:00:00,20,45,1.1592453887696024,2.723187074954635,17
2022-12-28 20:00:00,21,48,1.3952374994736696,2.8108627208671444,20
2022-12-28 21:00:00,21,50,1.6334871472566241,2.861745619729042,17
2022-12-28 22:00:00,23,55,1.929514032658934,2.8413722801965444,17
2022-12-28 23:00:00,15,35,1.4820574207436816,2.7232118610998004,10
2022-12-29 00:00:00,14,33,1.8012043385498813,2.982711193973219,13
2022-12-29 01:00:00,15,32,1.8087924113289573,2.979882766120235,14
2022-12-29 02:00:00,14,31,2.4264111765511474,2.937782768712792,13
2022-12-29 03:00:00,11,27,2.1437898107991913,2.937782768712792,8
2022-12-29 04:00:00,18,38,2.2460561376396293,2.937782768712792,17
2022-12-29 05:00:00,13,34,2.1187273609048334,2.874208465364015,12
2022-12-29 06:00:00,11,27,2.2506322811261463,2.9853283521741942,10
2022-12-29 07:00:00,10,21,2.2316532361059287,2.9853283521741942,10
2022-12-29 08:00:00,10,20,1.6783997031950286,2.7891031513819775,10
2022-12-29 09:00:00,15,27,1.568369048579931,2.7730298378779765,14
2022-12-29 10:00:00,13,25,1.9966858940753234,2.9513206945474226,13
2022-12-29 11:00:00,14,29,1.7684076216365519,2.9007786061240175,14
2022-12-29 12:00:00,15,31,1.6373775044379475,2.769944391186144,15
2022-12-29 13:00:00,13,28,1.5097438030312493,2.7595796789971483,13
2022-12-29 14:00:00,12,29,1.6542368156318084,2.7022851527267764,12
2022-12-29 15:00:00,17,29,1.689193820797422,2.367013240064746,16
2022-12-29 16:00:00,13,21,1.5573373121413614,2.7066064327148918,13
2022-12-29 17:00:00,12,25,1.6401617022760868,2.7479302657070734,12
2022-12-29 18:00:00,15,27,1.971209220894439,2.6689082068454026,14
2022-12-29 19:00:00,12,21,1.9921739005478045,2.72344838963057,12
2022-12-29 20:00:00,6,17,1.6984989840595002,2.723909044082012,4
2022-12-29 21:00:00,12,35,1.7282407979107663,2.795845009885488,10
2022-12-29 22:00:00,12,29,2.164508407324117,2.9277402246869495,9
2022-12-29 23:00:00,12,25,2.079956846744984,2.920072928065539,10
2022-12-30 00:00:00,13,27,2.1563185928510316,2.9994949385099043,12
2022-12-30 01:00:00,16,37,1.7203771887153,2.913120796387579,16
2022-12-30 02:00:00,18,40,1.7354776180140397,2.984271120292503,17
2022-12-30 03:00:00,24,59,2.127286888474876,2.9994949385099043,23
2022-12-30 04:00:00,28,59,1.9878342654027426,2.984271120292503,27
2022-12-30 05:00:00,26,53,1.8753054381699585,2.897310018035801,25
2022-12-30 06:00:00,25,57,1.9291147936675324,2.907284552111612,24
2022-12-30 07:00:00,22,47,2.097173698553176,2.9535475850605364,21
2022-12-30 08:00:00,25,51,2.020106420577387,2.877439018895063,24
2022-12-30 09:00:00,16,36,2.1682330614506484,2.8992922230851614,15
2022-12-30 10:00:00,18,34,2.119154292041133,2.990951819049587,17
2022-12-30 11:00:00,24,47,1.857932276738875,2.980398162527081,23
2022-12-30 12:00:00,24,55,1.8550969043076142,2.991739874844912,19
2022-12-30 13:00:00,24,66,1.5206552561749953,2.871658495839886,18
2022-12-30 14:00:00,23,53,1.6714603990390369,2.936601065670462,19
2022-12-30 15:00:00,21,44,1.5678138642615742,2.982711193973219,20
2022-12-30 16:00:00,14,21,1.7518704541150105,2.888064593397573,14
2022-12-30 17:00:00,28,57,1.684442912847834,2.9357572134665717,25
2022-12-30 18:00:00,24,61,1.7169070826558723,2.9357572134665717,14
2022-12-30 19:00:00,17,49,1.6205297993514067,2.8670948367419675,10
2022-12-30 20:00:00,20,51,1.8690452176518115,2.885863279799513,17
2022-12-30 21:00:00,27,69,2.131601023808618,2.885863279799513,21
2022-12-30 22:00:00,24,68,1.8411768360465892,2.8670948367419675,19
2022-12-30 23:00:00,28,75,1.8289221546368695,2.994092093540302,20
2022-12-31 00:00:00,30,68,1.6003415875699076,2.9529999536181255,23
2022-12-31 01:00:00,37,84,1.7952731705940432,2.972414232302531,31
2022-12-31 02:00:00,34,82,2.096983255895985,2.993283236673996,25
2022-12-31 03:00:00,36,80,1.924354505571071,2.9636516236073205,30
2022-12-31 04:00:00,35,94,2.0784064867674585,2.982711193973219,24
2022-12-31 05:00:00,35,103,2.0826084652837036,2.984271120292503,19
2022-12-31 06:00:00,38,109,2.2283179912855564,2.984271120292503,24
2022-12-31 07:00:00,33,103,2.1021748410219288,2.937062867927636,22
2022-12-31 08:00:00,36,109,2.032926330389334,2.945487632956901,22
2022-12-31 09:00:00,32,87,1.8695693175506312,2.8894660901379905,23
2022-12-31 10:00:00,20,56,1.876366724682999,2.6859379044589002,14
2022-12-31 11:00:00,20,50,2.24656722234692,2.8801752515192782,17
2022-12-31 12:00:00,26,62,2.040382314741127,2.934718675343973,22
2022-12-31 13:00:00,24,58,1.9738805026244808,2.8801752515192782,20
2022-12-31 14:00:00,25,50,1.6245182380079097,2.982711193973219,22
2022-12-31 15:00:00,29,61,1.433777051791173,2.982711193973219,25
2022-12-31 16:00:00,27,64,1.5694523768452948,2.953507219639953,24
2022-12-31 17:00:00,30,69,1.7634959991038657,2.872392306954846,24
2022-12-31 18:00:00,27,73,1.734849791176439,2.9048608999975167,24
2022-12-31 19:00:00,32,86,2.101303792987164,2.9764916313409535,27
2022-12-31 20:00:00,38,82,1.904805837769027,2.979882766120235,34
2022-12-31 21:00:00,39,101,1.8064256938764038,2.8523837309578606,33
2022-12-31 22:00:00,36,95,1.7743928196257057,2.947757497293188,30
