station_id,station_number,station_name,candidate_role,candidate_rows,requested_units,assigned_units,uncovered_units,mean_risk_score,sensitive_hour_rows,sensitive_station_rows
1,1a,Puerta del Sol A,receiver,546,1195,1091,104,0.9680760324175824,70,0
2,1b,Puerta del Sol B,donor,4,23,23,0,0.7842693125,0,0
2,1b,Puerta del Sol B,receiver,484,709,654,55,0.9792896328512397,63,0
3,2,Miguel Moya,donor,1,5,5,0,0.51346153,0,0
3,2,Miguel Moya,receiver,229,1547,1256,291,0.8377688056768559,25,0
4,3,Plaza Conde Suchil,receiver,33,161,29,132,0.7344014057575757,3,0
5,4,Malasaña,donor,1,7,7,0,0.88189507,0,1
5,4,Malasaña,receiver,289,1929,1254,675,0.828684496366782,32,289
6,5,Fuencarral,donor,1,8,8,0,0.8208298,0,1
6,5,Fuencarral,receiver,243,1802,664,1138,0.7865041121399177,31,243
7,6,Colegio Arquitectos,receiver,316,2146,1597,549,0.831805234556962,34,316
8,7,Hortaleza,donor,3,16,16,0,0.66384448,0,0
8,7,Hortaleza,receiver,348,1988,1347,641,0.8263888489942528,33,0
9,8,Alonso Martínez,donor,38,229,229,0,0.6885530265789473,0,0
9,8,Alonso Martínez,receiver,280,1848,838,1010,0.8295595768571429,21,0
10,9,Plaza de San Miguel,donor,7,41,41,0,0.6316075685714286,1,0
10,9,Plaza de San Miguel,receiver,162,1054,754,300,0.8138321364197532,17,0
11,10,Marqués de la Ensenada,donor,6,36,36,0,0.6933244666666667,0,0
11,10,Marqués de la Ensenada,receiver,362,2480,1842,638,0.8699849780110497,38,0
12,11,San Andrés,receiver,307,2024,1498,526,0.8166145493159609,41,0
13,12,San Hermenegildo,donor,4,27,27,0,0.7654663775,1,4
13,12,San Hermenegildo,receiver,128,841,404,437,0.728525278828125,13,128
14,13,Conde Duque,donor,21,126,126,0,0.7142778947619048,2,0
14,13,Conde Duque,receiver,69,436,193,243,0.7155067843478261,9,0
15,14,Ventura Rodríguez,receiver,96,603,307,296,0.7964103095833334,10,0
16,15,San Vicente Ferrer,receiver,1436,0,0,0,0.9985512372075208,180,0
17,16,San Bernardo,donor,8,39,39,0,0.6989319,3,8
17,16,San Bernardo,receiver,229,1295,824,471,0.7699073248471615,37,229
18,17,Carlos Cambronero,receiver,197,1199,851,348,0.7841352176649745,27,0
19,18,Plaza de Pedro Zerolo,donor,9,52,52,0,0.6499493133333334,3,0
19,18,Plaza de Pedro Zerolo,receiver,236,1568,1044,524,0.8161358605508474,20,0
20,19,Prim,receiver,1436,0,0,0,0.9986393385584958,180,0
21,20a,Banco de España A,receiver,529,3780,3340,440,0.8636348341587902,59,0
25,22,Jacometrezo,donor,4,23,23,0,0.637827025,0,0
25,22,Jacometrezo,receiver,225,1441,833,608,0.8120603125333333,25,0
26,23,Santo Domingo,donor,10,63,63,0,0.701479301,0,0
26,23,Santo Domingo,receiver,110,716,450,266,0.7815992940909091,9,0
27,24,Palacio de Oriente,receiver,238,1530,1115,415,0.7962341541596639,32,238
28,25a,Plaza de Celenque A,receiver,961,568,505,63,0.9865740657336108,118,0
29,25b,Plaza de Celenque B,receiver,963,566,458,108,0.9840119764589823,120,0
30,26,Plaza de las Salesas,donor,6,36,36,0,0.6344834933333333,0,0
30,26,Plaza de las Salesas,receiver,200,1229,800,429,0.85227545805,20,0
31,27,Huertas,donor,15,96,96,0,0.7117591026666666,4,0
31,27,Huertas,receiver,53,298,235,63,0.7846432496226414,3,0
32,28,Sevilla,donor,13,75,75,0,0.6904022623076924,0,0
32,28,Sevilla,receiver,215,1430,1087,343,0.8440423948372092,14,0
33,29,Marqués de Cubas,donor,18,104,104,0,0.7485048694444445,1,0
33,29,Marqués de Cubas,receiver,118,772,577,195,0.8453246272033897,7,0
34,30,San Quintín,receiver,113,849,619,230,0.8093571417699116,9,0
35,31,Calle Mayor,donor,2,13,13,0,0.64149897,0,0
35,31,Calle Mayor,receiver,531,1020,733,287,0.9591548313559323,71,0
36,32,Plaza de la Provincia,donor,74,386,386,0,0.7601930716216216,9,0
36,32,Plaza de la Provincia,receiver,25,133,90,43,0.8166754132,1,0
37,33,Carretas,donor,9,50,50,0,0.7924361955555556,1,0
37,33,Carretas,receiver,681,1460,1262,198,0.9483614693538914,86,0
38,34,Jacinto Benavente,donor,10,62,62,0,0.691279651,3,0
38,34,Jacinto Benavente,receiver,548,996,780,216,0.9535661926824817,67,0
39,35,Plaza del Cordón,donor,17,99,99,0,0.71380065,3,0
39,35,Plaza del Cordón,receiver,77,495,305,190,0.7500586623376624,13,0
40,36,Plaza Ramales,donor,10,65,65,0,0.78242997,0,0
40,36,Plaza Ramales,receiver,210,1369,1080,289,0.8313574377142856,17,0
41,37,Plaza de San Francisco,donor,101,647,647,0,0.8018366748514852,3,0
41,37,Plaza de San Francisco,receiver,87,476,250,226,0.7235653970114942,7,0
42,38,Plaza de los Carros,donor,144,936,936,0,0.8152486692361111,9,0
42,38,Plaza de los Carros,receiver,53,342,219,123,0.7065383662264151,4,0
43,39,Plaza de la Cebada,donor,71,532,532,0,0.7166010785915493,5,0
43,39,Plaza de la Cebada,receiver,41,318,139,179,0.7083140309756097,3,0
44,40,Conde de Romanones,donor,52,317,317,0,0.7739466548076923,2,0
44,40,Conde de Romanones,receiver,53,340,208,132,0.7521928560377358,6,0
45,41,Antón Martín,donor,25,130,130,0,0.7016516392,2,0
45,41,Antón Martín,receiver,57,286,180,106,0.7455779596491228,6,0
46,42,Santa Isabel,donor,74,457,457,0,0.7840360613513514,2,0
46,42,Santa Isabel,receiver,147,964,676,288,0.7439995776870748,17,0
47,43,Jesús y María,donor,11,64,64,0,0.7500631509090909,0,0
47,43,Jesús y María,receiver,288,1917,1588,329,0.7929244659722222,38,0
48,44,Plaza de Nelson Mandela,donor,63,359,359,0,0.8363975050793652,1,0
48,44,Plaza de Nelson Mandela,receiver,118,661,455,206,0.7106020405084746,9,0
49,45,Puerta de Toledo,donor,46,246,246,0,0.776217969347826,4,46
49,45,Puerta de Toledo,receiver,98,549,306,243,0.6663699244897959,14,98
50,46,Ribera de Curtidores,donor,45,271,271,0,0.7303524133333335,4,0
50,46,Ribera de Curtidores,receiver,34,212,70,142,0.6780448314705882,4,0
51,47,Embajadores 1,donor,31,187,187,0,0.7251775370967741,4,0
51,47,Embajadores 1,receiver,47,298,196,102,0.7199637485106383,3,0
52,48,Embajadores 2,donor,18,106,106,0,0.649136425,2,0
52,48,Embajadores 2,receiver,91,572,392,180,0.7461801851648352,7,0
53,49,Casa Encendida,donor,28,177,177,0,0.7766496728571429,0,0
53,49,Casa Encendida,receiver,38,237,103,134,0.6690124971052631,1,0
54,50,Museo Reina Sofía,receiver,94,599,490,109,0.7784352817021276,12,0
55,51,Ronda de Atocha,donor,2,12,12,0,0.55271022,0,0
55,51,Ronda de Atocha,receiver,40,306,211,95,0.7762971705,7,0
56,52,Plaza de Santa Ana,donor,59,353,353,0,0.7028377705084746,11,0
56,52,Plaza de Santa Ana,receiver,19,120,85,35,0.7024770468421052,3,0
57,53,Plaza de Lavapiés,donor,26,172,172,0,0.7575357357692307,0,26
57,53,Plaza de Lavapiés,receiver,117,753,464,289,0.7127554103418804,17,117
58,54,Barceló,donor,28,151,151,0,0.7062513703571429,4,28
58,54,Barceló,receiver,264,1485,671,814,0.8010883243560606,23,264
59,55,Plaza de San Ildefonso,donor,21,132,132,0,0.6769492357142857,2,0
59,55,Plaza de San Ildefonso,receiver,156,1027,370,657,0.7505119607692308,19,0
60,56,Plaza del Carmen ,donor,9,59,59,0,0.7731809733333334,2,0
60,56,Plaza del Carmen ,receiver,127,856,719,137,0.8404007576377953,19,0
61,57,Santa Cruz del Marcenado,donor,1,6,6,0,0.8557243,0,0
61,57,Santa Cruz del Marcenado,receiver,108,688,440,248,0.8347789487962963,11,0
62,58,Augusto Figueroa,donor,17,106,106,0,0.6912349411764707,2,0
62,58,Augusto Figueroa,receiver,75,483,236,247,0.7619819952,4,0
63,59,Plaza de Juan Pujol,donor,11,54,54,0,0.7224669209090909,0,11
63,59,Plaza de Juan Pujol,receiver,276,1514,1009,505,0.7901624701449275,46,276
64,60,Plaza de la Independencia,donor,50,294,294,0,0.69850965,4,50
64,60,Plaza de la Independencia,receiver,193,1235,829,406,0.827142767150259,14,193
65,61,Narváez,donor,4,23,23,0,0.557288585,0,0
65,61,Narváez,receiver,42,277,160,117,0.734530143095238,8,0
66,62,O'Donnell,donor,8,49,49,0,0.72063573625,1,0
66,62,O'Donnell,receiver,151,984,854,130,0.8137396192715232,18,0
67,63,Ibiza,donor,1,6,6,0,0.7496878,0,0
67,63,Ibiza,receiver,64,401,332,69,0.78018847234375,4,0
69,65,Antonio Maura,donor,31,187,187,0,0.71963235,0,0
69,65,Antonio Maura,receiver,126,811,695,116,0.8269911754761904,5,0
71,67,Almadén,donor,11,69,69,0,0.8015334381818182,0,0
71,67,Almadén,receiver,44,250,174,76,0.7741074747727272,5,0
72,68,Espalter,donor,18,91,91,0,0.6788803577777778,0,0
72,68,Espalter,receiver,298,222,202,20,0.9761905629530201,41,0
73,69,Puerta del Ángel Caído,donor,25,169,169,0,0.6921835892,2,0
73,69,Puerta del Ángel Caído,receiver,25,180,149,31,0.7696174976000001,2,0
74,70,Puerta del Doce de Octubre,donor,8,55,55,0,0.74065128625,5,0
74,70,Puerta del Doce de Octubre,receiver,86,552,381,171,0.7282474489534884,6,0
75,71,Doce de Octubre,donor,24,150,150,0,0.805187795,0,0
75,71,Doce de Octubre,receiver,28,175,107,68,0.6714837035714286,3,0
76,72,Sainz de Baranda,donor,18,128,128,0,0.82651436,4,0
76,72,Sainz de Baranda,receiver,47,313,213,100,0.7412933665957447,2,0
77,73,Plaza de los Astros,donor,33,220,220,0,0.7742582757575758,5,0
77,73,Plaza de los Astros,receiver,36,233,107,126,0.6736040530555556,2,0
78,74,Puerta del Pacífico ,donor,8,48,48,0,0.6613095575,3,0
78,74,Puerta del Pacífico ,receiver,74,488,333,155,0.7176090813513514,6,0
79,75,Menéndez Pelayo,donor,74,458,458,0,0.7800858571621622,5,0
79,75,Menéndez Pelayo,receiver,21,129,65,64,0.6414964333333333,2,0
80,76,Puerta de Mariano de Cavia,donor,65,412,412,0,0.8242935743076922,2,0
80,76,Puerta de Mariano de Cavia,receiver,21,131,77,54,0.6513886957142857,7,0
81,77,Conde de Casal,donor,69,374,374,0,0.772305320289855,8,0
81,77,Conde de Casal,receiver,26,136,76,60,0.6405020880769231,1,0
82,78,Pedro Bosch,donor,141,941,941,0,0.8305510540425531,16,0
82,78,Pedro Bosch,receiver,8,51,39,12,0.67518757625,1,0
83,79,Puerta de Granada,donor,94,596,596,0,0.8271230861702128,6,0
83,79,Puerta de Granada,receiver,25,146,113,33,0.6687030436000001,4,0
84,80a,Atocha A,donor,17,101,101,0,0.6754154282352942,5,0
84,80a,Atocha A,receiver,24,153,139,14,0.7988531175000001,0,0
85,80b,Atocha B,donor,48,365,365,0,0.8051927460416667,11,0
85,80b,Atocha B,receiver,11,77,77,0,0.8239909218181818,0,0
86,81,Cuesta de Moyano,donor,4,23,23,0,0.5778775675,0,0
86,81,Cuesta de Moyano,receiver,79,502,394,108,0.7777545002531646,4,0
87,82,Niño Jesús,donor,12,80,80,0,0.86028971,2,0
87,82,Niño Jesús,receiver,164,1246,1185,61,0.934680020792683,16,0
88,83,Pío Baroja,donor,6,36,36,0,0.7230573833333334,0,0
88,83,Pío Baroja,receiver,75,510,442,68,0.7894739869333334,6,0
89,84,Valderribas,receiver,1436,0,0,0,0.9986089708495821,180,0
90,85,Puerta de Madrid,donor,1,7,7,0,0.6076525,1,0
90,85,Puerta de Madrid,receiver,55,421,255,166,0.7640873423636364,2,0
91,86,Cibeles,donor,30,151,151,0,0.7157641823333333,2,0
91,86,Cibeles,receiver,207,1168,840,328,0.832885450821256,10,0
92,87,Ayala,donor,49,296,296,0,0.7107849493877552,2,0
92,87,Ayala,receiver,313,914,749,165,0.9424979738338659,35,0
93,88,Embajada de Italia,donor,26,186,186,0,0.8249213753846154,0,0
93,88,Embajada de Italia,receiver,210,1366,674,692,0.8488082460952381,24,0
94,89,Conde Peñalver,donor,2,13,13,0,0.74535039,0,0
94,89,Conde Peñalver,receiver,113,652,321,331,0.7770292719469027,9,0
95,90,General Pardiñas,donor,35,240,240,0,0.742609146,0,0
95,90,General Pardiñas,receiver,194,1353,901,452,0.8314336780412371,13,0
96,91,Príncipe de Vergara,receiver,353,1738,1290,448,0.8745454311898017,35,0
97,92,Claudio Coello,donor,17,98,98,0,0.6760695670588236,0,0
97,92,Claudio Coello,receiver,120,763,419,344,0.834807133,16,0
98,93,Plaza de Colón,receiver,292,1910,1338,572,0.858298472739726,26,0
99,94,Biblioteca Nacional,donor,14,72,72,0,0.6997185635714286,1,14
99,94,Biblioteca Nacional,receiver,345,1962,1388,574,0.8398455448695652,28,345
100,95,Villanueva,donor,32,215,215,0,0.7997696165625,1,0
100,95,Villanueva,receiver,168,1086,829,257,0.8568181602380953,11,0
101,96,Castelló,receiver,84,610,401,209,0.8036578098809523,6,0
102,97,Alcalá,receiver,93,608,356,252,0.8178927984946236,12,0
103,98,Plaza de Felipe II,donor,15,91,91,0,0.65008344,4,0
103,98,Plaza de Felipe II,receiver,111,725,437,288,0.8110549927027028,9,0
104,99,Alcántara,donor,2,16,16,0,0.8421444,0,0
104,99,Alcántara,receiver,124,778,498,280,0.8244730701612903,15,0
105,100,Palacio de Deportes,donor,11,71,71,0,0.8056831145454545,3,0
105,100,Palacio de Deportes,receiver,27,172,128,44,0.8250099862962963,1,0
106,101,Jorge Juan,donor,3,18,18,0,0.6518011733333333,0,0
106,101,Jorge Juan,receiver,221,227,91,136,0.9568754088687782,28,0
107,102,Velázquez,donor,3,18,18,0,0.7499745933333334,1,0
107,102,Velázquez,receiver,133,862,721,141,0.8563472073684211,4,0
108,103,Ortega y Gasset,donor,65,394,394,0,0.7010223313846154,3,0
108,103,Ortega y Gasset,receiver,267,1606,747,859,0.8571750896629213,22,0
109,104,Castellana,donor,37,189,189,0,0.7137912562162162,0,0
109,104,Castellana,receiver,245,1344,807,537,0.846035891755102,27,0
110,105,Serrano,donor,27,164,164,0,0.7608432774074074,1,0
110,105,Serrano,receiver,264,1651,1043,608,0.8602820862121212,23,0
111,106a,Colón A,donor,4,23,23,0,0.78740322,1,0
111,106a,Colón A,receiver,128,599,402,197,0.883315098125,13,0
112,106b,Colón B,donor,13,69,69,0,0.7873972261538462,1,0
112,106b,Colón B,receiver,194,925,564,361,0.8590742756701031,16,0
113,107,Columela,donor,29,177,177,0,0.7508845306896552,0,0
113,107,Columela,receiver,265,1627,1211,416,0.8572373894339622,31,0
114,108,Mártires Concepcionistas,receiver,123,888,488,400,0.751641061300813,14,0
115,109,Marqués de Salamanca,donor,16,98,98,0,0.707964453125,1,0
115,109,Marqués de Salamanca,receiver,135,867,403,464,0.8455663045185184,10,0
116,110,Moncloa,donor,10,64,64,0,0.835954012,2,0
116,110,Moncloa,receiver,103,671,279,392,0.7993086786407766,14,0
117,111a,Arcipreste de Hita A,receiver,121,788,467,321,0.7953188217355371,14,0
118,111b,Arcipreste de Hita B,donor,5,27,27,0,0.63483143,0,0
118,111b,Arcipreste de Hita B,receiver,52,323,84,239,0.7481139082692307,5,0
119,112,Paseo de Moret,receiver,43,270,142,128,0.8124388402325582,4,0
120,113,Pintor Rosales,receiver,39,243,86,157,0.6824326623076923,5,0
121,114,Quintana,donor,22,138,138,0,0.7922148127272728,2,0
121,114,Quintana,receiver,20,126,16,110,0.6931059995,3,0
122,115,Ferraz,donor,3,17,17,0,0.5734485833333333,0,0
122,115,Ferraz,receiver,59,346,196,150,0.7468539461016949,10,0
123,116a,Plaza de España A,donor,14,84,84,0,0.6603103557142856,5,0
123,116a,Plaza de España A,receiver,70,452,230,222,0.7742224687142857,6,0
124,116b,Plaza de España B,donor,4,22,22,0,0.6122459499999999,1,0
124,116b,Plaza de España B,receiver,142,922,455,467,0.7964157665492958,14,0
125,117,Altamirano,donor,42,283,283,0,0.8780280376190477,4,0
125,117,Altamirano,receiver,51,331,218,113,0.7153225809803923,4,0
126,118,Juan Martín,donor,19,125,125,0,0.7726929394736842,1,0
126,118,Juan Martín,receiver,139,194,175,19,0.9633213551798562,18,0
127,119,Méndez Álvaro,donor,28,185,185,0,0.7976851478571428,1,0
127,119,Méndez Álvaro,receiver,8,48,6,42,0.57000706875,1,0
128,120,Palos de la Frontera,donor,17,100,100,0,0.6877665223529412,0,0
128,120,Palos de la Frontera,receiver,15,68,37,31,0.6395806406666666,2,0
129,121,Santa María de la Cabeza,donor,35,210,210,0,0.732327162,7,0
129,121,Santa María de la Cabeza,receiver,15,100,55,45,0.6889564813333333,1,0
130,122,Santa Engracia 14,donor,4,25,25,0,0.703212325,0,0
130,122,Santa Engracia 14,receiver,243,1585,786,799,0.8071993134567902,28,0
131,123,Guzmán el Bueno,donor,4,24,24,0,0.7854014875,1,0
131,123,Guzmán el Bueno,receiver,69,459,268,191,0.7235578117391305,4,0
132,161,Paseo de la Florida,donor,43,331,331,0,0.77050237,8,0
132,161,Paseo de la Florida,receiver,7,51,18,33,0.6743652442857143,1,0
133,162,Metro Pirámides,donor,85,541,541,0,0.8148617483529412,6,0
133,162,Metro Pirámides,receiver,23,140,60,80,0.6764989530434783,1,0
134,163,Paseo de la Esperanza,donor,55,268,268,0,0.7362233007272727,6,0
134,163,Paseo de la Esperanza,receiver,35,184,143,41,0.771224764,1,0
135,165,Entrada Matadero,donor,70,519,519,0,0.7879316792857143,4,0
135,165,Entrada Matadero,receiver,11,82,32,50,0.7179705418181818,1,0
136,164,Paseo de las Delicias,donor,48,297,297,0,0.777992785625,3,0
136,164,Paseo de las Delicias,receiver,26,162,63,99,0.6375236065384615,3,0
137,157,Castellana 164,donor,1,6,6,0,0.660417,0,0
137,157,Castellana 164,receiver,45,249,28,221,0.7715292451111111,4,0
138,158,Alberto Alcocer,receiver,85,527,31,496,0.8077906367058824,9,0
139,155,San Germán 57,donor,5,32,32,0,0.854851486,0,0
139,155,San Germán 57,receiver,63,390,120,270,0.6665869130158729,8,0
140,156,Sor Ángela de la Cruz,receiver,79,504,75,429,0.8041230435443038,21,0
141,154,Orense 36,donor,3,22,22,0,0.8440154633333332,0,0
141,154,Orense 36,receiver,93,601,66,535,0.7815998780645161,17,0
142,152,General Perón 1,receiver,1436,0,0,0,0.9985829448607243,180,0
143,153,General Perón con Poeta Joan Maragall,receiver,1436,0,0,0,0.9986321196239554,180,0
144,148,Serrano 210,receiver,84,388,44,344,0.8536951172619047,10,0
145,151,Orense 12,donor,21,134,134,0,0.7291375990476191,1,21
145,151,Orense 12,receiver,189,1212,111,1101,0.7596596795238095,29,189
146,149,Paseo de la Habana 42,donor,25,146,146,0,0.7076666344,1,0
146,149,Paseo de la Habana 42,receiver,114,546,45,501,0.8462961243859649,6,0
147,150,Castellana frente a Hermanos Pinzón,donor,4,22,22,0,0.6674893875,0,0
147,150,Castellana frente a Hermanos Pinzón,receiver,269,253,59,194,0.9754638300371746,33,0
148,147,Doctor Arce 45,receiver,91,599,168,431,0.7808284581318681,10,0
149,132,Glorieta de los Cuatro Caminos,donor,12,82,82,0,0.7935447875,2,0
149,132,Glorieta de los Cuatro Caminos,receiver,118,766,270,496,0.6977444198305084,18,0
150,133,Raimundo Fernández,receiver,211,1401,774,627,0.7779259804265404,28,0
151,136,Castellana 106,donor,40,253,253,0,0.81235193525,4,0
151,136,Castellana 106,receiver,90,617,307,310,0.8570827425555556,11,0
152,137,Plaza de la República Argentina,donor,5,35,35,0,0.87355135,0,0
152,137,Plaza de la República Argentina,receiver,118,626,194,432,0.8690288011864407,17,0
153,134,Agustín de Betancourt,donor,3,20,20,0,0.7438491566666666,0,0
153,134,Agustín de Betancourt,receiver,116,741,155,586,0.7501172457758621,26,0
154,138,Paseo de la Castellana con Raimundo Fernández,donor,15,93,93,0,0.740274376,2,0
154,138,Paseo de la Castellana con Raimundo Fernández,receiver,154,986,215,771,0.7852299435064936,34,0
155,146,María Francisca 1,donor,1,5,5,0,0.56639534,0,0
155,146,María Francisca 1,receiver,57,298,64,234,0.733367603859649,7,0
156,131,Bravo Murillo 44,donor,2,10,10,0,0.6695405249999999,0,0
156,131,Bravo Murillo 44,receiver,695,697,185,512,0.9648156958705035,86,0
157,130,Santa Engracia 127,donor,8,34,34,0,0.72006679,2,8
157,130,Santa Engracia 127,receiver,165,778,199,579,0.7517400862424243,25,165
158,135,Plaza de San Juan de la Cruz,receiver,203,1299,364,935,0.8138995999507389,28,0
159,139,José Gutiérrez Abascal ,donor,6,36,36,0,0.6758114333333333,0,0
159,139,José Gutiérrez Abascal ,receiver,119,805,397,408,0.8374566401680673,14,0
160,128,Cea Bermúdez,donor,2,13,13,0,0.660789435,1,0
160,128,Cea Bermúdez,receiver,60,448,136,312,0.7533425739999999,7,0
161,129,José Abascal,receiver,238,1575,504,1071,0.8032232652941176,27,238
162,140,Velázquez 130,donor,21,165,165,0,0.7855285947619047,0,0
162,140,Velázquez 130,receiver,228,1721,657,1064,0.8286230174122807,27,0
163,126,General Álvarez de Castro,donor,3,20,20,0,0.7522771666666667,0,3
163,126,General Álvarez de Castro,receiver,176,1172,463,709,0.7526195906818182,23,176
164,125,General Martínez Campos ,donor,6,35,35,0,0.5975743,0,6
164,125,General Martínez Campos ,receiver,353,2380,1116,1264,0.8364597567138811,40,353
165,141,Paseo de la Castellana - Glorieta de Emilio Castelar,donor,78,270,270,0,0.7561629403846154,2,78
165,141,Paseo de la Castellana - Glorieta de Emilio Castelar,receiver,482,1619,1035,584,0.8611173724896265,69,482
166,143,Diego de León 52,donor,3,20,20,0,0.6323952833333334,1,0
166,143,Diego de León 52,receiver,124,673,183,490,0.7996443405645162,12,0
167,142,Castellana 42,donor,14,87,87,0,0.7496500614285714,0,0
167,142,Castellana 42,receiver,225,1422,817,605,0.8589299921777778,12,0
168,127,Fernando el Católico,donor,26,152,152,0,0.7485919842307692,4,0
168,127,Fernando el Católico,receiver,57,365,156,209,0.6854489105263157,5,0
169,124,Manuel Silvela,donor,6,39,39,0,0.7311051000000001,1,0
169,124,Manuel Silvela,receiver,160,1057,357,700,0.745803689375,15,0
170,144,Juan Bravo 50,donor,9,55,55,0,0.7221789422222222,3,0
170,144,Juan Bravo 50,receiver,93,605,212,393,0.7499225577419355,8,0
171,145,Ortega y Gasset 87,donor,1,8,8,0,0.8162911,0,0
171,145,Ortega y Gasset 87,receiver,86,523,272,251,0.762905463372093,15,0
172,160,Colombia,donor,19,123,123,0,0.7527156794736842,1,0
172,160,Colombia,receiver,25,154,22,132,0.6888316212,4,0
173,159,Paseo de la Habana 63,receiver,20,122,13,109,0.7327756005,4,0
174,166,Segovia 26,donor,24,158,158,0,0.8524633679166667,3,0
174,166,Segovia 26,receiver,190,603,469,134,0.9033048641578947,23,0
175,167,Segovia 45,donor,42,259,259,0,0.7578875235714286,2,0
175,167,Segovia 45,receiver,53,335,154,181,0.6641890360377358,9,0
176,168,Batalla del Salado,donor,40,247,247,0,0.79706251375,4,0
176,168,Batalla del Salado,receiver,7,45,30,15,0.7097666014285714,1,0
177,169,Pirámides,donor,48,299,299,0,0.7516886452083332,5,0
177,169,Pirámides,receiver,41,253,145,108,0.6837177536585366,5,0
178,170,Paseo de la Esperanza,donor,65,427,427,0,0.8241121166153846,6,0
178,170,Paseo de la Esperanza,receiver,24,157,52,105,0.6196152975,2,0
179,171,Embajadores-Cáceres,donor,46,291,291,0,0.8119952741304348,2,0
179,171,Embajadores-Cáceres,receiver,38,234,167,67,0.6739139973684211,9,0
180,172,Delicias,donor,21,136,136,0,0.7544725242857142,3,0
180,172,Delicias,receiver,23,159,138,21,0.7520313495652174,0,0
181,173,Puente Praga,donor,187,1224,1224,0,0.8472702345989305,9,0
181,173,Puente Praga,receiver,17,100,45,55,0.6099411188235294,5,0
182,174,Madrid Río-Yeserías,donor,33,240,240,0,0.8447368575757576,2,0
182,174,Madrid Río-Yeserías,receiver,12,53,15,38,0.6543469716666667,0,0
183,175,Jaime el Conquistador,receiver,98,538,312,226,0.6956149646938775,14,0
184,176,Beata,donor,62,394,394,0,0.7961843319354839,5,0
184,176,Beata,receiver,129,335,242,93,0.9007639168217054,15,0
185,177,Legazpi,donor,45,272,272,0,0.7652888646666666,4,0
185,177,Legazpi,receiver,11,68,23,45,0.6565671045454545,3,0
186,178,Junta Municipal Retiro,donor,101,626,626,0,0.7929043745544554,7,0
186,178,Junta Municipal Retiro,receiver,17,114,92,22,0.7192118082352942,5,0
187,179,Puente de Vallecas,donor,151,962,962,0,0.8132745643046357,16,0
187,179,Puente de Vallecas,receiver,8,48,39,9,0.66281175375,1,0
188,180,Méndez Álvaro,donor,24,148,148,0,0.7919749116666667,1,0
188,180,Méndez Álvaro,receiver,6,35,26,9,0.643579205,3,0
189,181,Retiro-Ibiza,donor,17,126,126,0,0.7761012294117646,0,0
189,181,Retiro-Ibiza,receiver,57,436,317,119,0.7193682271929824,9,0
190,182,Parque Roma,donor,3,15,15,0,0.5734970533333333,0,0
190,182,Parque Roma,receiver,36,225,149,76,0.663125788611111,8,0
191,183,Doctor Esquerdo-Hermosilla,receiver,289,611,494,117,0.9466548874394465,41,0
192,184,Marqués de Zafra,donor,8,49,49,0,0.86261346375,0,0
192,184,Marqués de Zafra,receiver,94,583,399,184,0.7423470421276597,12,0
193,185,Quinta Fuente del Berro,receiver,108,689,472,217,0.7501042650925925,10,0
194,186,General Pardiñas,receiver,158,1001,581,420,0.7788662441772152,21,0
195,187,Alcalá-Ventas,donor,20,121,121,0,0.7894770744999999,3,0
195,187,Alcalá-Ventas,receiver,12,76,33,43,0.7369365133333333,1,0
196,188,Puente de Ventas,receiver,34,256,145,111,0.7488480438235294,5,0
197,189,Avenida Donostiarra,donor,3,16,16,0,0.6536376133333334,0,0
197,189,Avenida Donostiarra,receiver,60,382,155,227,0.714053587,10,0
198,190,Velázquez-Diego de León,donor,11,75,75,0,0.750028710909091,2,0
198,190,Velázquez-Diego de León,receiver,212,961,327,634,0.8651901325943396,19,0
199,191,Diego de león,receiver,121,638,241,397,0.7425784380991736,21,0
200,192,Avenida de los Toreros,receiver,168,1126,594,532,0.7972892185119048,30,0
201,193,Ventas,donor,2,13,13,0,0.6595457,2,0
201,193,Ventas,receiver,110,824,408,416,0.7482383147272728,13,0
202,194,Avenida de América 2,donor,2,12,12,0,0.576354075,0,2
202,194,Avenida de América 2,receiver,248,1653,749,904,0.8075083180241935,37,248
203,195,Avenida de América 1,receiver,453,1569,828,741,0.8967539693598234,55,0
204,196,Prosperidad,donor,4,26,26,0,0.79499945,0,0
204,196,Prosperidad,receiver,106,672,206,466,0.6842173039622642,12,0
205,197,Parque Berlín,donor,3,16,16,0,0.5893283533333333,0,0
205,197,Parque Berlín,receiver,50,317,45,272,0.740446675,6,0
206,198,Rubén Darío,donor,14,88,88,0,0.7028533571428571,2,0
206,198,Rubén Darío,receiver,241,1606,599,1007,0.8329040482157677,29,0
207,199,Fernando el Católico,receiver,26,170,77,93,0.7082705873076923,2,0
208,200,Quevedo,donor,13,80,80,0,0.7201961415384616,0,0
208,200,Quevedo,receiver,65,445,111,334,0.7403047755384615,10,0
209,201,Canal,receiver,90,572,104,468,0.7497022317777778,13,0
210,202,Parque Santander,donor,21,136,136,0,0.7860440819047618,4,0
210,202,Parque Santander,receiver,31,196,83,113,0.6628867783870968,2,0
211,203,San Francisco de Sales,donor,2,11,11,0,0.57667657,0,0
211,203,San Francisco de Sales,receiver,37,240,60,180,0.8349018559459459,7,0
212,204,Cuatro Caminos 2,donor,5,32,32,0,0.76656204,1,0
212,204,Cuatro Caminos 2,receiver,281,1697,870,827,0.7751464755160142,44,0
213,205,Estrecho,donor,29,181,181,0,0.8094498920689654,2,0
213,205,Estrecho,receiver,124,810,428,382,0.7111941315322581,10,0
214,206,Metro Tetuán,donor,5,30,30,0,0.8289730759999999,0,0
214,206,Metro Tetuán,receiver,95,482,192,290,0.7613191343157896,11,0
215,207,Remonta,donor,6,30,30,0,0.8617163933333334,0,0
215,207,Remonta,receiver,92,485,116,369,0.7251773822826088,11,0
216,208,Plaza de Castilla,receiver,60,376,40,336,0.7700694116666666,5,0
217,209,Plaza de Castilla 2,donor,4,26,26,0,0.8034977725,1,0
217,209,Plaza de Castilla 2,receiver,38,235,16,219,0.7896968489473684,6,0
218,210,Tres Cruces,receiver,662,1933,1496,437,0.9423052698791541,78,0
219,211,Desengaño,donor,42,267,267,0,0.7488491964285714,8,0
219,211,Desengaño,receiver,67,452,260,192,0.8153456007462686,8,0
220,212,Marqués de Vadillo,donor,117,771,771,0,0.8103220304273504,4,0
220,212,Marqués de Vadillo,receiver,36,241,95,146,0.6494150897222223,5,0
221,213,Glorieta de Cádiz,donor,167,1105,1078,27,0.8366561599401197,12,0
221,213,Glorieta de Cádiz,receiver,7,47,29,18,0.6823126014285714,1,0
222,214,Condesa de Venadito,donor,24,143,143,0,0.7571570062499999,1,0
222,214,Condesa de Venadito,receiver,146,938,372,566,0.8449737931506849,32,0
223,215,Gutierre de Cetina,donor,33,213,213,0,0.854514783030303,1,0
224,216,Puerta del Ángel,donor,95,610,610,0,0.7698503437894737,7,0
224,216,Puerta del Ángel,receiver,13,85,5,80,0.6142901076923077,1,0
225,217,Pedro Rico,receiver,12,75,17,58,0.8500838016666666,3,0
226,218,Camino Vinateros,donor,101,630,630,0,0.7863669798019802,14,0
226,218,Camino Vinateros,receiver,40,253,201,52,0.69815584975,6,0
227,219,Marroquina,donor,179,1212,1207,5,0.8760262643575419,16,0
227,219,Marroquina,receiver,1,7,6,1,0.7610796,0,0
228,220,Plaza del Encuentro,donor,74,496,496,0,0.8718035243243244,7,0
228,220,Plaza del Encuentro,receiver,33,214,121,93,0.7788396663636363,5,0
229,221,Pavones,donor,16,108,15,93,0.904091418125,2,0
229,221,Pavones,receiver,38,235,58,177,0.8250464426315789,5,0
230,222,Antonio López,donor,130,883,883,0,0.8294208178461538,11,0
230,222,Antonio López,receiver,19,121,63,58,0.7130768652631578,3,0
231,223,Ermita Santo,donor,46,280,280,0,0.7745049121739129,0,0
231,223,Ermita Santo,receiver,10,63,7,56,0.628803361,0,0
232,224,Caramuel,donor,155,1036,1036,0,0.8385078633548386,7,0
232,224,Caramuel,receiver,50,343,172,171,0.699456993,10,0
233,225,Doctor Lozano,donor,172,1163,1163,0,0.8933016645348838,18,0
233,225,Doctor Lozano,receiver,3,18,0,18,0.7124453666666667,1,0
234,226,Sierra Toledana,donor,71,463,415,48,0.8555306677464789,4,0
234,226,Sierra Toledana,receiver,28,175,77,98,0.6989284607142857,5,0
235,228,San Delfín,donor,165,1079,1079,0,0.8307633738181818,5,0
235,228,San Delfín,receiver,35,229,84,145,0.6531250717142858,5,0
236,227,Concordia,donor,126,804,724,80,0.8482613227777778,2,0
236,227,Concordia,receiver,35,221,80,141,0.6577775245714286,4,0
237,229,C.D. Concepción,donor,19,121,121,0,0.8588311436842105,2,0
237,229,C.D. Concepción,receiver,71,475,209,266,0.7948751066197183,10,0
238,230,Carlota O’Neill,donor,30,189,189,0,0.8553510259999999,2,0
238,230,Carlota O’Neill,receiver,39,248,37,211,0.7649618207692307,8,0
239,231,Derechos Humanos,donor,4,24,24,0,0.8039043674999999,1,0
239,231,Derechos Humanos,receiver,50,328,120,208,0.8067583454,7,0
240,232,José María Pereda,donor,15,90,90,0,0.8340645146666666,0,0
240,232,José María Pereda,receiver,79,503,234,269,0.7227041281012658,15,0
241,233,Marqués de Corbera 12,donor,34,210,210,0,0.7964956229411765,1,0
241,233,Marqués de Corbera 12,receiver,40,263,167,96,0.71553201825,3,0
242,234,Marqués de Corbera 52,donor,37,231,231,0,0.8199056324324324,1,0
242,234,Marqués de Corbera 52,receiver,6,41,35,6,0.7596197349999999,0,0
243,235,Embajadores 191,donor,120,787,755,32,0.8214161143333333,4,0
243,235,Embajadores 191,receiver,25,157,46,111,0.6810019988,3,0
244,236,Paseo Imperial,donor,43,259,259,0,0.7316724597674419,1,0
244,236,Paseo Imperial,receiver,28,182,100,82,0.6798422660714286,6,0
245,237,Pablo Iglesias,receiver,1436,0,0,0,0.9986364316573816,180,0
246,238,San Germán 5,receiver,75,475,104,371,0.7660891757333333,11,0
247,239,Francos Rodríguez,donor,21,125,125,0,0.6854641004761904,4,0
247,239,Francos Rodríguez,receiver,84,564,206,358,0.7224563475,9,0
248,240,Avenida Brasilia,donor,15,88,88,0,0.7352245266666667,2,0
248,240,Avenida Brasilia,receiver,121,784,479,305,0.833434352479339,13,0
249,241,Camilo José Cela,receiver,228,1496,717,779,0.8019642619298245,43,0
250,242,Avenida Bruselas,receiver,319,589,277,312,0.9490317099059561,44,0
251,243,Cartagena,receiver,144,935,473,462,0.7484729321527778,46,0
252,244,Hospital Clínico,donor,31,167,167,0,0.6904812932258065,11,0
252,244,Hospital Clínico,receiver,232,1573,873,700,0.8552343273706896,20,0
253,245,Galileo,donor,52,319,319,0,0.788734955,3,0
253,245,Galileo,receiver,131,867,478,389,0.7275593622137405,20,0
254,246,Santa Engracia 87,donor,2,12,12,0,0.69920245,1,2
254,246,Santa Engracia 87,receiver,203,1342,457,885,0.739891105369458,20,203
256,248,Torre Cepsa,donor,5,31,31,0,0.774005402,0,0
256,248,Torre Cepsa,receiver,32,208,23,185,0.7492308728125,13,0
257,249,Manuel Caldeiro,donor,3,24,24,0,0.9004749566666667,0,0
257,249,Manuel Caldeiro,receiver,20,0,0,0,0.9132035455,2,0
258,250,Serrano 113,donor,7,39,39,0,0.7129983071428571,0,0
258,250,Serrano 113,receiver,83,510,77,433,0.8161814225301205,11,0
259,251,Corazón de María,donor,15,93,93,0,0.8059275306666667,1,0
259,251,Corazón de María,receiver,33,213,27,186,0.7249837881818182,9,0
260,252,Chamartín,receiver,31,190,51,139,0.8044529261290322,5,0
261,253,Doctor Fleming,receiver,70,359,19,340,0.7820568235714286,13,0
262,254,Pío XII,donor,18,123,123,0,0.9257746138888889,0,0
262,254,Pío XII,receiver,6,38,0,38,0.7001004166666666,2,0
263,255,López Pozas,receiver,28,177,21,156,0.8155529582142858,6,0
264,256,Reina Victoria,donor,6,39,39,0,0.9070968966666667,1,0
264,256,Reina Victoria,receiver,44,283,56,227,0.7830831463636364,8,0
265,257,INEF,donor,23,136,136,0,0.7147890791304349,0,0
265,257,INEF,receiver,132,862,386,476,0.8464617946969697,7,0
266,258,Ciudad Universitaria 1,receiver,119,764,250,514,0.8575942461344538,10,0
267,259,Ciudad Universitaria 2,receiver,189,787,405,382,0.937129846031746,21,0
268,260,Facultad Biología,donor,16,103,103,0,0.75864822375,1,0
268,260,Facultad Biología,receiver,111,735,262,473,0.8629251518918919,13,0
269,261,Facultad Derecho,donor,17,112,112,0,0.8278344135294118,1,0
269,261,Facultad Derecho,receiver,44,289,11,278,0.8802981888636364,4,0
270,247,Zurbano,donor,1,3,3,0,0.54341096,0,0
270,247,Zurbano,receiver,328,2128,1037,1091,0.8287662848780487,49,0
